x y c
0 154 rgb255=236,238,235
1 154 rgb255=213,215,212
2 154 rgb255=180,182,179
3 154 rgb255=159,164,165
4 154 rgb255=160,167,170
5 154 rgb255=181,188,191
6 154 rgb255=205,212,215
7 154 rgb255=221,226,226
8 154 rgb255=237,238,234
9 154 rgb255=246,246,242
10 154 rgb255=250,251,246
11 154 rgb255=244,245,241
12 154 rgb255=232,234,231
13 154 rgb255=229,231,228
14 154 rgb255=216,218,215
15 154 rgb255=206,208,205
16 154 rgb255=218,220,215
17 154 rgb255=236,238,233
18 154 rgb255=236,238,233
19 154 rgb255=219,221,216
20 154 rgb255=197,199,195
21 154 rgb255=179,181,178
22 154 rgb255=195,197,194
23 154 rgb255=223,225,222
24 154 rgb255=238,240,236
25 154 rgb255=242,243,238
26 154 rgb255=247,247,242
27 154 rgb255=245,245,241
28 154 rgb255=243,244,239
29 154 rgb255=224,226,221
30 154 rgb255=211,213,208
31 154 rgb255=221,223,218
32 154 rgb255=255,255,255
33 154 rgb255=255,255,255
34 154 rgb255=255,255,255
35 154 rgb255=255,255,255
36 154 rgb255=255,255,255
37 154 rgb255=255,255,255
38 154 rgb255=255,255,255
39 154 rgb255=255,255,255
40 154 rgb255=255,255,255
41 154 rgb255=43,49,46
42 154 rgb255=32,40,34
43 154 rgb255=87,89,47
44 154 rgb255=127,126,73
45 154 rgb255=55,56,34
46 154 rgb255=48,46,45
47 154 rgb255=51,51,40
48 154 rgb255=87,93,52
49 154 rgb255=121,131,74
50 154 rgb255=113,128,60
51 154 rgb255=135,160,79
52 154 rgb255=126,159,77
53 154 rgb255=119,151,76
54 154 rgb255=122,149,72
55 154 rgb255=153,187,83
56 154 rgb255=155,193,81
57 154 rgb255=147,185,80
58 154 rgb255=175,197,75
59 154 rgb255=201,215,82
60 154 rgb255=162,196,82
61 154 rgb255=143,176,68
62 154 rgb255=188,208,79
63 154 rgb255=137,178,68
64 154 rgb255=94,136,65
65 154 rgb255=114,157,63
66 154 rgb255=87,117,43
67 154 rgb255=103,116,79
68 154 rgb255=70,81,38
69 154 rgb255=75,86,40
70 154 rgb255=74,84,48
71 154 rgb255=43,51,30
72 154 rgb255=39,45,33
73 154 rgb255=255,255,255
74 154 rgb255=255,255,255
75 154 rgb255=255,255,255
76 154 rgb255=255,255,255
77 154 rgb255=255,255,255
78 154 rgb255=255,255,255
79 154 rgb255=255,255,255
80 154 rgb255=255,255,255
81 154 rgb255=255,255,255
82 154 rgb255=227,229,226
83 154 rgb255=233,235,232
84 154 rgb255=231,233,230
85 154 rgb255=231,233,230
86 154 rgb255=226,229,222
87 154 rgb255=215,218,210
88 154 rgb255=205,207,206
89 154 rgb255=195,196,200
90 154 rgb255=191,193,192
91 154 rgb255=202,205,201
92 154 rgb255=169,178,181
93 154 rgb255=158,171,162
94 154 rgb255=136,153,119
95 154 rgb255=110,128,87
96 154 rgb255=116,134,94
97 154 rgb255=125,139,162
98 154 rgb255=126,145,232
99 154 rgb255=121,144,197
100 154 rgb255=113,126,100
101 154 rgb255=116,126,48
102 154 rgb255=104,121,40
103 154 rgb255=103,120,45
104 154 rgb255=102,119,43
105 154 rgb255=98,114,43
106 154 rgb255=103,118,53
107 154 rgb255=95,109,50
108 154 rgb255=98,113,55
109 154 rgb255=100,116,56
110 154 rgb255=94,109,48
111 154 rgb255=89,105,43
112 154 rgb255=79,94,32
113 154 rgb255=72,88,25
114 154 rgb255=255,255,255
115 154 rgb255=255,255,255
116 154 rgb255=255,255,255
117 154 rgb255=255,255,255
118 154 rgb255=255,255,255
119 154 rgb255=255,255,255
120 154 rgb255=255,255,255
121 154 rgb255=255,255,255
122 154 rgb255=255,255,255
123 154 rgb255=178,168,176
124 154 rgb255=175,165,173
125 154 rgb255=175,165,173
126 154 rgb255=175,165,173
127 154 rgb255=176,166,174
128 154 rgb255=176,166,174
129 154 rgb255=176,166,174
130 154 rgb255=176,166,174
131 154 rgb255=176,166,174
132 154 rgb255=176,166,174
133 154 rgb255=176,166,174
134 154 rgb255=176,166,174
135 154 rgb255=176,166,174
136 154 rgb255=176,166,174
137 154 rgb255=176,166,174
138 154 rgb255=176,166,174
139 154 rgb255=176,167,174
140 154 rgb255=176,166,174
141 154 rgb255=175,165,173
142 154 rgb255=174,164,172
143 154 rgb255=175,165,173
144 154 rgb255=175,165,173
145 154 rgb255=174,164,172
146 154 rgb255=174,164,172
147 154 rgb255=173,163,171
148 154 rgb255=171,161,169
149 154 rgb255=171,161,169
150 154 rgb255=171,161,169
151 154 rgb255=169,159,167
152 154 rgb255=168,159,166
153 154 rgb255=168,158,166
154 154 rgb255=168,159,167
155 154 rgb255=255,255,255
156 154 rgb255=255,255,255
157 154 rgb255=255,255,255
158 154 rgb255=255,255,255
159 154 rgb255=255,255,255
160 154 rgb255=255,255,255
161 154 rgb255=255,255,255
162 154 rgb255=255,255,255
163 154 rgb255=255,255,255
164 154 rgb255=250,250,248
165 154 rgb255=248,249,243
166 154 rgb255=247,248,239
167 154 rgb255=248,247,239
168 154 rgb255=249,246,239
169 154 rgb255=249,246,239
170 154 rgb255=248,246,238
171 154 rgb255=248,245,238
172 154 rgb255=247,244,238
173 154 rgb255=247,244,237
174 154 rgb255=247,243,237
175 154 rgb255=246,242,234
176 154 rgb255=245,239,229
177 154 rgb255=245,239,229
178 154 rgb255=246,240,230
179 154 rgb255=246,241,232
180 154 rgb255=246,243,236
181 154 rgb255=244,241,235
182 154 rgb255=242,240,233
183 154 rgb255=244,241,235
184 154 rgb255=247,244,237
185 154 rgb255=248,245,238
186 154 rgb255=247,244,237
187 154 rgb255=247,244,237
188 154 rgb255=246,244,236
189 154 rgb255=247,244,237
190 154 rgb255=249,246,239
191 154 rgb255=250,248,241
192 154 rgb255=250,249,243
193 154 rgb255=250,250,246
194 154 rgb255=250,250,246
195 154 rgb255=249,250,246
0 153 rgb255=243,245,242
1 153 rgb255=237,239,236
2 153 rgb255=230,232,229
3 153 rgb255=218,221,220
4 153 rgb255=214,217,218
5 153 rgb255=220,223,224
6 153 rgb255=229,232,233
7 153 rgb255=235,237,235
8 153 rgb255=234,235,230
9 153 rgb255=233,234,229
10 153 rgb255=247,248,243
11 153 rgb255=241,242,238
12 153 rgb255=216,218,215
13 153 rgb255=204,206,202
14 153 rgb255=182,184,181
15 153 rgb255=179,181,177
16 153 rgb255=202,204,199
17 153 rgb255=225,227,222
18 153 rgb255=233,235,230
19 153 rgb255=237,239,234
20 153 rgb255=240,242,238
21 153 rgb255=234,236,233
22 153 rgb255=238,240,237
23 153 rgb255=237,239,236
24 153 rgb255=240,242,238
25 153 rgb255=246,247,242
26 153 rgb255=240,241,236
27 153 rgb255=235,236,232
28 153 rgb255=242,243,238
29 153 rgb255=246,248,243
30 153 rgb255=244,246,241
31 153 rgb255=248,250,245
32 153 rgb255=255,255,255
33 153 rgb255=255,255,255
34 153 rgb255=255,255,255
35 153 rgb255=255,255,255
36 153 rgb255=255,255,255
37 153 rgb255=255,255,255
38 153 rgb255=255,255,255
39 153 rgb255=255,255,255
40 153 rgb255=255,255,255
41 153 rgb255=44,47,51
42 153 rgb255=38,42,42
43 153 rgb255=59,61,32
44 153 rgb255=136,134,87
45 153 rgb255=90,83,51
46 153 rgb255=50,43,36
47 153 rgb255=49,48,41
48 153 rgb255=63,70,43
49 153 rgb255=113,122,74
50 153 rgb255=100,113,52
51 153 rgb255=140,161,92
52 153 rgb255=129,157,86
53 153 rgb255=113,139,77
54 153 rgb255=119,141,81
55 153 rgb255=140,168,85
56 153 rgb255=149,182,86
57 153 rgb255=143,177,82
58 153 rgb255=166,188,77
59 153 rgb255=203,217,93
60 153 rgb255=159,192,79
61 153 rgb255=142,177,63
62 153 rgb255=189,210,82
63 153 rgb255=123,155,60
64 153 rgb255=91,125,63
65 153 rgb255=112,147,64
66 153 rgb255=86,109,40
67 153 rgb255=94,105,67
68 153 rgb255=60,70,32
69 153 rgb255=79,90,52
70 153 rgb255=66,74,47
71 153 rgb255=40,47,31
72 153 rgb255=40,46,34
73 153 rgb255=255,255,255
74 153 rgb255=255,255,255
75 153 rgb255=255,255,255
76 153 rgb255=255,255,255
77 153 rgb255=255,255,255
78 153 rgb255=255,255,255
79 153 rgb255=255,255,255
80 153 rgb255=255,255,255
81 153 rgb255=255,255,255
82 153 rgb255=224,222,223
83 153 rgb255=234,232,233
84 153 rgb255=232,231,231
85 153 rgb255=233,231,232
86 153 rgb255=224,225,220
87 153 rgb255=217,222,214
88 153 rgb255=174,179,177
89 153 rgb255=149,152,153
90 153 rgb255=141,146,141
91 153 rgb255=141,148,135
92 153 rgb255=126,138,124
93 153 rgb255=127,141,134
94 153 rgb255=118,135,111
95 153 rgb255=106,131,72
96 153 rgb255=129,150,117
97 153 rgb255=126,139,191
98 153 rgb255=123,144,231
99 153 rgb255=134,165,197
100 153 rgb255=120,145,91
101 153 rgb255=109,129,46
102 153 rgb255=102,127,56
103 153 rgb255=98,118,40
104 153 rgb255=97,114,34
105 153 rgb255=97,113,40
106 153 rgb255=93,108,40
107 153 rgb255=80,95,30
108 153 rgb255=88,103,41
109 153 rgb255=96,112,51
110 153 rgb255=82,98,36
111 153 rgb255=71,87,26
112 153 rgb255=61,77,17
113 153 rgb255=58,74,13
114 153 rgb255=255,255,255
115 153 rgb255=255,255,255
116 153 rgb255=255,255,255
117 153 rgb255=255,255,255
118 153 rgb255=255,255,255
119 153 rgb255=255,255,255
120 153 rgb255=255,255,255
121 153 rgb255=255,255,255
122 153 rgb255=255,255,255
123 153 rgb255=186,175,184
124 153 rgb255=182,172,180
125 153 rgb255=182,172,180
126 153 rgb255=183,173,181
127 153 rgb255=184,174,182
128 153 rgb255=184,174,182
129 153 rgb255=184,174,182
130 153 rgb255=184,174,182
131 153 rgb255=184,174,182
132 153 rgb255=184,174,182
133 153 rgb255=184,174,182
134 153 rgb255=184,174,182
135 153 rgb255=184,174,182
136 153 rgb255=184,174,182
137 153 rgb255=184,174,182
138 153 rgb255=184,174,182
139 153 rgb255=184,174,182
140 153 rgb255=184,174,182
141 153 rgb255=183,173,181
142 153 rgb255=183,173,181
143 153 rgb255=183,173,181
144 153 rgb255=182,172,180
145 153 rgb255=182,172,180
146 153 rgb255=182,172,180
147 153 rgb255=182,172,180
148 153 rgb255=180,170,178
149 153 rgb255=180,170,178
150 153 rgb255=180,170,178
151 153 rgb255=178,168,176
152 153 rgb255=178,168,176
153 153 rgb255=178,168,176
154 153 rgb255=178,170,177
155 153 rgb255=255,255,255
156 153 rgb255=255,255,255
157 153 rgb255=255,255,255
158 153 rgb255=255,255,255
159 153 rgb255=255,255,255
160 153 rgb255=255,255,255
161 153 rgb255=255,255,255
162 153 rgb255=255,255,255
163 153 rgb255=255,255,255
164 153 rgb255=250,251,245
165 153 rgb255=248,249,238
166 153 rgb255=247,247,234
167 153 rgb255=249,245,233
168 153 rgb255=250,244,233
169 153 rgb255=250,244,233
170 153 rgb255=250,244,233
171 153 rgb255=249,242,229
172 153 rgb255=246,240,225
173 153 rgb255=245,239,224
174 153 rgb255=244,238,223
175 153 rgb255=244,236,220
176 153 rgb255=241,232,214
177 153 rgb255=241,231,213
178 153 rgb255=242,232,214
179 153 rgb255=244,235,218
180 153 rgb255=244,238,222
181 153 rgb255=240,234,219
182 153 rgb255=237,231,217
183 153 rgb255=242,235,222
184 153 rgb255=246,239,227
185 153 rgb255=246,239,229
186 153 rgb255=244,237,227
187 153 rgb255=243,236,226
188 153 rgb255=242,235,225
189 153 rgb255=243,236,225
190 153 rgb255=247,241,230
191 153 rgb255=252,246,236
192 153 rgb255=252,249,239
193 153 rgb255=251,251,242
194 153 rgb255=251,252,243
195 153 rgb255=250,251,243
0 152 rgb255=247,249,246
1 152 rgb255=238,240,237
2 152 rgb255=232,235,232
3 152 rgb255=232,233,230
4 152 rgb255=230,230,227
5 152 rgb255=221,221,218
6 152 rgb255=222,222,218
7 152 rgb255=232,232,228
8 152 rgb255=234,235,230
9 152 rgb255=229,230,225
10 152 rgb255=235,236,231
11 152 rgb255=245,245,241
12 152 rgb255=242,244,239
13 152 rgb255=237,239,234
14 152 rgb255=228,230,225
15 152 rgb255=224,226,221
16 152 rgb255=226,228,223
17 152 rgb255=234,236,231
18 152 rgb255=239,241,236
19 152 rgb255=240,242,237
20 152 rgb255=244,246,241
21 152 rgb255=242,244,239
22 152 rgb255=243,245,241
23 152 rgb255=246,248,243
24 152 rgb255=245,247,243
25 152 rgb255=237,239,234
26 152 rgb255=204,206,201
27 152 rgb255=184,186,181
28 152 rgb255=189,191,186
29 152 rgb255=199,201,196
30 152 rgb255=214,215,211
31 152 rgb255=229,231,226
32 152 rgb255=255,255,255
33 152 rgb255=255,255,255
34 152 rgb255=255,255,255
35 152 rgb255=255,255,255
36 152 rgb255=255,255,255
37 152 rgb255=255,255,255
38 152 rgb255=255,255,255
39 152 rgb255=255,255,255
40 152 rgb255=255,255,255
41 152 rgb255=45,45,50
42 152 rgb255=43,43,44
43 152 rgb255=44,47,30
44 152 rgb255=110,108,71
45 152 rgb255=124,113,74
46 152 rgb255=53,46,32
47 152 rgb255=46,45,41
48 152 rgb255=46,54,39
49 152 rgb255=94,104,65
50 152 rgb255=97,109,59
51 152 rgb255=122,138,86
52 152 rgb255=138,158,104
53 152 rgb255=135,154,107
54 152 rgb255=141,155,115
55 152 rgb255=145,165,105
56 152 rgb255=143,169,94
57 152 rgb255=137,165,87
58 152 rgb255=149,170,79
59 152 rgb255=185,198,92
60 152 rgb255=149,178,75
61 152 rgb255=142,177,69
62 152 rgb255=175,197,81
63 152 rgb255=107,131,55
64 152 rgb255=94,122,67
65 152 rgb255=111,138,67
66 152 rgb255=90,108,41
67 152 rgb255=76,86,43
68 152 rgb255=65,75,40
69 152 rgb255=77,86,58
70 152 rgb255=51,58,40
71 152 rgb255=40,46,34
72 152 rgb255=43,49,37
73 152 rgb255=255,255,255
74 152 rgb255=255,255,255
75 152 rgb255=255,255,255
76 152 rgb255=255,255,255
77 152 rgb255=255,255,255
78 152 rgb255=255,255,255
79 152 rgb255=255,255,255
80 152 rgb255=255,255,255
81 152 rgb255=255,255,255
82 152 rgb255=201,199,197
83 152 rgb255=224,221,219
84 152 rgb255=220,217,215
85 152 rgb255=219,216,214
86 152 rgb255=210,212,208
87 152 rgb255=201,208,205
88 152 rgb255=138,144,146
89 152 rgb255=128,134,136
90 152 rgb255=125,132,127
91 152 rgb255=117,126,111
92 152 rgb255=116,129,99
93 152 rgb255=110,123,106
94 152 rgb255=116,130,109
95 152 rgb255=120,143,70
96 152 rgb255=129,144,115
97 152 rgb255=131,137,185
98 152 rgb255=125,143,198
99 152 rgb255=137,164,188
100 152 rgb255=125,148,99
101 152 rgb255=102,124,42
102 152 rgb255=99,128,48
103 152 rgb255=100,121,39
104 152 rgb255=90,107,26
105 152 rgb255=90,106,36
106 152 rgb255=90,104,38
107 152 rgb255=77,92,24
108 152 rgb255=78,94,30
109 152 rgb255=95,111,49
110 152 rgb255=80,96,36
111 152 rgb255=61,76,19
112 152 rgb255=54,69,14
113 152 rgb255=67,82,25
114 152 rgb255=255,255,255
115 152 rgb255=255,255,255
116 152 rgb255=255,255,255
117 152 rgb255=255,255,255
118 152 rgb255=255,255,255
119 152 rgb255=255,255,255
120 152 rgb255=255,255,255
121 152 rgb255=255,255,255
122 152 rgb255=255,255,255
123 152 rgb255=190,180,188
124 152 rgb255=188,178,186
125 152 rgb255=188,178,186
126 152 rgb255=188,178,186
127 152 rgb255=189,179,187
128 152 rgb255=189,179,187
129 152 rgb255=189,179,187
130 152 rgb255=189,179,187
131 152 rgb255=189,179,187
132 152 rgb255=189,179,187
133 152 rgb255=189,179,187
134 152 rgb255=189,179,187
135 152 rgb255=189,179,187
136 152 rgb255=189,179,187
137 152 rgb255=189,179,187
138 152 rgb255=189,179,187
139 152 rgb255=189,179,187
140 152 rgb255=189,179,187
141 152 rgb255=189,179,187
142 152 rgb255=189,179,187
143 152 rgb255=188,178,186
144 152 rgb255=188,178,186
145 152 rgb255=188,178,186
146 152 rgb255=187,177,185
147 152 rgb255=187,177,185
148 152 rgb255=186,176,184
149 152 rgb255=186,176,184
150 152 rgb255=186,176,184
151 152 rgb255=184,174,182
152 152 rgb255=184,174,182
153 152 rgb255=184,174,182
154 152 rgb255=185,176,183
155 152 rgb255=255,255,255
156 152 rgb255=255,255,255
157 152 rgb255=255,255,255
158 152 rgb255=255,255,255
159 152 rgb255=255,255,255
160 152 rgb255=255,255,255
161 152 rgb255=255,255,255
162 152 rgb255=255,255,255
163 152 rgb255=255,255,255
164 152 rgb255=251,251,244
165 152 rgb255=250,248,237
166 152 rgb255=250,245,233
167 152 rgb255=250,244,231
168 152 rgb255=250,244,231
169 152 rgb255=250,244,231
170 152 rgb255=250,243,230
171 152 rgb255=248,241,225
172 152 rgb255=245,237,219
173 152 rgb255=243,235,217
174 152 rgb255=242,234,216
175 152 rgb255=241,231,212
176 152 rgb255=239,226,206
177 152 rgb255=239,226,205
178 152 rgb255=241,228,207
179 152 rgb255=243,231,210
180 152 rgb255=243,235,213
181 152 rgb255=239,232,212
182 152 rgb255=240,232,215
183 152 rgb255=245,236,222
184 152 rgb255=248,238,226
185 152 rgb255=247,238,226
186 152 rgb255=245,236,224
187 152 rgb255=243,234,221
188 152 rgb255=242,232,218
189 152 rgb255=242,234,219
190 152 rgb255=246,239,226
191 152 rgb255=250,246,233
192 152 rgb255=250,248,236
193 152 rgb255=250,249,238
194 152 rgb255=250,249,240
195 152 rgb255=250,249,242
0 151 rgb255=247,249,246
1 151 rgb255=242,244,241
2 151 rgb255=236,238,235
3 151 rgb255=236,236,232
4 151 rgb255=234,233,228
5 151 rgb255=226,225,220
6 151 rgb255=221,220,216
7 151 rgb255=235,235,230
8 151 rgb255=248,249,244
9 151 rgb255=247,248,243
10 151 rgb255=240,241,236
11 151 rgb255=236,237,232
12 151 rgb255=243,246,239
13 151 rgb255=247,249,243
14 151 rgb255=236,238,231
15 151 rgb255=231,234,227
16 151 rgb255=224,226,221
17 151 rgb255=223,225,220
18 151 rgb255=227,229,224
19 151 rgb255=228,230,225
20 151 rgb255=235,238,231
21 151 rgb255=240,243,236
22 151 rgb255=244,247,240
23 151 rgb255=245,247,240
24 151 rgb255=219,222,216
25 151 rgb255=187,191,185
26 151 rgb255=184,188,183
27 151 rgb255=185,189,183
28 151 rgb255=163,167,162
29 151 rgb255=148,150,145
30 151 rgb255=158,160,155
31 151 rgb255=179,181,176
32 151 rgb255=255,255,255
33 151 rgb255=255,255,255
34 151 rgb255=255,255,255
35 151 rgb255=255,255,255
36 151 rgb255=255,255,255
37 151 rgb255=255,255,255
38 151 rgb255=255,255,255
39 151 rgb255=255,255,255
40 151 rgb255=255,255,255
41 151 rgb255=47,46,44
42 151 rgb255=53,52,44
43 151 rgb255=60,64,49
44 151 rgb255=91,94,63
45 151 rgb255=130,123,84
46 151 rgb255=65,62,43
47 151 rgb255=45,47,40
48 151 rgb255=50,59,47
49 151 rgb255=90,100,67
50 151 rgb255=102,112,73
51 151 rgb255=116,128,93
52 151 rgb255=163,177,140
53 151 rgb255=159,171,137
54 151 rgb255=149,157,127
55 151 rgb255=160,173,129
56 151 rgb255=159,177,123
57 151 rgb255=157,179,119
58 151 rgb255=160,180,110
59 151 rgb255=166,177,92
60 151 rgb255=137,162,76
61 151 rgb255=136,170,80
62 151 rgb255=148,170,75
63 151 rgb255=117,139,76
64 151 rgb255=113,140,86
65 151 rgb255=109,135,70
66 151 rgb255=102,120,49
67 151 rgb255=80,92,38
68 151 rgb255=75,86,49
69 151 rgb255=70,78,55
70 151 rgb255=40,47,33
71 151 rgb255=40,46,36
72 151 rgb255=43,49,37
73 151 rgb255=255,255,255
74 151 rgb255=255,255,255
75 151 rgb255=255,255,255
76 151 rgb255=255,255,255
77 151 rgb255=255,255,255
78 151 rgb255=255,255,255
79 151 rgb255=255,255,255
80 151 rgb255=255,255,255
81 151 rgb255=255,255,255
82 151 rgb255=185,188,172
83 151 rgb255=211,214,198
84 151 rgb255=212,215,199
85 151 rgb255=208,211,195
86 151 rgb255=202,208,196
87 151 rgb255=195,205,200
88 151 rgb255=141,150,148
89 151 rgb255=132,141,138
90 151 rgb255=127,138,125
91 151 rgb255=102,113,96
92 151 rgb255=119,127,111
93 151 rgb255=119,127,101
94 151 rgb255=141,147,108
95 151 rgb255=164,178,63
96 151 rgb255=165,172,80
97 151 rgb255=161,158,132
98 151 rgb255=155,164,148
99 151 rgb255=149,163,163
100 151 rgb255=139,148,98
101 151 rgb255=102,116,24
102 151 rgb255=97,123,21
103 151 rgb255=99,119,32
104 151 rgb255=97,113,37
105 151 rgb255=86,101,37
106 151 rgb255=80,94,32
107 151 rgb255=79,94,27
108 151 rgb255=78,94,28
109 151 rgb255=93,109,47
110 151 rgb255=83,98,39
111 151 rgb255=65,79,25
112 151 rgb255=60,74,24
113 151 rgb255=68,83,30
114 151 rgb255=255,255,255
115 151 rgb255=255,255,255
116 151 rgb255=255,255,255
117 151 rgb255=255,255,255
118 151 rgb255=255,255,255
119 151 rgb255=255,255,255
120 151 rgb255=255,255,255
121 151 rgb255=255,255,255
122 151 rgb255=255,255,255
123 151 rgb255=195,185,193
124 151 rgb255=193,183,191
125 151 rgb255=193,183,191
126 151 rgb255=193,183,191
127 151 rgb255=195,185,193
128 151 rgb255=195,185,193
129 151 rgb255=195,185,193
130 151 rgb255=195,185,193
131 151 rgb255=195,185,193
132 151 rgb255=195,185,193
133 151 rgb255=195,185,193
134 151 rgb255=195,185,193
135 151 rgb255=195,185,193
136 151 rgb255=195,185,193
137 151 rgb255=195,185,193
138 151 rgb255=195,185,193
139 151 rgb255=195,185,193
140 151 rgb255=195,185,193
141 151 rgb255=195,185,193
142 151 rgb255=195,185,193
143 151 rgb255=194,184,192
144 151 rgb255=193,183,191
145 151 rgb255=193,183,191
146 151 rgb255=193,183,191
147 151 rgb255=193,183,191
148 151 rgb255=192,182,190
149 151 rgb255=191,181,189
150 151 rgb255=191,181,189
151 151 rgb255=190,180,188
152 151 rgb255=189,179,187
153 151 rgb255=188,178,186
154 151 rgb255=190,180,188
155 151 rgb255=255,255,255
156 151 rgb255=255,255,255
157 151 rgb255=255,255,255
158 151 rgb255=255,255,255
159 151 rgb255=255,255,255
160 151 rgb255=255,255,255
161 151 rgb255=255,255,255
162 151 rgb255=255,255,255
163 151 rgb255=255,255,255
164 151 rgb255=251,250,244
165 151 rgb255=252,247,238
166 151 rgb255=251,244,233
167 151 rgb255=251,244,231
168 151 rgb255=250,244,230
169 151 rgb255=250,244,230
170 151 rgb255=249,243,229
171 151 rgb255=247,240,223
172 151 rgb255=243,235,216
173 151 rgb255=241,233,214
174 151 rgb255=239,230,211
175 151 rgb255=236,225,206
176 151 rgb255=236,221,200
177 151 rgb255=235,221,200
178 151 rgb255=236,221,200
179 151 rgb255=238,225,203
180 151 rgb255=239,231,208
181 151 rgb255=242,234,214
182 151 rgb255=245,236,220
183 151 rgb255=248,239,226
184 151 rgb255=249,239,227
185 151 rgb255=247,237,225
186 151 rgb255=245,235,223
187 151 rgb255=243,233,220
188 151 rgb255=243,233,217
189 151 rgb255=243,234,217
190 151 rgb255=246,240,225
191 151 rgb255=249,247,234
192 151 rgb255=250,248,237
193 151 rgb255=251,249,237
194 151 rgb255=251,249,240
195 151 rgb255=251,248,243
0 150 rgb255=239,241,238
1 150 rgb255=241,242,240
2 150 rgb255=246,248,245
3 150 rgb255=241,242,238
4 150 rgb255=234,234,230
5 150 rgb255=230,230,226
6 150 rgb255=228,228,224
7 150 rgb255=233,233,229
8 150 rgb255=236,237,232
9 150 rgb255=237,238,233
10 150 rgb255=240,241,236
11 150 rgb255=240,242,236
12 150 rgb255=235,238,230
13 150 rgb255=213,215,207
14 150 rgb255=194,197,188
15 150 rgb255=213,216,208
16 150 rgb255=224,226,221
17 150 rgb255=223,225,220
18 150 rgb255=225,227,222
19 150 rgb255=219,221,216
20 150 rgb255=230,233,226
21 150 rgb255=238,241,232
22 150 rgb255=234,237,229
23 150 rgb255=231,234,225
24 150 rgb255=173,177,169
25 150 rgb255=137,142,136
26 150 rgb255=146,152,145
27 150 rgb255=162,167,161
28 150 rgb255=172,177,171
29 150 rgb255=171,173,168
30 150 rgb255=181,183,178
31 150 rgb255=191,193,188
32 150 rgb255=255,255,255
33 150 rgb255=255,255,255
34 150 rgb255=255,255,255
35 150 rgb255=255,255,255
36 150 rgb255=255,255,255
37 150 rgb255=255,255,255
38 150 rgb255=255,255,255
39 150 rgb255=255,255,255
40 150 rgb255=255,255,255
41 150 rgb255=62,60,45
42 150 rgb255=80,79,56
43 150 rgb255=97,104,83
44 150 rgb255=110,120,93
45 150 rgb255=130,135,101
46 150 rgb255=105,109,88
47 150 rgb255=75,83,68
48 150 rgb255=80,91,72
49 150 rgb255=108,118,87
50 150 rgb255=106,115,87
51 150 rgb255=134,141,122
52 150 rgb255=155,162,141
53 150 rgb255=146,152,126
54 150 rgb255=141,146,115
55 150 rgb255=136,145,110
56 150 rgb255=137,150,111
57 150 rgb255=153,169,127
58 150 rgb255=165,184,136
59 150 rgb255=168,178,115
60 150 rgb255=140,159,97
61 150 rgb255=130,161,98
62 150 rgb255=136,157,89
63 150 rgb255=128,151,96
64 150 rgb255=115,145,87
65 150 rgb255=107,135,71
66 150 rgb255=113,133,56
67 150 rgb255=103,117,51
68 150 rgb255=79,90,48
69 150 rgb255=58,66,43
70 150 rgb255=38,44,31
71 150 rgb255=39,45,33
72 150 rgb255=41,47,35
73 150 rgb255=255,255,255
74 150 rgb255=255,255,255
75 150 rgb255=255,255,255
76 150 rgb255=255,255,255
77 150 rgb255=255,255,255
78 150 rgb255=255,255,255
79 150 rgb255=255,255,255
80 150 rgb255=255,255,255
81 150 rgb255=255,255,255
82 150 rgb255=158,170,133
83 150 rgb255=169,181,144
84 150 rgb255=176,188,151
85 150 rgb255=169,181,144
86 150 rgb255=166,180,146
87 150 rgb255=165,181,152
88 150 rgb255=137,151,125
89 150 rgb255=130,145,117
90 150 rgb255=134,151,110
91 150 rgb255=128,144,106
92 150 rgb255=159,165,139
93 150 rgb255=171,177,100
94 150 rgb255=170,169,75
95 150 rgb255=205,206,37
96 150 rgb255=222,216,41
97 150 rgb255=217,201,77
98 150 rgb255=195,191,83
99 150 rgb255=171,171,98
100 150 rgb255=174,169,65
101 150 rgb255=153,153,26
102 150 rgb255=118,134,15
103 150 rgb255=92,110,24
104 150 rgb255=86,101,33
105 150 rgb255=75,87,33
106 150 rgb255=58,71,19
107 150 rgb255=79,93,31
108 150 rgb255=85,101,35
109 150 rgb255=80,96,33
110 150 rgb255=73,89,31
111 150 rgb255=63,77,26
112 150 rgb255=58,71,25
113 150 rgb255=62,75,29
114 150 rgb255=255,255,255
115 150 rgb255=255,255,255
116 150 rgb255=255,255,255
117 150 rgb255=255,255,255
118 150 rgb255=255,255,255
119 150 rgb255=255,255,255
120 150 rgb255=255,255,255
121 150 rgb255=255,255,255
122 150 rgb255=255,255,255
123 150 rgb255=201,191,199
124 150 rgb255=199,189,197
125 150 rgb255=199,189,197
126 150 rgb255=199,189,197
127 150 rgb255=200,191,198
128 150 rgb255=200,191,198
129 150 rgb255=200,191,198
130 150 rgb255=200,191,198
131 150 rgb255=201,191,199
132 150 rgb255=201,191,199
133 150 rgb255=201,191,199
134 150 rgb255=200,190,198
135 150 rgb255=200,190,198
136 150 rgb255=200,190,198
137 150 rgb255=200,190,198
138 150 rgb255=201,191,199
139 150 rgb255=201,191,199
140 150 rgb255=201,191,199
141 150 rgb255=201,191,199
142 150 rgb255=200,191,198
143 150 rgb255=200,190,198
144 150 rgb255=199,189,197
145 150 rgb255=199,189,197
146 150 rgb255=199,189,197
147 150 rgb255=199,189,197
148 150 rgb255=198,188,196
149 150 rgb255=197,188,195
150 150 rgb255=197,187,195
151 150 rgb255=196,186,194
152 150 rgb255=195,185,193
153 150 rgb255=194,185,192
154 150 rgb255=196,186,194
155 150 rgb255=255,255,255
156 150 rgb255=255,255,255
157 150 rgb255=255,255,255
158 150 rgb255=255,255,255
159 150 rgb255=255,255,255
160 150 rgb255=255,255,255
161 150 rgb255=255,255,255
162 150 rgb255=255,255,255
163 150 rgb255=255,255,255
164 150 rgb255=250,249,243
165 150 rgb255=251,246,237
166 150 rgb255=250,243,232
167 150 rgb255=250,244,231
168 150 rgb255=251,245,231
169 150 rgb255=250,244,230
170 150 rgb255=248,241,227
171 150 rgb255=244,237,220
172 150 rgb255=240,233,214
173 150 rgb255=238,231,212
174 150 rgb255=236,228,209
175 150 rgb255=235,225,205
176 150 rgb255=237,222,201
177 150 rgb255=235,220,199
178 150 rgb255=233,218,197
179 150 rgb255=233,220,198
180 150 rgb255=236,228,204
181 150 rgb255=242,234,214
182 150 rgb255=245,236,220
183 150 rgb255=249,239,226
184 150 rgb255=250,240,227
185 150 rgb255=248,238,226
186 150 rgb255=247,237,225
187 150 rgb255=246,236,223
188 150 rgb255=246,235,219
189 150 rgb255=245,236,219
190 150 rgb255=247,241,226
191 150 rgb255=249,246,234
192 150 rgb255=250,248,236
193 150 rgb255=251,249,237
194 150 rgb255=251,248,239
195 150 rgb255=249,246,241
0 149 rgb255=226,228,225
1 149 rgb255=221,223,220
2 149 rgb255=219,221,218
3 149 rgb255=224,226,223
4 149 rgb255=227,229,227
5 149 rgb255=223,225,222
6 149 rgb255=232,234,231
7 149 rgb255=236,237,233
8 149 rgb255=227,227,222
9 149 rgb255=222,223,218
10 149 rgb255=228,228,223
11 149 rgb255=236,236,231
12 149 rgb255=221,224,215
13 149 rgb255=188,191,182
14 149 rgb255=186,189,180
15 149 rgb255=209,211,203
16 149 rgb255=218,220,214
17 149 rgb255=224,226,221
18 149 rgb255=223,225,220
19 149 rgb255=216,218,213
20 149 rgb255=227,230,222
21 149 rgb255=223,226,217
22 149 rgb255=208,211,202
23 149 rgb255=220,223,214
24 149 rgb255=205,210,202
25 149 rgb255=183,190,183
26 149 rgb255=180,186,179
27 149 rgb255=195,201,195
28 149 rgb255=195,201,195
29 149 rgb255=192,194,189
30 149 rgb255=205,207,202
31 149 rgb255=223,225,220
32 149 rgb255=255,255,255
33 149 rgb255=255,255,255
34 149 rgb255=255,255,255
35 149 rgb255=255,255,255
36 149 rgb255=255,255,255
37 149 rgb255=255,255,255
38 149 rgb255=255,255,255
39 149 rgb255=255,255,255
40 149 rgb255=255,255,255
41 149 rgb255=92,90,63
42 149 rgb255=109,107,73
43 149 rgb255=114,122,93
44 149 rgb255=115,130,104
45 149 rgb255=115,128,101
46 149 rgb255=109,121,98
47 149 rgb255=100,111,88
48 149 rgb255=100,112,85
49 149 rgb255=100,110,79
50 149 rgb255=100,107,87
51 149 rgb255=138,141,133
52 149 rgb255=155,158,148
53 149 rgb255=153,156,135
54 149 rgb255=143,146,113
55 149 rgb255=135,140,110
56 149 rgb255=131,139,110
57 149 rgb255=131,143,113
58 149 rgb255=130,148,114
59 149 rgb255=138,146,100
60 149 rgb255=126,142,97
61 149 rgb255=122,148,108
62 149 rgb255=118,139,93
63 149 rgb255=107,133,81
64 149 rgb255=107,140,78
65 149 rgb255=106,137,72
66 149 rgb255=112,137,53
67 149 rgb255=124,141,66
68 149 rgb255=80,91,47
69 149 rgb255=44,53,29
70 149 rgb255=36,42,28
71 149 rgb255=39,45,30
72 149 rgb255=40,46,33
73 149 rgb255=255,255,255
74 149 rgb255=255,255,255
75 149 rgb255=255,255,255
76 149 rgb255=255,255,255
77 149 rgb255=255,255,255
78 149 rgb255=255,255,255
79 149 rgb255=255,255,255
80 149 rgb255=255,255,255
81 149 rgb255=255,255,255
82 149 rgb255=144,165,110
83 149 rgb255=144,164,109
84 149 rgb255=147,167,113
85 149 rgb255=142,163,108
86 149 rgb255=142,163,106
87 149 rgb255=144,165,107
88 149 rgb255=142,163,107
89 149 rgb255=148,170,107
90 149 rgb255=154,178,101
91 149 rgb255=166,188,112
92 149 rgb255=190,202,102
93 149 rgb255=216,228,50
94 149 rgb255=219,214,49
95 149 rgb255=233,218,22
96 149 rgb255=237,211,13
97 149 rgb255=236,203,34
98 149 rgb255=219,202,33
99 149 rgb255=210,201,43
100 149 rgb255=221,210,26
101 149 rgb255=214,202,27
102 149 rgb255=148,150,21
103 149 rgb255=83,98,17
104 149 rgb255=69,84,21
105 149 rgb255=60,72,26
106 149 rgb255=45,57,14
107 149 rgb255=76,90,33
108 149 rgb255=77,93,30
109 149 rgb255=67,83,22
110 149 rgb255=64,80,21
111 149 rgb255=55,70,19
112 149 rgb255=47,59,18
113 149 rgb255=53,66,25
114 149 rgb255=255,255,255
115 149 rgb255=255,255,255
116 149 rgb255=255,255,255
117 149 rgb255=255,255,255
118 149 rgb255=255,255,255
119 149 rgb255=255,255,255
120 149 rgb255=255,255,255
121 149 rgb255=255,255,255
122 149 rgb255=255,255,255
123 149 rgb255=206,196,204
124 149 rgb255=203,193,201
125 149 rgb255=204,194,202
126 149 rgb255=204,195,202
127 149 rgb255=204,197,202
128 149 rgb255=205,198,203
129 149 rgb255=205,198,202
130 149 rgb255=204,198,202
131 149 rgb255=205,196,203
132 149 rgb255=206,195,203
133 149 rgb255=205,195,203
134 149 rgb255=205,195,203
135 149 rgb255=205,195,203
136 149 rgb255=205,195,203
137 149 rgb255=206,196,204
138 149 rgb255=206,196,204
139 149 rgb255=206,196,204
140 149 rgb255=206,196,204
141 149 rgb255=206,196,204
142 149 rgb255=206,196,204
143 149 rgb255=205,195,203
144 149 rgb255=205,195,203
145 149 rgb255=204,196,202
146 149 rgb255=203,197,201
147 149 rgb255=203,196,201
148 149 rgb255=201,195,199
149 149 rgb255=201,194,199
150 149 rgb255=202,193,200
151 149 rgb255=201,191,199
152 149 rgb255=201,191,199
153 149 rgb255=200,190,198
154 149 rgb255=202,192,200
155 149 rgb255=255,255,255
156 149 rgb255=255,255,255
157 149 rgb255=255,255,255
158 149 rgb255=255,255,255
159 149 rgb255=255,255,255
160 149 rgb255=255,255,255
161 149 rgb255=255,255,255
162 149 rgb255=255,255,255
163 149 rgb255=255,255,255
164 149 rgb255=250,249,243
165 149 rgb255=250,245,236
166 149 rgb255=250,243,230
167 149 rgb255=249,242,229
168 149 rgb255=249,243,229
169 149 rgb255=249,243,229
170 149 rgb255=247,241,226
171 149 rgb255=244,235,219
172 149 rgb255=241,230,213
173 149 rgb255=240,229,211
174 149 rgb255=239,228,210
175 149 rgb255=238,226,208
176 149 rgb255=236,222,204
177 149 rgb255=235,221,201
178 149 rgb255=234,221,198
179 149 rgb255=233,222,198
180 149 rgb255=237,229,208
181 149 rgb255=243,234,216
182 149 rgb255=248,237,223
183 149 rgb255=251,239,227
184 149 rgb255=251,240,228
185 149 rgb255=248,238,224
186 149 rgb255=240,232,218
187 149 rgb255=242,233,220
188 149 rgb255=247,238,223
189 149 rgb255=248,239,222
190 149 rgb255=248,243,228
191 149 rgb255=249,247,235
192 149 rgb255=248,249,238
193 149 rgb255=249,249,239
194 149 rgb255=249,249,240
195 149 rgb255=248,247,241
0 148 rgb255=237,238,235
1 148 rgb255=218,220,216
2 148 rgb255=193,195,191
3 148 rgb255=205,206,204
4 148 rgb255=217,219,218
5 148 rgb255=221,224,222
6 148 rgb255=216,214,211
7 148 rgb255=203,197,191
8 148 rgb255=216,210,204
9 148 rgb255=218,211,207
10 148 rgb255=214,205,200
11 148 rgb255=198,191,185
12 148 rgb255=226,228,220
13 148 rgb255=225,227,220
14 148 rgb255=226,228,221
15 148 rgb255=220,223,215
16 148 rgb255=221,225,218
17 148 rgb255=207,211,205
18 148 rgb255=201,205,199
19 148 rgb255=208,212,206
20 148 rgb255=212,215,207
21 148 rgb255=217,220,211
22 148 rgb255=214,217,208
23 148 rgb255=229,232,223
24 148 rgb255=240,244,236
25 148 rgb255=232,237,230
26 148 rgb255=216,221,214
27 148 rgb255=211,216,208
28 148 rgb255=228,233,226
29 148 rgb255=212,214,208
30 148 rgb255=207,210,203
31 148 rgb255=226,229,222
32 148 rgb255=255,255,255
33 148 rgb255=255,255,255
34 148 rgb255=255,255,255
35 148 rgb255=255,255,255
36 148 rgb255=255,255,255
37 148 rgb255=255,255,255
38 148 rgb255=255,255,255
39 148 rgb255=255,255,255
40 148 rgb255=255,255,255
41 148 rgb255=93,90,62
42 148 rgb255=113,110,79
43 148 rgb255=127,128,100
44 148 rgb255=125,131,103
45 148 rgb255=107,114,85
46 148 rgb255=105,113,86
47 148 rgb255=109,117,90
48 148 rgb255=100,109,81
49 148 rgb255=95,101,83
50 148 rgb255=108,112,105
51 148 rgb255=138,142,142
52 148 rgb255=160,164,165
53 148 rgb255=162,167,162
54 148 rgb255=151,154,140
55 148 rgb255=144,145,125
56 148 rgb255=141,143,121
57 148 rgb255=127,136,112
58 148 rgb255=119,136,101
59 148 rgb255=115,129,82
60 148 rgb255=109,126,82
61 148 rgb255=108,128,89
62 148 rgb255=101,121,78
63 148 rgb255=98,126,69
64 148 rgb255=115,145,90
65 148 rgb255=108,138,77
66 148 rgb255=109,140,56
67 148 rgb255=115,135,64
68 148 rgb255=65,75,36
69 148 rgb255=39,47,27
70 148 rgb255=37,44,29
71 148 rgb255=38,45,28
72 148 rgb255=38,44,32
73 148 rgb255=255,255,255
74 148 rgb255=255,255,255
75 148 rgb255=255,255,255
76 148 rgb255=255,255,255
77 148 rgb255=255,255,255
78 148 rgb255=255,255,255
79 148 rgb255=255,255,255
80 148 rgb255=255,255,255
81 148 rgb255=255,255,255
82 148 rgb255=149,173,114
83 148 rgb255=150,174,112
84 148 rgb255=151,174,118
85 148 rgb255=148,171,113
86 148 rgb255=141,164,97
87 148 rgb255=143,163,107
88 148 rgb255=148,168,119
89 148 rgb255=150,176,97
90 148 rgb255=157,184,89
91 148 rgb255=169,188,98
92 148 rgb255=210,206,41
93 148 rgb255=238,228,7
94 148 rgb255=238,217,16
95 148 rgb255=233,202,9
96 148 rgb255=227,189,7
97 148 rgb255=218,177,16
98 148 rgb255=221,190,18
99 148 rgb255=238,214,18
100 148 rgb255=232,211,3
101 148 rgb255=227,208,11
102 148 rgb255=164,157,16
103 148 rgb255=79,96,16
104 148 rgb255=62,82,18
105 148 rgb255=57,73,21
106 148 rgb255=56,71,22
107 148 rgb255=73,90,33
108 148 rgb255=63,79,26
109 148 rgb255=59,75,23
110 148 rgb255=55,79,8
111 148 rgb255=48,69,11
112 148 rgb255=49,60,36
113 148 rgb255=51,62,30
114 148 rgb255=255,255,255
115 148 rgb255=255,255,255
116 148 rgb255=255,255,255
117 148 rgb255=255,255,255
118 148 rgb255=255,255,255
119 148 rgb255=255,255,255
120 148 rgb255=255,255,255
121 148 rgb255=255,255,255
122 148 rgb255=255,255,255
123 148 rgb255=210,199,208
124 148 rgb255=206,196,204
125 148 rgb255=207,197,205
126 148 rgb255=208,200,206
127 148 rgb255=207,203,204
128 148 rgb255=209,205,206
129 148 rgb255=208,204,205
130 148 rgb255=208,204,205
131 148 rgb255=209,202,206
132 148 rgb255=210,200,208
133 148 rgb255=210,200,208
134 148 rgb255=211,201,209
135 148 rgb255=211,201,209
136 148 rgb255=212,202,210
137 148 rgb255=212,202,210
138 148 rgb255=212,202,210
139 148 rgb255=211,201,209
140 148 rgb255=211,201,209
141 148 rgb255=212,202,210
142 148 rgb255=211,201,209
143 148 rgb255=210,200,208
144 148 rgb255=210,200,208
145 148 rgb255=208,202,206
146 148 rgb255=207,203,204
147 148 rgb255=207,203,204
148 148 rgb255=205,202,202
149 148 rgb255=205,201,202
150 148 rgb255=206,198,204
151 148 rgb255=207,197,205
152 148 rgb255=207,197,205
153 148 rgb255=205,195,203
154 148 rgb255=208,197,206
155 148 rgb255=255,255,255
156 148 rgb255=255,255,255
157 148 rgb255=255,255,255
158 148 rgb255=255,255,255
159 148 rgb255=255,255,255
160 148 rgb255=255,255,255
161 148 rgb255=255,255,255
162 148 rgb255=255,255,255
163 148 rgb255=255,255,255
164 148 rgb255=250,248,244
165 148 rgb255=250,245,234
166 148 rgb255=250,244,228
167 148 rgb255=249,242,228
168 148 rgb255=248,242,228
169 148 rgb255=249,243,229
170 148 rgb255=248,241,226
171 148 rgb255=245,234,219
172 148 rgb255=244,229,213
173 148 rgb255=244,229,212
174 148 rgb255=242,228,211
175 148 rgb255=238,225,208
176 148 rgb255=235,224,207
177 148 rgb255=237,227,206
178 148 rgb255=241,232,207
179 148 rgb255=244,237,210
180 148 rgb255=245,241,216
181 148 rgb255=242,236,209
182 148 rgb255=237,227,199
183 148 rgb255=238,224,196
184 148 rgb255=238,221,197
185 148 rgb255=225,210,183
186 148 rgb255=199,188,162
187 148 rgb255=217,208,189
188 148 rgb255=244,235,218
189 148 rgb255=247,238,221
190 148 rgb255=248,242,227
191 148 rgb255=249,246,234
192 148 rgb255=248,248,238
193 148 rgb255=248,249,239
194 148 rgb255=248,249,240
195 148 rgb255=248,249,240
0 147 rgb255=253,254,249
1 147 rgb255=238,239,235
2 147 rgb255=221,222,217
3 147 rgb255=215,213,210
4 147 rgb255=210,210,208
5 147 rgb255=219,220,217
6 147 rgb255=203,192,186
7 147 rgb255=158,141,130
8 147 rgb255=177,164,152
9 147 rgb255=188,171,163
10 147 rgb255=174,152,143
11 147 rgb255=167,148,137
12 147 rgb255=237,237,230
13 147 rgb255=237,238,233
14 147 rgb255=240,241,236
15 147 rgb255=235,236,231
16 147 rgb255=218,223,215
17 147 rgb255=193,200,191
18 147 rgb255=190,197,188
19 147 rgb255=201,208,198
20 147 rgb255=196,201,191
21 147 rgb255=222,224,216
22 147 rgb255=239,242,233
23 147 rgb255=245,248,239
24 147 rgb255=244,246,238
25 147 rgb255=240,242,234
26 147 rgb255=231,233,225
27 147 rgb255=223,225,217
28 147 rgb255=235,237,229
29 147 rgb255=218,221,213
30 147 rgb255=202,205,196
31 147 rgb255=216,219,211
32 147 rgb255=255,255,255
33 147 rgb255=255,255,255
34 147 rgb255=255,255,255
35 147 rgb255=255,255,255
36 147 rgb255=255,255,255
37 147 rgb255=255,255,255
38 147 rgb255=255,255,255
39 147 rgb255=255,255,255
40 147 rgb255=255,255,255
41 147 rgb255=78,73,51
42 147 rgb255=80,76,52
43 147 rgb255=97,93,68
44 147 rgb255=115,111,84
45 147 rgb255=112,112,82
46 147 rgb255=109,111,84
47 147 rgb255=111,115,93
48 147 rgb255=110,117,98
49 147 rgb255=126,130,126
50 147 rgb255=135,138,143
51 147 rgb255=123,129,134
52 147 rgb255=138,147,154
53 147 rgb255=160,170,177
54 147 rgb255=144,149,152
55 147 rgb255=130,130,121
56 147 rgb255=152,154,137
57 147 rgb255=148,156,137
58 147 rgb255=114,130,95
59 147 rgb255=105,122,77
60 147 rgb255=101,119,73
61 147 rgb255=95,112,68
62 147 rgb255=91,111,63
63 147 rgb255=91,120,60
64 147 rgb255=101,128,79
65 147 rgb255=105,133,77
66 147 rgb255=107,138,60
67 147 rgb255=98,117,57
68 147 rgb255=46,55,26
69 147 rgb255=39,46,30
70 147 rgb255=41,47,33
71 147 rgb255=38,45,27
72 147 rgb255=40,46,34
73 147 rgb255=255,255,255
74 147 rgb255=255,255,255
75 147 rgb255=255,255,255
76 147 rgb255=255,255,255
77 147 rgb255=255,255,255
78 147 rgb255=255,255,255
79 147 rgb255=255,255,255
80 147 rgb255=255,255,255
81 147 rgb255=255,255,255
82 147 rgb255=149,173,115
83 147 rgb255=153,177,113
84 147 rgb255=152,175,122
85 147 rgb255=149,173,116
86 147 rgb255=144,168,90
87 147 rgb255=138,160,85
88 147 rgb255=144,165,111
89 147 rgb255=149,173,103
90 147 rgb255=153,175,97
91 147 rgb255=163,172,92
92 147 rgb255=221,197,27
93 147 rgb255=243,208,8
94 147 rgb255=226,190,6
95 147 rgb255=209,168,5
96 147 rgb255=202,157,9
97 147 rgb255=183,140,8
98 147 rgb255=195,156,11
99 147 rgb255=230,193,13
100 147 rgb255=223,192,1
101 147 rgb255=224,199,8
102 147 rgb255=195,182,30
103 147 rgb255=88,102,33
104 147 rgb255=57,74,27
105 147 rgb255=55,70,20
106 147 rgb255=53,71,17
107 147 rgb255=66,87,24
108 147 rgb255=55,73,14
109 147 rgb255=56,74,21
110 147 rgb255=66,95,10
111 147 rgb255=51,76,9
112 147 rgb255=54,64,41
113 147 rgb255=57,70,23
114 147 rgb255=255,255,255
115 147 rgb255=255,255,255
116 147 rgb255=255,255,255
117 147 rgb255=255,255,255
118 147 rgb255=255,255,255
119 147 rgb255=255,255,255
120 147 rgb255=255,255,255
121 147 rgb255=255,255,255
122 147 rgb255=255,255,255
123 147 rgb255=214,204,212
124 147 rgb255=210,200,208
125 147 rgb255=212,202,210
126 147 rgb255=212,204,210
127 147 rgb255=212,207,209
128 147 rgb255=213,209,210
129 147 rgb255=213,209,210
130 147 rgb255=213,209,209
131 147 rgb255=213,208,211
132 147 rgb255=214,208,212
133 147 rgb255=214,208,212
134 147 rgb255=214,207,211
135 147 rgb255=213,207,211
136 147 rgb255=214,208,212
137 147 rgb255=215,208,212
138 147 rgb255=215,208,213
139 147 rgb255=215,209,213
140 147 rgb255=215,208,212
141 147 rgb255=214,207,211
142 147 rgb255=214,207,211
143 147 rgb255=214,208,212
144 147 rgb255=215,208,212
145 147 rgb255=214,209,211
146 147 rgb255=213,209,210
147 147 rgb255=213,209,210
148 147 rgb255=212,208,209
149 147 rgb255=211,207,208
150 147 rgb255=212,204,210
151 147 rgb255=213,202,211
152 147 rgb255=213,203,211
153 147 rgb255=211,201,209
154 147 rgb255=214,203,212
155 147 rgb255=255,255,255
156 147 rgb255=255,255,255
157 147 rgb255=255,255,255
158 147 rgb255=255,255,255
159 147 rgb255=255,255,255
160 147 rgb255=255,255,255
161 147 rgb255=255,255,255
162 147 rgb255=255,255,255
163 147 rgb255=255,255,255
164 147 rgb255=250,248,244
165 147 rgb255=250,245,234
166 147 rgb255=249,243,227
167 147 rgb255=248,242,227
168 147 rgb255=248,242,227
169 147 rgb255=247,241,227
170 147 rgb255=245,238,223
171 147 rgb255=243,232,214
172 147 rgb255=243,229,208
173 147 rgb255=243,228,207
174 147 rgb255=241,227,206
175 147 rgb255=239,228,205
176 147 rgb255=240,236,211
177 147 rgb255=246,242,218
178 147 rgb255=250,246,222
179 147 rgb255=250,247,221
180 147 rgb255=242,245,209
181 147 rgb255=232,233,186
182 147 rgb255=211,210,150
183 147 rgb255=202,197,131
184 147 rgb255=204,190,130
185 147 rgb255=193,178,120
186 147 rgb255=182,170,118
187 147 rgb255=212,202,163
188 147 rgb255=239,230,202
189 147 rgb255=240,231,208
190 147 rgb255=242,231,213
191 147 rgb255=242,231,217
192 147 rgb255=246,235,221
193 147 rgb255=250,244,228
194 147 rgb255=252,249,236
195 147 rgb255=248,249,239
0 146 rgb255=251,252,247
1 146 rgb255=245,246,241
2 146 rgb255=244,245,240
3 146 rgb255=239,236,233
4 146 rgb255=227,228,225
5 146 rgb255=226,228,223
6 146 rgb255=210,197,189
7 146 rgb255=161,142,127
8 146 rgb255=130,116,97
9 146 rgb255=136,117,103
10 146 rgb255=175,151,133
11 146 rgb255=185,165,145
12 146 rgb255=212,211,205
13 146 rgb255=219,220,215
14 146 rgb255=240,241,235
15 146 rgb255=232,234,228
16 146 rgb255=221,227,218
17 146 rgb255=223,230,220
18 146 rgb255=216,223,213
19 146 rgb255=192,199,188
20 146 rgb255=167,171,161
21 146 rgb255=201,203,195
22 146 rgb255=223,226,217
23 146 rgb255=231,234,225
24 146 rgb255=236,239,230
25 146 rgb255=237,238,230
26 146 rgb255=235,236,228
27 146 rgb255=232,233,225
28 146 rgb255=239,240,232
29 146 rgb255=234,237,228
30 146 rgb255=228,231,222
31 146 rgb255=234,237,228
32 146 rgb255=255,255,255
33 146 rgb255=255,255,255
34 146 rgb255=255,255,255
35 146 rgb255=255,255,255
36 146 rgb255=255,255,255
37 146 rgb255=255,255,255
38 146 rgb255=255,255,255
39 146 rgb255=255,255,255
40 146 rgb255=255,255,255
41 146 rgb255=86,81,58
42 146 rgb255=77,72,50
43 146 rgb255=89,84,62
44 146 rgb255=90,87,63
45 146 rgb255=91,91,67
46 146 rgb255=103,105,88
47 146 rgb255=116,120,110
48 146 rgb255=142,148,144
49 146 rgb255=154,160,163
50 146 rgb255=128,136,143
51 146 rgb255=109,120,128
52 146 rgb255=124,137,148
53 146 rgb255=155,169,180
54 146 rgb255=143,154,161
55 146 rgb255=107,112,108
56 146 rgb255=136,143,132
57 146 rgb255=161,174,163
58 146 rgb255=117,132,109
59 146 rgb255=119,134,101
60 146 rgb255=114,130,93
61 146 rgb255=92,109,67
62 146 rgb255=92,112,62
63 146 rgb255=95,120,63
64 146 rgb255=101,124,76
65 146 rgb255=103,128,74
66 146 rgb255=110,137,65
67 146 rgb255=90,107,59
68 146 rgb255=40,47,27
69 146 rgb255=43,49,35
70 146 rgb255=42,49,33
71 146 rgb255=38,46,26
72 146 rgb255=40,46,32
73 146 rgb255=255,255,255
74 146 rgb255=255,255,255
75 146 rgb255=255,255,255
76 146 rgb255=255,255,255
77 146 rgb255=255,255,255
78 146 rgb255=255,255,255
79 146 rgb255=255,255,255
80 146 rgb255=255,255,255
81 146 rgb255=255,255,255
82 146 rgb255=152,176,118
83 146 rgb255=153,178,110
84 146 rgb255=150,173,115
85 146 rgb255=147,171,111
86 146 rgb255=149,172,103
87 146 rgb255=140,161,93
88 146 rgb255=141,165,101
89 146 rgb255=151,171,112
90 146 rgb255=174,190,103
91 146 rgb255=197,203,69
92 146 rgb255=217,190,22
93 146 rgb255=216,176,10
94 146 rgb255=196,154,12
95 146 rgb255=164,118,2
96 146 rgb255=149,101,2
97 146 rgb255=139,95,1
98 146 rgb255=157,115,6
99 146 rgb255=190,148,13
100 146 rgb255=194,156,3
101 146 rgb255=222,192,19
102 146 rgb255=196,179,31
103 146 rgb255=73,75,24
104 146 rgb255=51,59,27
105 146 rgb255=50,62,19
106 146 rgb255=48,65,9
107 146 rgb255=51,72,6
108 146 rgb255=66,86,8
109 146 rgb255=64,82,20
110 146 rgb255=63,85,18
111 146 rgb255=46,65,11
112 146 rgb255=53,62,20
113 146 rgb255=61,75,6
114 146 rgb255=255,255,255
115 146 rgb255=255,255,255
116 146 rgb255=255,255,255
117 146 rgb255=255,255,255
118 146 rgb255=255,255,255
119 146 rgb255=255,255,255
120 146 rgb255=255,255,255
121 146 rgb255=255,255,255
122 146 rgb255=255,255,255
123 146 rgb255=219,209,217
124 146 rgb255=215,205,213
125 146 rgb255=217,206,215
126 146 rgb255=217,209,215
127 146 rgb255=216,212,213
128 146 rgb255=217,213,214
129 146 rgb255=217,213,214
130 146 rgb255=217,213,214
131 146 rgb255=217,213,214
132 146 rgb255=218,214,216
133 146 rgb255=222,219,220
134 146 rgb255=225,222,223
135 146 rgb255=228,224,226
136 146 rgb255=230,226,228
137 146 rgb255=229,226,227
138 146 rgb255=229,225,227
139 146 rgb255=229,225,227
140 146 rgb255=228,225,226
141 146 rgb255=226,222,224
142 146 rgb255=221,218,219
143 146 rgb255=217,214,215
144 146 rgb255=217,213,214
145 146 rgb255=217,213,215
146 146 rgb255=218,214,215
147 146 rgb255=218,214,215
148 146 rgb255=217,213,214
149 146 rgb255=217,212,214
150 146 rgb255=218,210,215
151 146 rgb255=218,208,216
152 146 rgb255=218,208,216
153 146 rgb255=217,207,215
154 146 rgb255=220,209,218
155 146 rgb255=255,255,255
156 146 rgb255=255,255,255
157 146 rgb255=255,255,255
158 146 rgb255=255,255,255
159 146 rgb255=255,255,255
160 146 rgb255=255,255,255
161 146 rgb255=255,255,255
162 146 rgb255=255,255,255
163 146 rgb255=255,255,255
164 146 rgb255=250,248,244
165 146 rgb255=248,243,232
166 146 rgb255=247,240,224
167 146 rgb255=246,239,224
168 146 rgb255=246,239,224
169 146 rgb255=245,236,222
170 146 rgb255=237,227,210
171 146 rgb255=226,213,191
172 146 rgb255=227,211,185
173 146 rgb255=236,221,194
174 146 rgb255=241,227,200
175 146 rgb255=244,235,207
176 146 rgb255=245,244,214
177 146 rgb255=249,250,222
178 146 rgb255=250,250,227
179 146 rgb255=247,249,228
180 146 rgb255=240,246,213
181 146 rgb255=229,235,185
182 146 rgb255=201,207,134
183 146 rgb255=171,175,85
184 146 rgb255=161,161,69
185 146 rgb255=158,157,67
186 146 rgb255=173,173,94
187 146 rgb255=205,204,143
188 146 rgb255=229,224,184
189 146 rgb255=240,232,205
190 146 rgb255=244,232,210
191 146 rgb255=237,221,201
192 146 rgb255=229,212,189
193 146 rgb255=231,216,191
194 146 rgb255=243,233,214
195 146 rgb255=248,246,235
0 145 rgb255=251,252,247
1 145 rgb255=246,247,242
2 145 rgb255=246,247,242
3 145 rgb255=247,246,242
4 145 rgb255=243,245,242
5 145 rgb255=241,243,239
6 145 rgb255=222,210,202
7 145 rgb255=170,152,136
8 145 rgb255=96,83,62
9 145 rgb255=102,85,68
10 145 rgb255=186,164,141
11 145 rgb255=195,175,151
12 145 rgb255=204,204,196
13 145 rgb255=206,207,202
14 145 rgb255=235,236,230
15 145 rgb255=241,242,236
16 145 rgb255=235,240,231
17 145 rgb255=224,230,220
18 145 rgb255=201,207,197
19 145 rgb255=168,174,164
20 145 rgb255=156,160,150
21 145 rgb255=195,198,189
22 145 rgb255=210,213,204
23 145 rgb255=207,210,201
24 145 rgb255=212,214,206
25 145 rgb255=220,221,213
26 145 rgb255=223,224,216
27 145 rgb255=216,217,209
28 145 rgb255=219,220,212
29 145 rgb255=223,226,217
30 145 rgb255=221,224,215
31 145 rgb255=225,228,219
32 145 rgb255=255,255,255
33 145 rgb255=255,255,255
34 145 rgb255=255,255,255
35 145 rgb255=255,255,255
36 145 rgb255=255,255,255
37 145 rgb255=255,255,255
38 145 rgb255=255,255,255
39 145 rgb255=255,255,255
40 145 rgb255=255,255,255
41 145 rgb255=91,86,64
42 145 rgb255=78,73,53
43 145 rgb255=85,79,61
44 145 rgb255=72,69,52
45 145 rgb255=64,65,50
46 145 rgb255=98,100,93
47 145 rgb255=130,135,137
48 145 rgb255=158,164,172
49 145 rgb255=168,176,185
50 145 rgb255=151,162,171
51 145 rgb255=125,139,150
52 145 rgb255=128,145,158
53 145 rgb255=150,168,182
54 145 rgb255=154,170,179
55 145 rgb255=113,123,124
56 145 rgb255=131,142,139
57 145 rgb255=148,165,163
58 145 rgb255=99,114,101
59 145 rgb255=128,140,120
60 145 rgb255=132,146,121
61 145 rgb255=94,110,73
62 145 rgb255=91,110,60
63 145 rgb255=94,115,61
64 145 rgb255=101,120,74
65 145 rgb255=105,125,75
66 145 rgb255=100,122,59
67 145 rgb255=73,86,50
68 145 rgb255=42,48,34
69 145 rgb255=55,61,46
70 145 rgb255=43,51,32
71 145 rgb255=39,47,26
72 145 rgb255=42,48,32
73 145 rgb255=255,255,255
74 145 rgb255=255,255,255
75 145 rgb255=255,255,255
76 145 rgb255=255,255,255
77 145 rgb255=255,255,255
78 145 rgb255=255,255,255
79 145 rgb255=255,255,255
80 145 rgb255=255,255,255
81 145 rgb255=255,255,255
82 145 rgb255=153,176,120
83 145 rgb255=151,177,105
84 145 rgb255=149,173,109
85 145 rgb255=146,171,106
86 145 rgb255=151,172,112
87 145 rgb255=145,165,106
88 145 rgb255=138,163,95
89 145 rgb255=157,173,119
90 145 rgb255=185,192,89
91 145 rgb255=221,220,34
92 145 rgb255=219,188,13
93 145 rgb255=195,151,12
94 145 rgb255=158,112,4
95 145 rgb255=141,94,6
96 145 rgb255=138,91,11
97 145 rgb255=137,94,7
98 145 rgb255=141,100,3
99 145 rgb255=148,101,3
100 145 rgb255=168,123,4
101 145 rgb255=217,184,20
102 145 rgb255=193,174,15
103 145 rgb255=85,80,6
104 145 rgb255=64,67,12
105 145 rgb255=75,86,30
106 145 rgb255=61,78,19
107 145 rgb255=80,99,27
108 145 rgb255=89,108,22
109 145 rgb255=68,84,27
110 145 rgb255=55,72,26
111 145 rgb255=50,62,22
112 145 rgb255=78,82,25
113 145 rgb255=104,116,21
114 145 rgb255=255,255,255
115 145 rgb255=255,255,255
116 145 rgb255=255,255,255
117 145 rgb255=255,255,255
118 145 rgb255=255,255,255
119 145 rgb255=255,255,255
120 145 rgb255=255,255,255
121 145 rgb255=255,255,255
122 145 rgb255=255,255,255
123 145 rgb255=223,213,221
124 145 rgb255=220,210,218
125 145 rgb255=221,211,219
126 145 rgb255=220,212,218
127 145 rgb255=220,215,217
128 145 rgb255=220,216,217
129 145 rgb255=220,216,217
130 145 rgb255=220,216,217
131 145 rgb255=218,216,216
132 145 rgb255=217,216,215
133 145 rgb255=233,233,232
134 145 rgb255=242,241,240
135 145 rgb255=243,242,241
136 145 rgb255=242,241,240
137 145 rgb255=238,237,236
138 145 rgb255=235,234,233
139 145 rgb255=235,234,233
140 145 rgb255=236,236,235
141 145 rgb255=237,236,235
142 145 rgb255=229,229,228
143 145 rgb255=215,214,213
144 145 rgb255=219,218,217
145 145 rgb255=221,219,219
146 145 rgb255=222,218,219
147 145 rgb255=221,217,218
148 145 rgb255=220,216,217
149 145 rgb255=220,216,217
150 145 rgb255=222,214,219
151 145 rgb255=223,213,221
152 145 rgb255=222,212,220
153 145 rgb255=221,211,219
154 145 rgb255=224,214,222
155 145 rgb255=255,255,255
156 145 rgb255=255,255,255
157 145 rgb255=255,255,255
158 145 rgb255=255,255,255
159 145 rgb255=255,255,255
160 145 rgb255=255,255,255
161 145 rgb255=255,255,255
162 145 rgb255=255,255,255
163 145 rgb255=255,255,255
164 145 rgb255=250,248,244
165 145 rgb255=247,243,231
166 145 rgb255=246,239,222
167 145 rgb255=245,238,220
168 145 rgb255=245,234,218
169 145 rgb255=245,228,209
170 145 rgb255=233,211,184
171 145 rgb255=211,186,153
172 145 rgb255=208,188,153
173 145 rgb255=230,216,181
174 145 rgb255=243,229,197
175 145 rgb255=244,230,202
176 145 rgb255=240,232,204
177 145 rgb255=243,241,208
178 145 rgb255=245,248,216
179 145 rgb255=247,251,227
180 145 rgb255=246,252,229
181 145 rgb255=243,248,218
182 145 rgb255=225,229,178
183 145 rgb255=181,187,113
184 145 rgb255=148,158,71
185 145 rgb255=141,150,66
186 145 rgb255=167,172,98
187 145 rgb255=206,206,146
188 145 rgb255=235,230,186
189 145 rgb255=246,242,208
190 145 rgb255=245,243,208
191 145 rgb255=235,231,188
192 145 rgb255=223,212,161
193 145 rgb255=216,197,149
194 145 rgb255=213,194,159
195 145 rgb255=233,222,208
0 144 rgb255=233,234,229
1 144 rgb255=244,245,240
2 144 rgb255=247,248,243
3 144 rgb255=249,248,244
4 144 rgb255=248,251,248
5 144 rgb255=249,253,249
6 144 rgb255=232,222,214
7 144 rgb255=143,126,113
8 144 rgb255=62,50,36
9 144 rgb255=74,58,47
10 144 rgb255=155,134,116
11 144 rgb255=185,166,145
12 144 rgb255=192,191,183
13 144 rgb255=226,228,221
14 144 rgb255=240,241,234
15 144 rgb255=246,247,240
16 144 rgb255=244,247,239
17 144 rgb255=236,240,231
18 144 rgb255=209,214,204
19 144 rgb255=192,196,187
20 144 rgb255=191,194,185
21 144 rgb255=206,209,200
22 144 rgb255=222,225,216
23 144 rgb255=226,229,220
24 144 rgb255=225,227,218
25 144 rgb255=226,227,219
26 144 rgb255=219,220,212
27 144 rgb255=207,208,200
28 144 rgb255=198,199,191
29 144 rgb255=208,211,202
30 144 rgb255=195,198,189
31 144 rgb255=194,197,188
32 144 rgb255=255,255,255
33 144 rgb255=255,255,255
34 144 rgb255=255,255,255
35 144 rgb255=255,255,255
36 144 rgb255=255,255,255
37 144 rgb255=255,255,255
38 144 rgb255=255,255,255
39 144 rgb255=255,255,255
40 144 rgb255=255,255,255
41 144 rgb255=83,78,55
42 144 rgb255=66,61,44
43 144 rgb255=73,66,53
44 144 rgb255=60,56,47
45 144 rgb255=54,55,52
46 144 rgb255=115,118,120
47 144 rgb255=155,160,169
48 144 rgb255=167,173,186
49 144 rgb255=174,182,192
50 144 rgb255=166,177,186
51 144 rgb255=137,151,162
52 144 rgb255=131,148,161
53 144 rgb255=148,167,180
54 144 rgb255=163,181,191
55 144 rgb255=130,143,145
56 144 rgb255=135,147,149
57 144 rgb255=149,167,171
58 144 rgb255=86,102,93
59 144 rgb255=107,119,107
60 144 rgb255=136,148,135
61 144 rgb255=95,110,83
62 144 rgb255=107,123,81
63 144 rgb255=98,114,66
64 144 rgb255=103,118,74
65 144 rgb255=96,112,65
66 144 rgb255=85,101,49
67 144 rgb255=59,69,39
68 144 rgb255=52,59,42
69 144 rgb255=65,72,51
70 144 rgb255=48,56,34
71 144 rgb255=43,51,31
72 144 rgb255=43,50,33
73 144 rgb255=255,255,255
74 144 rgb255=255,255,255
75 144 rgb255=255,255,255
76 144 rgb255=255,255,255
77 144 rgb255=255,255,255
78 144 rgb255=255,255,255
79 144 rgb255=255,255,255
80 144 rgb255=255,255,255
81 144 rgb255=255,255,255
82 144 rgb255=158,182,126
83 144 rgb255=152,179,101
84 144 rgb255=151,176,106
85 144 rgb255=146,171,103
86 144 rgb255=151,174,102
87 144 rgb255=148,173,91
88 144 rgb255=141,168,88
89 144 rgb255=157,171,112
90 144 rgb255=185,180,77
91 144 rgb255=222,204,23
92 144 rgb255=212,175,8
93 144 rgb255=173,127,5
94 144 rgb255=140,93,3
95 144 rgb255=140,94,16
96 144 rgb255=140,96,19
97 144 rgb255=137,98,10
98 144 rgb255=140,99,8
99 144 rgb255=140,92,4
100 144 rgb255=158,111,4
101 144 rgb255=203,167,9
102 144 rgb255=202,180,4
103 144 rgb255=162,153,17
104 144 rgb255=132,134,30
105 144 rgb255=107,119,39
106 144 rgb255=80,97,34
107 144 rgb255=90,105,43
108 144 rgb255=82,97,27
109 144 rgb255=54,67,22
110 144 rgb255=44,58,20
111 144 rgb255=51,59,19
112 144 rgb255=100,101,29
113 144 rgb255=170,177,43
114 144 rgb255=255,255,255
115 144 rgb255=255,255,255
116 144 rgb255=255,255,255
117 144 rgb255=255,255,255
118 144 rgb255=255,255,255
119 144 rgb255=255,255,255
120 144 rgb255=255,255,255
121 144 rgb255=255,255,255
122 144 rgb255=255,255,255
123 144 rgb255=226,216,224
124 144 rgb255=223,213,221
125 144 rgb255=224,214,222
126 144 rgb255=223,215,221
127 144 rgb255=223,218,220
128 144 rgb255=223,219,220
129 144 rgb255=223,219,220
130 144 rgb255=222,218,219
131 144 rgb255=223,222,220
132 144 rgb255=204,205,201
133 144 rgb255=196,197,193
134 144 rgb255=207,208,204
135 144 rgb255=215,216,212
136 144 rgb255=218,219,215
137 144 rgb255=218,219,215
138 144 rgb255=216,217,213
139 144 rgb255=213,213,209
140 144 rgb255=210,211,207
141 144 rgb255=209,209,205
142 144 rgb255=195,195,191
143 144 rgb255=208,209,204
144 144 rgb255=217,218,214
145 144 rgb255=214,213,211
146 144 rgb255=223,219,220
147 144 rgb255=224,220,221
148 144 rgb255=223,219,220
149 144 rgb255=223,219,220
150 144 rgb255=225,217,222
151 144 rgb255=226,216,224
152 144 rgb255=225,215,223
153 144 rgb255=224,214,222
154 144 rgb255=228,217,226
155 144 rgb255=255,255,255
156 144 rgb255=255,255,255
157 144 rgb255=255,255,255
158 144 rgb255=255,255,255
159 144 rgb255=255,255,255
160 144 rgb255=255,255,255
161 144 rgb255=255,255,255
162 144 rgb255=255,255,255
163 144 rgb255=255,255,255
164 144 rgb255=249,248,244
165 144 rgb255=247,242,230
166 144 rgb255=245,238,220
167 144 rgb255=244,237,215
168 144 rgb255=244,232,212
169 144 rgb255=240,221,197
170 144 rgb255=224,198,163
171 144 rgb255=203,175,134
172 144 rgb255=207,185,144
173 144 rgb255=233,218,180
174 144 rgb255=243,228,196
175 144 rgb255=237,219,191
176 144 rgb255=235,224,190
177 144 rgb255=238,230,188
178 144 rgb255=239,233,192
179 144 rgb255=236,230,200
180 144 rgb255=232,226,203
181 144 rgb255=232,222,203
182 144 rgb255=235,222,202
183 144 rgb255=231,217,191
184 144 rgb255=220,209,173
185 144 rgb255=211,198,163
186 144 rgb255=209,191,163
187 144 rgb255=222,201,176
188 144 rgb255=235,223,184
189 144 rgb255=236,236,181
190 144 rgb255=229,233,170
191 144 rgb255=221,220,149
192 144 rgb255=214,203,130
193 144 rgb255=208,190,127
194 144 rgb255=201,180,132
195 144 rgb255=219,205,182
0 143 rgb255=234,235,230
1 143 rgb255=244,245,240
2 143 rgb255=247,248,243
3 143 rgb255=246,246,242
4 143 rgb255=242,247,243
5 143 rgb255=237,243,237
6 143 rgb255=221,213,203
7 143 rgb255=111,95,85
8 143 rgb255=39,27,21
9 143 rgb255=46,29,25
10 143 rgb255=109,88,76
11 143 rgb255=179,162,143
12 143 rgb255=225,224,214
13 143 rgb255=247,248,239
14 143 rgb255=244,245,236
15 143 rgb255=246,248,238
16 143 rgb255=250,252,244
17 143 rgb255=251,253,245
18 143 rgb255=242,244,235
19 143 rgb255=234,236,227
20 143 rgb255=225,228,219
21 143 rgb255=223,226,217
22 143 rgb255=226,229,220
23 143 rgb255=237,240,231
24 143 rgb255=241,243,235
25 143 rgb255=237,238,230
26 143 rgb255=231,232,224
27 143 rgb255=232,233,225
28 143 rgb255=228,229,221
29 143 rgb255=231,234,225
30 143 rgb255=227,230,221
31 143 rgb255=223,226,217
32 143 rgb255=255,255,255
33 143 rgb255=255,255,255
34 143 rgb255=255,255,255
35 143 rgb255=255,255,255
36 143 rgb255=255,255,255
37 143 rgb255=255,255,255
38 143 rgb255=255,255,255
39 143 rgb255=255,255,255
40 143 rgb255=255,255,255
41 143 rgb255=71,66,44
42 143 rgb255=60,54,39
43 143 rgb255=66,59,50
44 143 rgb255=58,53,52
45 143 rgb255=81,82,90
46 143 rgb255=148,152,160
47 143 rgb255=168,175,183
48 143 rgb255=169,178,186
49 143 rgb255=182,189,195
50 143 rgb255=178,185,191
51 143 rgb255=149,160,168
52 143 rgb255=139,152,162
53 143 rgb255=153,169,180
54 143 rgb255=170,186,194
55 143 rgb255=131,141,144
56 143 rgb255=129,140,143
57 143 rgb255=144,160,166
58 143 rgb255=67,82,74
59 143 rgb255=81,93,84
60 143 rgb255=136,146,145
61 143 rgb255=90,103,89
62 143 rgb255=112,126,93
63 143 rgb255=100,111,68
64 143 rgb255=101,112,69
65 143 rgb255=82,93,50
66 143 rgb255=67,78,35
67 143 rgb255=63,72,41
68 143 rgb255=66,75,47
69 143 rgb255=71,80,49
70 143 rgb255=53,61,36
71 143 rgb255=41,48,30
72 143 rgb255=37,44,26
73 143 rgb255=255,255,255
74 143 rgb255=255,255,255
75 143 rgb255=255,255,255
76 143 rgb255=255,255,255
77 143 rgb255=255,255,255
78 143 rgb255=255,255,255
79 143 rgb255=255,255,255
80 143 rgb255=255,255,255
81 143 rgb255=255,255,255
82 143 rgb255=161,184,129
83 143 rgb255=137,165,83
84 143 rgb255=140,166,90
85 143 rgb255=136,162,91
86 143 rgb255=142,165,94
87 143 rgb255=141,164,98
88 143 rgb255=129,154,88
89 143 rgb255=150,164,84
90 143 rgb255=195,184,51
91 143 rgb255=221,188,12
92 143 rgb255=199,155,6
93 143 rgb255=151,103,2
94 143 rgb255=125,76,3
95 143 rgb255=126,81,15
96 143 rgb255=116,78,10
97 143 rgb255=111,75,3
98 143 rgb255=127,86,8
99 143 rgb255=139,91,8
100 143 rgb255=150,102,2
101 143 rgb255=187,149,2
102 143 rgb255=206,179,2
103 143 rgb255=211,195,23
104 143 rgb255=161,160,29
105 143 rgb255=104,115,28
106 143 rgb255=86,101,40
107 143 rgb255=74,86,35
108 143 rgb255=66,76,24
109 143 rgb255=50,62,17
110 143 rgb255=76,92,25
111 143 rgb255=77,87,14
112 143 rgb255=101,100,14
113 143 rgb255=187,187,27
114 143 rgb255=255,255,255
115 143 rgb255=255,255,255
116 143 rgb255=255,255,255
117 143 rgb255=255,255,255
118 143 rgb255=255,255,255
119 143 rgb255=255,255,255
120 143 rgb255=255,255,255
121 143 rgb255=255,255,255
122 143 rgb255=255,255,255
123 143 rgb255=228,220,226
124 143 rgb255=225,217,223
125 143 rgb255=226,218,224
126 143 rgb255=226,219,224
127 143 rgb255=226,222,223
128 143 rgb255=226,222,223
129 143 rgb255=226,222,223
130 143 rgb255=225,221,222
131 143 rgb255=228,226,225
132 143 rgb255=209,210,206
133 143 rgb255=164,168,162
134 143 rgb255=163,170,162
135 143 rgb255=173,178,170
136 143 rgb255=176,181,173
137 143 rgb255=177,182,174
138 143 rgb255=179,183,177
139 143 rgb255=178,183,177
140 143 rgb255=177,181,176
141 143 rgb255=177,182,177
142 143 rgb255=173,177,172
143 143 rgb255=187,189,185
144 143 rgb255=194,195,191
145 143 rgb255=196,195,192
146 143 rgb255=210,206,205
147 143 rgb255=227,223,222
148 143 rgb255=226,222,222
149 143 rgb255=225,221,223
150 143 rgb255=227,220,225
151 143 rgb255=228,219,225
152 143 rgb255=227,219,225
153 143 rgb255=225,217,223
154 143 rgb255=230,221,227
155 143 rgb255=255,255,255
156 143 rgb255=255,255,255
157 143 rgb255=255,255,255
158 143 rgb255=255,255,255
159 143 rgb255=255,255,255
160 143 rgb255=255,255,255
161 143 rgb255=255,255,255
162 143 rgb255=255,255,255
163 143 rgb255=255,255,255
164 143 rgb255=249,247,243
165 143 rgb255=244,239,228
166 143 rgb255=242,236,217
167 143 rgb255=241,235,210
168 143 rgb255=241,230,205
169 143 rgb255=231,213,184
170 143 rgb255=207,183,143
171 143 rgb255=188,161,114
172 143 rgb255=200,179,133
173 143 rgb255=229,215,177
174 143 rgb255=237,220,194
175 143 rgb255=231,211,189
176 143 rgb255=230,214,185
177 143 rgb255=227,209,174
178 143 rgb255=219,197,166
179 143 rgb255=207,178,158
180 143 rgb255=199,159,144
181 143 rgb255=194,150,134
182 143 rgb255=197,148,139
183 143 rgb255=203,149,151
184 143 rgb255=203,148,150
185 143 rgb255=196,139,140
186 143 rgb255=183,121,125
187 143 rgb255=178,115,116
188 143 rgb255=186,136,119
189 143 rgb255=198,169,125
190 143 rgb255=206,190,130
191 143 rgb255=206,192,127
192 143 rgb255=199,181,119
193 143 rgb255=191,171,114
194 143 rgb255=191,170,126
195 143 rgb255=218,204,185
0 142 rgb255=239,240,235
1 142 rgb255=244,245,240
2 142 rgb255=245,246,241
3 142 rgb255=241,242,237
4 142 rgb255=192,199,195
5 142 rgb255=183,190,184
6 142 rgb255=183,175,165
7 142 rgb255=85,70,60
8 142 rgb255=35,25,19
9 142 rgb255=40,25,18
10 142 rgb255=82,63,47
11 142 rgb255=170,154,131
12 142 rgb255=241,242,230
13 142 rgb255=240,241,231
14 142 rgb255=224,226,215
15 142 rgb255=232,233,223
16 142 rgb255=242,243,234
17 142 rgb255=250,251,243
18 142 rgb255=250,251,243
19 142 rgb255=249,250,242
20 142 rgb255=245,247,239
21 142 rgb255=245,248,239
22 142 rgb255=243,246,237
23 142 rgb255=241,244,235
24 142 rgb255=246,248,239
25 142 rgb255=247,248,240
26 142 rgb255=245,246,238
27 142 rgb255=247,247,239
28 142 rgb255=245,246,238
29 142 rgb255=246,249,240
30 142 rgb255=247,250,241
31 142 rgb255=242,245,236
32 142 rgb255=255,255,255
33 142 rgb255=255,255,255
34 142 rgb255=255,255,255
35 142 rgb255=255,255,255
36 142 rgb255=255,255,255
37 142 rgb255=255,255,255
38 142 rgb255=255,255,255
39 142 rgb255=255,255,255
40 142 rgb255=255,255,255
41 142 rgb255=91,87,65
42 142 rgb255=81,75,62
43 142 rgb255=89,81,75
44 142 rgb255=97,92,97
45 142 rgb255=135,136,151
46 142 rgb255=167,171,182
47 142 rgb255=165,173,177
48 142 rgb255=153,163,162
49 142 rgb255=178,183,184
50 142 rgb255=189,192,195
51 142 rgb255=171,177,182
52 142 rgb255=142,151,158
53 142 rgb255=140,152,160
54 142 rgb255=150,163,168
55 142 rgb255=97,104,106
56 142 rgb255=112,118,122
57 142 rgb255=127,139,146
58 142 rgb255=44,57,47
59 142 rgb255=63,74,67
60 142 rgb255=130,139,145
61 142 rgb255=86,97,93
62 142 rgb255=95,107,82
63 142 rgb255=80,88,48
64 142 rgb255=96,104,63
65 142 rgb255=68,76,36
66 142 rgb255=63,71,34
67 142 rgb255=80,89,54
68 142 rgb255=74,84,46
69 142 rgb255=73,83,44
70 142 rgb255=48,57,30
71 142 rgb255=35,42,26
72 142 rgb255=36,43,23
73 142 rgb255=255,255,255
74 142 rgb255=255,255,255
75 142 rgb255=255,255,255
76 142 rgb255=255,255,255
77 142 rgb255=255,255,255
78 142 rgb255=255,255,255
79 142 rgb255=255,255,255
80 142 rgb255=255,255,255
81 142 rgb255=255,255,255
82 142 rgb255=162,184,127
83 142 rgb255=125,152,64
84 142 rgb255=121,147,65
85 142 rgb255=117,143,69
86 142 rgb255=121,145,73
87 142 rgb255=120,142,86
88 142 rgb255=108,132,79
89 142 rgb255=138,154,55
90 142 rgb255=199,186,33
91 142 rgb255=215,171,9
92 142 rgb255=189,139,8
93 142 rgb255=136,84,2
94 142 rgb255=117,66,12
95 142 rgb255=116,71,21
96 142 rgb255=100,63,5
97 142 rgb255=96,60,2
98 142 rgb255=105,64,5
99 142 rgb255=133,85,10
100 142 rgb255=147,98,2
101 142 rgb255=176,134,5
102 142 rgb255=200,166,10
103 142 rgb255=206,181,18
104 142 rgb255=155,146,24
105 142 rgb255=87,95,20
106 142 rgb255=79,94,38
107 142 rgb255=63,73,25
108 142 rgb255=64,73,28
109 142 rgb255=101,114,55
110 142 rgb255=155,175,55
111 142 rgb255=155,169,33
112 142 rgb255=143,144,22
113 142 rgb255=195,188,17
114 142 rgb255=255,255,255
115 142 rgb255=255,255,255
116 142 rgb255=255,255,255
117 142 rgb255=255,255,255
118 142 rgb255=255,255,255
119 142 rgb255=255,255,255
120 142 rgb255=255,255,255
121 142 rgb255=255,255,255
122 142 rgb255=255,255,255
123 142 rgb255=228,223,225
124 142 rgb255=226,221,223
125 142 rgb255=227,223,225
126 142 rgb255=228,223,225
127 142 rgb255=228,224,225
128 142 rgb255=228,224,225
129 142 rgb255=228,224,225
130 142 rgb255=228,224,225
131 142 rgb255=233,227,228
132 142 rgb255=210,209,206
133 142 rgb255=144,155,146
134 142 rgb255=142,157,143
135 142 rgb255=149,162,147
136 142 rgb255=145,157,142
137 142 rgb255=145,156,143
138 142 rgb255=148,159,149
139 142 rgb255=155,165,158
140 142 rgb255=167,178,172
141 142 rgb255=178,190,185
142 142 rgb255=170,178,175
143 142 rgb255=161,164,162
144 142 rgb255=210,208,208
145 142 rgb255=215,211,209
146 142 rgb255=198,195,190
147 142 rgb255=225,221,218
148 142 rgb255=228,224,224
149 142 rgb255=227,223,225
150 142 rgb255=227,223,225
151 142 rgb255=228,223,225
152 142 rgb255=227,223,224
153 142 rgb255=226,221,223
154 142 rgb255=230,226,228
155 142 rgb255=255,255,255
156 142 rgb255=255,255,255
157 142 rgb255=255,255,255
158 142 rgb255=255,255,255
159 142 rgb255=255,255,255
160 142 rgb255=255,255,255
161 142 rgb255=255,255,255
162 142 rgb255=255,255,255
163 142 rgb255=255,255,255
164 142 rgb255=249,246,240
165 142 rgb255=244,238,225
166 142 rgb255=243,235,215
167 142 rgb255=243,235,210
168 142 rgb255=242,229,204
169 142 rgb255=227,207,176
170 142 rgb255=200,175,131
171 142 rgb255=184,157,106
172 142 rgb255=204,182,132
173 142 rgb255=231,214,175
174 142 rgb255=229,208,182
175 142 rgb255=222,194,177
176 142 rgb255=216,185,168
177 142 rgb255=208,172,154
178 142 rgb255=197,156,141
179 142 rgb255=186,136,129
180 142 rgb255=182,116,113
181 142 rgb255=173,104,97
182 142 rgb255=169,97,94
183 142 rgb255=166,91,95
184 142 rgb255=159,82,89
185 142 rgb255=151,73,79
186 142 rgb255=146,65,71
187 142 rgb255=144,63,68
188 142 rgb255=147,71,70
189 142 rgb255=157,94,80
190 142 rgb255=173,124,96
191 142 rgb255=181,141,107
192 142 rgb255=178,141,108
193 142 rgb255=175,139,106
194 142 rgb255=176,141,115
195 142 rgb255=211,192,180
0 141 rgb255=227,228,223
1 141 rgb255=225,226,221
2 141 rgb255=204,205,200
3 141 rgb255=199,200,195
4 141 rgb255=159,166,161
5 141 rgb255=187,195,188
6 141 rgb255=188,182,172
7 141 rgb255=75,61,48
8 141 rgb255=42,33,21
9 141 rgb255=60,47,33
10 141 rgb255=77,60,35
11 141 rgb255=160,146,115
12 141 rgb255=237,237,222
13 141 rgb255=224,226,214
14 141 rgb255=203,205,193
15 141 rgb255=214,215,204
16 141 rgb255=238,239,230
17 141 rgb255=248,248,241
18 141 rgb255=250,250,242
19 141 rgb255=249,249,241
20 141 rgb255=249,251,242
21 141 rgb255=250,252,243
22 141 rgb255=249,251,243
23 141 rgb255=247,250,241
24 141 rgb255=247,249,241
25 141 rgb255=249,250,242
26 141 rgb255=246,247,239
27 141 rgb255=247,248,240
28 141 rgb255=246,247,239
29 141 rgb255=247,250,241
30 141 rgb255=236,239,230
31 141 rgb255=222,225,216
32 141 rgb255=255,255,255
33 141 rgb255=255,255,255
34 141 rgb255=255,255,255
35 141 rgb255=255,255,255
36 141 rgb255=255,255,255
37 141 rgb255=255,255,255
38 141 rgb255=255,255,255
39 141 rgb255=255,255,255
40 141 rgb255=255,255,255
41 141 rgb255=115,111,92
42 141 rgb255=114,113,102
43 141 rgb255=129,123,122
44 141 rgb255=145,139,152
45 141 rgb255=165,163,185
46 141 rgb255=188,188,195
47 141 rgb255=144,147,143
48 141 rgb255=126,131,124
49 141 rgb255=176,178,178
50 141 rgb255=161,161,164
51 141 rgb255=155,156,157
52 141 rgb255=106,110,112
53 141 rgb255=97,105,110
54 141 rgb255=122,130,137
55 141 rgb255=71,76,80
56 141 rgb255=91,97,101
57 141 rgb255=114,123,128
58 141 rgb255=38,48,38
59 141 rgb255=65,72,66
60 141 rgb255=119,128,132
61 141 rgb255=76,88,85
62 141 rgb255=79,94,75
63 141 rgb255=53,65,31
64 141 rgb255=99,110,79
65 141 rgb255=88,99,68
66 141 rgb255=88,100,65
67 141 rgb255=91,99,59
68 141 rgb255=78,85,46
69 141 rgb255=61,68,37
70 141 rgb255=40,47,27
71 141 rgb255=37,44,28
72 141 rgb255=36,44,20
73 141 rgb255=255,255,255
74 141 rgb255=255,255,255
75 141 rgb255=255,255,255
76 141 rgb255=255,255,255
77 141 rgb255=255,255,255
78 141 rgb255=255,255,255
79 141 rgb255=255,255,255
80 141 rgb255=255,255,255
81 141 rgb255=255,255,255
82 141 rgb255=193,204,124
83 141 rgb255=173,186,71
84 141 rgb255=141,159,46
85 141 rgb255=100,124,46
86 141 rgb255=103,128,62
87 141 rgb255=109,134,67
88 141 rgb255=106,134,73
89 141 rgb255=127,148,62
90 141 rgb255=168,161,36
91 141 rgb255=193,159,14
92 141 rgb255=178,134,5
93 141 rgb255=132,77,2
94 141 rgb255=111,58,15
95 141 rgb255=107,68,21
96 141 rgb255=99,65,5
97 141 rgb255=95,61,2
98 141 rgb255=95,58,6
99 141 rgb255=126,81,14
100 141 rgb255=139,93,2
101 141 rgb255=164,125,3
102 141 rgb255=193,162,16
103 141 rgb255=155,137,14
104 141 rgb255=92,84,17
105 141 rgb255=56,61,19
106 141 rgb255=70,86,31
107 141 rgb255=80,92,40
108 141 rgb255=108,121,73
109 141 rgb255=141,156,82
110 141 rgb255=154,169,42
111 141 rgb255=176,183,28
112 141 rgb255=192,185,32
113 141 rgb255=194,178,15
114 141 rgb255=255,255,255
115 141 rgb255=255,255,255
116 141 rgb255=255,255,255
117 141 rgb255=255,255,255
118 141 rgb255=255,255,255
119 141 rgb255=255,255,255
120 141 rgb255=255,255,255
121 141 rgb255=255,255,255
122 141 rgb255=255,255,255
123 141 rgb255=231,227,228
124 141 rgb255=228,224,225
125 141 rgb255=228,224,225
126 141 rgb255=229,225,226
127 141 rgb255=230,226,227
128 141 rgb255=230,226,227
129 141 rgb255=230,226,227
130 141 rgb255=229,226,227
131 141 rgb255=234,228,229
132 141 rgb255=213,211,209
133 141 rgb255=146,158,148
134 141 rgb255=138,155,140
135 141 rgb255=142,156,139
136 141 rgb255=131,144,127
137 141 rgb255=127,140,125
138 141 rgb255=135,147,135
139 141 rgb255=148,159,151
140 141 rgb255=167,179,173
141 141 rgb255=182,195,190
142 141 rgb255=171,180,177
143 141 rgb255=179,181,180
144 141 rgb255=230,226,228
145 141 rgb255=232,227,225
146 141 rgb255=199,196,189
147 141 rgb255=218,215,211
148 141 rgb255=232,228,228
149 141 rgb255=230,226,228
150 141 rgb255=230,226,228
151 141 rgb255=230,226,227
152 141 rgb255=230,226,227
153 141 rgb255=228,224,225
154 141 rgb255=233,229,230
155 141 rgb255=255,255,255
156 141 rgb255=255,255,255
157 141 rgb255=255,255,255
158 141 rgb255=255,255,255
159 141 rgb255=255,255,255
160 141 rgb255=255,255,255
161 141 rgb255=255,255,255
162 141 rgb255=255,255,255
163 141 rgb255=255,255,255
164 141 rgb255=249,244,237
165 141 rgb255=243,235,221
166 141 rgb255=243,233,212
167 141 rgb255=242,231,209
168 141 rgb255=240,224,202
169 141 rgb255=221,199,169
170 141 rgb255=192,165,121
171 141 rgb255=187,157,106
172 141 rgb255=212,185,138
173 141 rgb255=230,205,168
174 141 rgb255=221,189,166
175 141 rgb255=213,169,157
176 141 rgb255=203,152,145
177 141 rgb255=192,137,132
178 141 rgb255=183,123,120
179 141 rgb255=175,110,109
180 141 rgb255=169,95,98
181 141 rgb255=157,81,84
182 141 rgb255=150,74,78
183 141 rgb255=145,69,73
184 141 rgb255=139,62,66
185 141 rgb255=132,56,60
186 141 rgb255=130,53,57
187 141 rgb255=132,55,59
188 141 rgb255=136,59,63
189 141 rgb255=144,68,68
190 141 rgb255=154,82,77
191 141 rgb255=161,94,84
192 141 rgb255=162,98,88
193 141 rgb255=164,101,94
194 141 rgb255=169,111,103
195 141 rgb255=209,179,173
0 140 rgb255=232,233,228
1 140 rgb255=218,219,214
2 140 rgb255=168,169,164
3 140 rgb255=163,164,160
4 140 rgb255=193,193,191
5 140 rgb255=218,220,216
6 140 rgb255=208,203,192
7 140 rgb255=82,65,53
8 140 rgb255=49,33,24
9 140 rgb255=66,47,37
10 140 rgb255=76,55,33
11 140 rgb255=161,143,111
12 140 rgb255=230,223,205
13 140 rgb255=210,211,203
14 140 rgb255=211,215,208
15 140 rgb255=233,234,223
16 140 rgb255=248,247,239
17 140 rgb255=251,250,243
18 140 rgb255=250,249,241
19 140 rgb255=250,248,239
20 140 rgb255=247,247,236
21 140 rgb255=248,249,238
22 140 rgb255=248,251,240
23 140 rgb255=245,250,241
24 140 rgb255=246,250,242
25 140 rgb255=249,251,243
26 140 rgb255=250,252,243
27 140 rgb255=250,252,243
28 140 rgb255=248,250,241
29 140 rgb255=244,248,237
30 140 rgb255=235,240,228
31 140 rgb255=228,233,221
32 140 rgb255=255,255,255
33 140 rgb255=255,255,255
34 140 rgb255=255,255,255
35 140 rgb255=255,255,255
36 140 rgb255=255,255,255
37 140 rgb255=255,255,255
38 140 rgb255=255,255,255
39 140 rgb255=255,255,255
40 140 rgb255=255,255,255
41 140 rgb255=128,129,103
42 140 rgb255=134,138,127
43 140 rgb255=145,142,150
44 140 rgb255=158,151,175
45 140 rgb255=176,173,196
46 140 rgb255=193,190,194
47 140 rgb255=149,147,141
48 140 rgb255=136,135,130
49 140 rgb255=185,183,187
50 140 rgb255=125,122,127
51 140 rgb255=123,122,123
52 140 rgb255=103,106,105
53 140 rgb255=105,110,114
54 140 rgb255=151,156,166
55 140 rgb255=111,117,125
56 140 rgb255=116,124,130
57 140 rgb255=128,138,141
58 140 rgb255=61,68,63
59 140 rgb255=93,100,97
60 140 rgb255=121,130,134
61 140 rgb255=74,89,88
62 140 rgb255=82,99,86
63 140 rgb255=51,66,41
64 140 rgb255=102,116,97
65 140 rgb255=97,112,92
66 140 rgb255=97,112,81
67 140 rgb255=91,100,58
68 140 rgb255=73,76,42
69 140 rgb255=51,54,35
70 140 rgb255=40,44,32
71 140 rgb255=40,46,32
72 140 rgb255=43,50,29
73 140 rgb255=255,255,255
74 140 rgb255=255,255,255
75 140 rgb255=255,255,255
76 140 rgb255=255,255,255
77 140 rgb255=255,255,255
78 140 rgb255=255,255,255
79 140 rgb255=255,255,255
80 140 rgb255=255,255,255
81 140 rgb255=255,255,255
82 140 rgb255=221,224,94
83 140 rgb255=223,224,59
84 140 rgb255=178,188,30
85 140 rgb255=104,127,32
86 140 rgb255=84,111,52
87 140 rgb255=104,131,59
88 140 rgb255=114,146,73
89 140 rgb255=128,154,80
90 140 rgb255=147,152,46
91 140 rgb255=179,167,16
92 140 rgb255=176,143,6
93 140 rgb255=138,82,4
94 140 rgb255=104,51,7
95 140 rgb255=103,68,19
96 140 rgb255=107,71,14
97 140 rgb255=98,60,6
98 140 rgb255=100,63,13
99 140 rgb255=120,76,14
100 140 rgb255=144,102,4
101 140 rgb255=177,144,4
102 140 rgb255=196,174,16
103 140 rgb255=127,120,14
104 140 rgb255=54,50,14
105 140 rgb255=42,48,23
106 140 rgb255=53,72,15
107 140 rgb255=59,78,23
108 140 rgb255=68,88,37
109 140 rgb255=120,142,44
110 140 rgb255=170,185,30
111 140 rgb255=182,185,7
112 140 rgb255=199,185,11
113 140 rgb255=181,151,6
114 140 rgb255=255,255,255
115 140 rgb255=255,255,255
116 140 rgb255=255,255,255
117 140 rgb255=255,255,255
118 140 rgb255=255,255,255
119 140 rgb255=255,255,255
120 140 rgb255=255,255,255
121 140 rgb255=255,255,255
122 140 rgb255=255,255,255
123 140 rgb255=234,230,231
124 140 rgb255=230,226,227
125 140 rgb255=230,226,227
126 140 rgb255=230,226,227
127 140 rgb255=232,228,229
128 140 rgb255=232,228,229
129 140 rgb255=232,228,229
130 140 rgb255=231,227,228
131 140 rgb255=235,229,230
132 140 rgb255=216,215,212
133 140 rgb255=151,163,153
134 140 rgb255=142,159,144
135 140 rgb255=150,164,147
136 140 rgb255=144,157,140
137 140 rgb255=134,146,131
138 140 rgb255=140,152,140
139 140 rgb255=156,168,160
140 140 rgb255=172,184,178
141 140 rgb255=182,195,191
142 140 rgb255=176,186,183
143 140 rgb255=205,207,206
144 140 rgb255=233,230,231
145 140 rgb255=231,226,224
146 140 rgb255=198,195,188
147 140 rgb255=219,215,211
148 140 rgb255=235,231,231
149 140 rgb255=233,229,231
150 140 rgb255=233,229,231
151 140 rgb255=233,229,230
152 140 rgb255=232,228,229
153 140 rgb255=231,227,228
154 140 rgb255=235,231,232
155 140 rgb255=255,255,255
156 140 rgb255=255,255,255
157 140 rgb255=255,255,255
158 140 rgb255=255,255,255
159 140 rgb255=255,255,255
160 140 rgb255=255,255,255
161 140 rgb255=255,255,255
162 140 rgb255=255,255,255
163 140 rgb255=255,255,255
164 140 rgb255=248,243,236
165 140 rgb255=242,234,219
166 140 rgb255=239,229,209
167 140 rgb255=237,226,203
168 140 rgb255=235,218,197
169 140 rgb255=217,194,165
170 140 rgb255=192,164,121
171 140 rgb255=191,159,112
172 140 rgb255=211,178,137
173 140 rgb255=219,183,154
174 140 rgb255=211,163,150
175 140 rgb255=203,141,140
176 140 rgb255=192,124,127
177 140 rgb255=182,110,115
178 140 rgb255=176,99,105
179 140 rgb255=166,87,93
180 140 rgb255=154,78,82
181 140 rgb255=144,68,72
182 140 rgb255=138,62,66
183 140 rgb255=135,59,63
184 140 rgb255=130,54,58
185 140 rgb255=126,50,54
186 140 rgb255=125,49,53
187 140 rgb255=127,50,55
188 140 rgb255=130,54,60
189 140 rgb255=137,60,66
190 140 rgb255=145,67,70
191 140 rgb255=151,72,72
192 140 rgb255=154,75,75
193 140 rgb255=157,79,82
194 140 rgb255=164,96,96
195 140 rgb255=210,175,176
0 139 rgb255=224,225,220
1 139 rgb255=230,231,226
2 139 rgb255=212,213,208
3 139 rgb255=207,210,205
4 139 rgb255=216,209,209
5 139 rgb255=232,230,227
6 139 rgb255=215,211,200
7 139 rgb255=90,71,61
8 139 rgb255=46,25,19
9 139 rgb255=59,36,30
10 139 rgb255=80,56,38
11 139 rgb255=162,140,110
12 139 rgb255=239,228,204
13 139 rgb255=237,235,228
14 139 rgb255=237,241,238
15 139 rgb255=246,248,238
16 139 rgb255=247,247,239
17 139 rgb255=248,248,243
18 139 rgb255=249,248,241
19 139 rgb255=248,247,239
20 139 rgb255=246,246,236
21 139 rgb255=243,245,234
22 139 rgb255=230,233,223
23 139 rgb255=234,238,229
24 139 rgb255=240,244,236
25 139 rgb255=243,245,237
26 139 rgb255=236,238,230
27 139 rgb255=236,239,230
28 139 rgb255=236,239,230
29 139 rgb255=233,237,225
30 139 rgb255=231,235,223
31 139 rgb255=231,235,223
32 139 rgb255=255,255,255
33 139 rgb255=255,255,255
34 139 rgb255=255,255,255
35 139 rgb255=255,255,255
36 139 rgb255=255,255,255
37 139 rgb255=255,255,255
38 139 rgb255=255,255,255
39 139 rgb255=255,255,255
40 139 rgb255=255,255,255
41 139 rgb255=108,116,77
42 139 rgb255=134,142,131
43 139 rgb255=152,150,166
44 139 rgb255=168,160,188
45 139 rgb255=185,182,200
46 139 rgb255=191,191,196
47 139 rgb255=173,172,172
48 139 rgb255=164,163,166
49 139 rgb255=190,185,190
50 139 rgb255=160,155,161
51 139 rgb255=159,158,162
52 139 rgb255=163,164,167
53 139 rgb255=166,169,174
54 139 rgb255=189,194,203
55 139 rgb255=164,172,179
56 139 rgb255=157,167,174
57 139 rgb255=160,173,179
58 139 rgb255=115,127,129
59 139 rgb255=139,149,155
60 139 rgb255=140,154,163
61 139 rgb255=109,127,131
62 139 rgb255=109,128,120
63 139 rgb255=80,94,77
64 139 rgb255=101,113,101
65 139 rgb255=88,101,87
66 139 rgb255=78,93,68
67 139 rgb255=88,95,58
68 139 rgb255=76,78,46
69 139 rgb255=54,56,39
70 139 rgb255=46,50,37
71 139 rgb255=43,49,36
72 139 rgb255=48,54,44
73 139 rgb255=255,255,255
74 139 rgb255=255,255,255
75 139 rgb255=255,255,255
76 139 rgb255=255,255,255
77 139 rgb255=255,255,255
78 139 rgb255=255,255,255
79 139 rgb255=255,255,255
80 139 rgb255=255,255,255
81 139 rgb255=255,255,255
82 139 rgb255=219,223,37
83 139 rgb255=228,228,17
84 139 rgb255=204,212,16
85 139 rgb255=115,135,19
86 139 rgb255=57,83,14
87 139 rgb255=74,104,22
88 139 rgb255=98,132,47
89 139 rgb255=116,143,63
90 139 rgb255=161,174,62
91 139 rgb255=196,195,40
92 139 rgb255=187,159,23
93 139 rgb255=155,102,12
94 139 rgb255=103,53,1
95 139 rgb255=90,54,7
96 139 rgb255=106,64,18
97 139 rgb255=108,62,19
98 139 rgb255=107,62,15
99 139 rgb255=117,68,5
100 139 rgb255=148,104,3
101 139 rgb255=186,153,5
102 139 rgb255=197,178,8
103 139 rgb255=168,164,26
104 139 rgb255=82,83,24
105 139 rgb255=50,61,22
106 139 rgb255=45,69,12
107 139 rgb255=49,73,23
108 139 rgb255=41,67,17
109 139 rgb255=99,127,22
110 139 rgb255=196,219,31
111 139 rgb255=211,219,5
112 139 rgb255=199,182,0
113 139 rgb255=168,127,1
114 139 rgb255=255,255,255
115 139 rgb255=255,255,255
116 139 rgb255=255,255,255
117 139 rgb255=255,255,255
118 139 rgb255=255,255,255
119 139 rgb255=255,255,255
120 139 rgb255=255,255,255
121 139 rgb255=255,255,255
122 139 rgb255=255,255,255
123 139 rgb255=236,232,233
124 139 rgb255=231,227,228
125 139 rgb255=232,228,229
126 139 rgb255=232,228,229
127 139 rgb255=233,229,230
128 139 rgb255=233,229,230
129 139 rgb255=233,229,230
130 139 rgb255=233,229,230
131 139 rgb255=236,230,231
132 139 rgb255=220,218,216
133 139 rgb255=156,168,158
134 139 rgb255=145,162,147
135 139 rgb255=154,168,151
136 139 rgb255=156,169,152
137 139 rgb255=153,165,150
138 139 rgb255=155,167,156
139 139 rgb255=165,176,168
140 139 rgb255=175,186,180
141 139 rgb255=182,195,190
142 139 rgb255=179,188,185
143 139 rgb255=215,218,217
144 139 rgb255=237,234,235
145 139 rgb255=227,223,221
146 139 rgb255=193,190,183
147 139 rgb255=229,225,221
148 139 rgb255=236,232,232
149 139 rgb255=235,231,233
150 139 rgb255=234,230,232
151 139 rgb255=234,230,231
152 139 rgb255=234,230,231
153 139 rgb255=233,229,230
154 139 rgb255=237,233,234
155 139 rgb255=255,255,255
156 139 rgb255=255,255,255
157 139 rgb255=255,255,255
158 139 rgb255=255,255,255
159 139 rgb255=255,255,255
160 139 rgb255=255,255,255
161 139 rgb255=255,255,255
162 139 rgb255=255,255,255
163 139 rgb255=255,255,255
164 139 rgb255=248,243,235
165 139 rgb255=241,233,217
166 139 rgb255=238,228,207
167 139 rgb255=235,223,202
168 139 rgb255=232,216,194
169 139 rgb255=220,197,166
170 139 rgb255=197,168,126
171 139 rgb255=191,157,113
172 139 rgb255=202,162,127
173 139 rgb255=205,157,136
174 139 rgb255=201,138,132
175 139 rgb255=195,118,124
176 139 rgb255=184,100,112
177 139 rgb255=175,89,101
178 139 rgb255=167,79,92
179 139 rgb255=155,68,80
180 139 rgb255=142,65,70
181 139 rgb255=137,61,65
182 139 rgb255=133,57,61
183 139 rgb255=131,55,59
184 139 rgb255=127,51,55
185 139 rgb255=123,48,51
186 139 rgb255=123,48,51
187 139 rgb255=125,49,54
188 139 rgb255=127,51,58
189 139 rgb255=132,54,63
190 139 rgb255=140,59,66
191 139 rgb255=145,61,66
192 139 rgb255=148,64,70
193 139 rgb255=150,71,77
194 139 rgb255=158,92,94
195 139 rgb255=207,178,179
0 138 rgb255=221,222,216
1 138 rgb255=226,227,222
2 138 rgb255=219,221,215
3 138 rgb255=224,227,222
4 138 rgb255=230,225,225
5 138 rgb255=239,239,235
6 138 rgb255=218,215,203
7 138 rgb255=98,79,69
8 138 rgb255=48,28,20
9 138 rgb255=61,39,30
10 138 rgb255=90,65,47
11 138 rgb255=169,146,117
12 138 rgb255=236,221,194
13 138 rgb255=241,236,224
14 138 rgb255=235,238,232
15 138 rgb255=237,242,232
16 138 rgb255=241,244,236
17 138 rgb255=239,241,234
18 138 rgb255=237,239,232
19 138 rgb255=232,234,227
20 138 rgb255=228,232,225
21 138 rgb255=220,224,217
22 138 rgb255=192,196,188
23 138 rgb255=181,184,175
24 138 rgb255=172,176,167
25 138 rgb255=180,183,174
26 138 rgb255=171,174,165
27 138 rgb255=180,183,174
28 138 rgb255=191,194,185
29 138 rgb255=217,218,208
30 138 rgb255=222,223,213
31 138 rgb255=229,230,220
32 138 rgb255=255,255,255
33 138 rgb255=255,255,255
34 138 rgb255=255,255,255
35 138 rgb255=255,255,255
36 138 rgb255=255,255,255
37 138 rgb255=255,255,255
38 138 rgb255=255,255,255
39 138 rgb255=255,255,255
40 138 rgb255=255,255,255
41 138 rgb255=77,83,58
42 138 rgb255=141,146,145
43 138 rgb255=173,166,185
44 138 rgb255=185,174,195
45 138 rgb255=192,187,196
46 138 rgb255=199,201,206
47 138 rgb255=193,195,201
48 138 rgb255=194,193,202
49 138 rgb255=196,184,188
50 138 rgb255=170,158,163
51 138 rgb255=175,172,178
52 138 rgb255=184,183,188
53 138 rgb255=185,185,188
54 138 rgb255=191,194,200
55 138 rgb255=172,180,185
56 138 rgb255=162,175,180
57 138 rgb255=164,180,186
58 138 rgb255=144,160,168
59 138 rgb255=161,177,189
60 138 rgb255=165,182,197
61 138 rgb255=140,160,168
62 138 rgb255=134,152,150
63 138 rgb255=110,120,109
64 138 rgb255=113,123,113
65 138 rgb255=99,110,97
66 138 rgb255=73,85,65
67 138 rgb255=79,85,52
68 138 rgb255=72,74,44
69 138 rgb255=53,55,38
70 138 rgb255=47,52,37
71 138 rgb255=44,50,35
72 138 rgb255=42,48,36
73 138 rgb255=255,255,255
74 138 rgb255=255,255,255
75 138 rgb255=255,255,255
76 138 rgb255=255,255,255
77 138 rgb255=255,255,255
78 138 rgb255=255,255,255
79 138 rgb255=255,255,255
80 138 rgb255=255,255,255
81 138 rgb255=255,255,255
82 138 rgb255=220,221,8
83 138 rgb255=225,219,0
84 138 rgb255=219,220,15
85 138 rgb255=134,147,20
86 138 rgb255=52,74,3
87 138 rgb255=58,87,10
88 138 rgb255=75,108,26
89 138 rgb255=92,120,42
90 138 rgb255=113,132,28
91 138 rgb255=152,160,19
92 138 rgb255=164,144,14
93 138 rgb255=161,119,6
94 138 rgb255=123,81,1
95 138 rgb255=82,50,0
96 138 rgb255=87,45,3
97 138 rgb255=103,52,7
98 138 rgb255=113,64,2
99 138 rgb255=140,91,6
100 138 rgb255=156,112,9
101 138 rgb255=172,140,7
102 138 rgb255=183,165,11
103 138 rgb255=146,141,22
104 138 rgb255=70,72,15
105 138 rgb255=56,71,26
106 138 rgb255=52,80,25
107 138 rgb255=43,73,23
108 138 rgb255=35,66,15
109 138 rgb255=69,95,22
110 138 rgb255=133,149,34
111 138 rgb255=184,183,21
112 138 rgb255=206,178,14
113 138 rgb255=159,110,4
114 138 rgb255=255,255,255
115 138 rgb255=255,255,255
116 138 rgb255=255,255,255
117 138 rgb255=255,255,255
118 138 rgb255=255,255,255
119 138 rgb255=255,255,255
120 138 rgb255=255,255,255
121 138 rgb255=255,255,255
122 138 rgb255=255,255,255
123 138 rgb255=237,233,234
124 138 rgb255=233,229,230
125 138 rgb255=233,229,230
126 138 rgb255=234,230,231
127 138 rgb255=235,231,232
128 138 rgb255=235,231,232
129 138 rgb255=235,231,232
130 138 rgb255=234,231,232
131 138 rgb255=238,232,233
132 138 rgb255=224,223,220
133 138 rgb255=160,172,163
134 138 rgb255=147,164,149
135 138 rgb255=156,171,154
136 138 rgb255=160,173,156
137 138 rgb255=163,175,160
138 138 rgb255=166,178,166
139 138 rgb255=169,180,172
140 138 rgb255=173,185,179
141 138 rgb255=180,193,188
142 138 rgb255=179,188,185
143 138 rgb255=218,220,219
144 138 rgb255=240,237,238
145 138 rgb255=214,209,207
146 138 rgb255=191,188,182
147 138 rgb255=238,234,230
148 138 rgb255=236,232,232
149 138 rgb255=236,232,234
150 138 rgb255=235,231,233
151 138 rgb255=235,231,232
152 138 rgb255=235,231,232
153 138 rgb255=235,231,232
154 138 rgb255=239,235,236
155 138 rgb255=255,255,255
156 138 rgb255=255,255,255
157 138 rgb255=255,255,255
158 138 rgb255=255,255,255
159 138 rgb255=255,255,255
160 138 rgb255=255,255,255
161 138 rgb255=255,255,255
162 138 rgb255=255,255,255
163 138 rgb255=255,255,255
164 138 rgb255=246,242,231
165 138 rgb255=239,231,213
166 138 rgb255=238,228,205
167 138 rgb255=235,224,204
168 138 rgb255=230,214,191
169 138 rgb255=217,195,161
170 138 rgb255=191,162,120
171 138 rgb255=180,143,103
172 138 rgb255=187,140,110
173 138 rgb255=192,133,115
174 138 rgb255=192,119,113
175 138 rgb255=186,101,106
176 138 rgb255=176,84,94
177 138 rgb255=164,73,83
178 138 rgb255=153,65,74
179 138 rgb255=144,60,68
180 138 rgb255=136,59,63
181 138 rgb255=133,57,61
182 138 rgb255=132,56,60
183 138 rgb255=130,54,58
184 138 rgb255=126,52,55
185 138 rgb255=122,49,52
186 138 rgb255=121,49,52
187 138 rgb255=123,50,53
188 138 rgb255=126,51,55
189 138 rgb255=130,54,58
190 138 rgb255=134,57,61
191 138 rgb255=137,60,64
192 138 rgb255=140,63,66
193 138 rgb255=144,68,70
194 138 rgb255=154,90,88
195 138 rgb255=209,181,178
0 137 rgb255=228,229,224
1 137 rgb255=236,237,232
2 137 rgb255=233,234,229
3 137 rgb255=231,235,230
4 137 rgb255=214,212,210
5 137 rgb255=205,207,203
6 137 rgb255=188,186,174
7 137 rgb255=97,79,67
8 137 rgb255=56,35,25
9 137 rgb255=68,47,34
10 137 rgb255=102,77,58
11 137 rgb255=173,149,122
12 137 rgb255=221,203,173
13 137 rgb255=184,173,156
14 137 rgb255=166,165,155
15 137 rgb255=195,199,188
16 137 rgb255=229,231,220
17 137 rgb255=227,228,218
18 137 rgb255=230,232,224
19 137 rgb255=234,238,231
20 137 rgb255=212,218,213
21 137 rgb255=210,217,212
22 137 rgb255=206,210,203
23 137 rgb255=217,219,210
24 137 rgb255=219,222,212
25 137 rgb255=220,225,215
26 137 rgb255=225,230,221
27 137 rgb255=230,236,226
28 137 rgb255=239,243,234
29 137 rgb255=247,247,239
30 137 rgb255=247,247,239
31 137 rgb255=248,248,240
32 137 rgb255=255,255,255
33 137 rgb255=255,255,255
34 137 rgb255=255,255,255
35 137 rgb255=255,255,255
36 137 rgb255=255,255,255
37 137 rgb255=255,255,255
38 137 rgb255=255,255,255
39 137 rgb255=255,255,255
40 137 rgb255=255,255,255
41 137 rgb255=66,61,60
42 137 rgb255=126,119,129
43 137 rgb255=179,163,174
44 137 rgb255=191,170,177
45 137 rgb255=192,180,183
46 137 rgb255=198,198,202
47 137 rgb255=201,205,210
48 137 rgb255=210,205,212
49 137 rgb255=188,164,163
50 137 rgb255=162,139,140
51 137 rgb255=167,157,164
52 137 rgb255=177,168,172
53 137 rgb255=192,183,181
54 137 rgb255=193,191,189
55 137 rgb255=180,184,184
56 137 rgb255=175,186,187
57 137 rgb255=172,188,191
58 137 rgb255=153,172,179
59 137 rgb255=162,181,194
60 137 rgb255=159,176,190
61 137 rgb255=139,157,162
62 137 rgb255=138,154,149
63 137 rgb255=113,121,108
64 137 rgb255=116,125,107
65 137 rgb255=105,115,93
66 137 rgb255=81,91,68
67 137 rgb255=77,82,51
68 137 rgb255=65,66,39
69 137 rgb255=49,51,34
70 137 rgb255=47,52,36
71 137 rgb255=42,50,29
72 137 rgb255=33,41,15
73 137 rgb255=255,255,255
74 137 rgb255=255,255,255
75 137 rgb255=255,255,255
76 137 rgb255=255,255,255
77 137 rgb255=255,255,255
78 137 rgb255=255,255,255
79 137 rgb255=255,255,255
80 137 rgb255=255,255,255
81 137 rgb255=255,255,255
82 137 rgb255=211,199,4
83 137 rgb255=209,188,0
84 137 rgb255=212,199,20
85 137 rgb255=172,174,49
86 137 rgb255=69,85,16
87 137 rgb255=42,68,6
88 137 rgb255=63,92,25
89 137 rgb255=77,103,41
90 137 rgb255=89,111,29
91 137 rgb255=121,140,20
92 137 rgb255=151,147,14
93 137 rgb255=164,140,0
94 137 rgb255=148,121,3
95 137 rgb255=111,87,9
96 137 rgb255=104,67,6
97 137 rgb255=119,74,2
98 137 rgb255=139,98,1
99 137 rgb255=159,120,7
100 137 rgb255=160,123,20
101 137 rgb255=152,127,22
102 137 rgb255=132,121,15
103 137 rgb255=85,81,10
104 137 rgb255=68,74,24
105 137 rgb255=63,82,39
106 137 rgb255=43,73,23
107 137 rgb255=34,66,14
108 137 rgb255=33,61,17
109 137 rgb255=49,68,32
110 137 rgb255=78,89,23
111 137 rgb255=147,144,15
112 137 rgb255=208,175,33
113 137 rgb255=148,97,11
114 137 rgb255=255,255,255
115 137 rgb255=255,255,255
116 137 rgb255=255,255,255
117 137 rgb255=255,255,255
118 137 rgb255=255,255,255
119 137 rgb255=255,255,255
120 137 rgb255=255,255,255
121 137 rgb255=255,255,255
122 137 rgb255=255,255,255
123 137 rgb255=239,235,236
124 137 rgb255=234,230,231
125 137 rgb255=235,231,232
126 137 rgb255=235,231,232
127 137 rgb255=236,232,233
128 137 rgb255=236,232,233
129 137 rgb255=236,232,233
130 137 rgb255=236,232,233
131 137 rgb255=239,233,234
132 137 rgb255=229,227,225
133 137 rgb255=167,178,169
134 137 rgb255=150,167,152
135 137 rgb255=160,174,157
136 137 rgb255=163,176,160
137 137 rgb255=166,177,163
138 137 rgb255=167,179,168
139 137 rgb255=170,181,173
140 137 rgb255=173,185,179
141 137 rgb255=178,191,186
142 137 rgb255=179,189,185
143 137 rgb255=221,224,222
144 137 rgb255=241,238,238
145 137 rgb255=198,194,192
146 137 rgb255=206,203,198
147 137 rgb255=241,237,234
148 137 rgb255=238,234,233
149 137 rgb255=238,233,235
150 137 rgb255=237,232,234
151 137 rgb255=236,232,233
152 137 rgb255=236,232,233
153 137 rgb255=236,232,233
154 137 rgb255=240,236,237
155 137 rgb255=255,255,255
156 137 rgb255=255,255,255
157 137 rgb255=255,255,255
158 137 rgb255=255,255,255
159 137 rgb255=255,255,255
160 137 rgb255=255,255,255
161 137 rgb255=255,255,255
162 137 rgb255=255,255,255
163 137 rgb255=255,255,255
164 137 rgb255=245,241,230
165 137 rgb255=237,229,210
166 137 rgb255=235,225,202
167 137 rgb255=232,221,197
168 137 rgb255=228,213,186
169 137 rgb255=214,192,159
170 137 rgb255=189,161,123
171 137 rgb255=167,133,95
172 137 rgb255=163,119,88
173 137 rgb255=175,114,96
174 137 rgb255=183,105,101
175 137 rgb255=180,90,95
176 137 rgb255=168,74,84
177 137 rgb255=155,64,73
178 137 rgb255=144,57,65
179 137 rgb255=136,54,60
180 137 rgb255=131,54,58
181 137 rgb255=129,53,57
182 137 rgb255=130,54,58
183 137 rgb255=129,54,57
184 137 rgb255=125,52,55
185 137 rgb255=121,49,52
186 137 rgb255=121,49,52
187 137 rgb255=122,50,53
188 137 rgb255=125,50,54
189 137 rgb255=127,52,55
190 137 rgb255=130,54,58
191 137 rgb255=133,57,61
192 137 rgb255=134,58,62
193 137 rgb255=137,62,63
194 137 rgb255=150,86,83
195 137 rgb255=211,184,180
0 136 rgb255=228,228,223
1 136 rgb255=244,245,240
2 136 rgb255=241,242,237
3 136 rgb255=215,220,214
4 136 rgb255=177,176,174
5 136 rgb255=173,175,171
6 136 rgb255=177,178,165
7 136 rgb255=100,83,70
8 136 rgb255=63,43,30
9 136 rgb255=83,62,44
10 136 rgb255=107,83,61
11 136 rgb255=165,141,116
12 136 rgb255=218,195,166
13 136 rgb255=182,163,143
14 136 rgb255=114,103,90
15 136 rgb255=122,120,106
16 136 rgb255=162,158,143
17 136 rgb255=183,179,165
18 136 rgb255=187,186,174
19 136 rgb255=221,222,213
20 136 rgb255=230,233,226
21 136 rgb255=223,225,220
22 136 rgb255=199,200,193
23 136 rgb255=197,198,190
24 136 rgb255=201,204,195
25 136 rgb255=199,206,196
26 136 rgb255=208,216,205
27 136 rgb255=220,228,217
28 136 rgb255=233,239,230
29 136 rgb255=243,244,238
30 136 rgb255=248,248,242
31 136 rgb255=251,251,245
32 136 rgb255=255,255,255
33 136 rgb255=255,255,255
34 136 rgb255=255,255,255
35 136 rgb255=255,255,255
36 136 rgb255=255,255,255
37 136 rgb255=255,255,255
38 136 rgb255=255,255,255
39 136 rgb255=255,255,255
40 136 rgb255=255,255,255
41 136 rgb255=96,77,70
42 136 rgb255=125,103,107
43 136 rgb255=164,131,132
44 136 rgb255=184,148,144
45 136 rgb255=202,179,179
46 136 rgb255=209,204,206
47 136 rgb255=210,210,212
48 136 rgb255=212,202,200
49 136 rgb255=182,144,133
50 136 rgb255=156,120,114
51 136 rgb255=163,145,149
52 136 rgb255=167,148,148
53 136 rgb255=198,178,171
54 136 rgb255=204,193,182
55 136 rgb255=196,193,185
56 136 rgb255=190,196,190
57 136 rgb255=178,190,188
58 136 rgb255=160,178,179
59 136 rgb255=169,187,193
60 136 rgb255=159,174,180
61 136 rgb255=138,152,148
62 136 rgb255=138,150,134
63 136 rgb255=111,119,95
64 136 rgb255=106,116,82
65 136 rgb255=97,107,69
66 136 rgb255=82,91,57
67 136 rgb255=79,83,51
68 136 rgb255=68,69,44
69 136 rgb255=55,57,40
70 136 rgb255=50,55,37
71 136 rgb255=45,53,27
72 136 rgb255=40,50,16
73 136 rgb255=255,255,255
74 136 rgb255=255,255,255
75 136 rgb255=255,255,255
76 136 rgb255=255,255,255
77 136 rgb255=255,255,255
78 136 rgb255=255,255,255
79 136 rgb255=255,255,255
80 136 rgb255=255,255,255
81 136 rgb255=255,255,255
82 136 rgb255=187,157,3
83 136 rgb255=182,141,3
84 136 rgb255=187,157,18
85 136 rgb255=186,177,53
86 136 rgb255=83,95,20
87 136 rgb255=30,56,1
88 136 rgb255=65,92,30
89 136 rgb255=74,99,45
90 136 rgb255=85,112,42
91 136 rgb255=117,147,41
92 136 rgb255=147,160,26
93 136 rgb255=164,156,6
94 136 rgb255=150,137,9
95 136 rgb255=132,117,27
96 136 rgb255=140,112,22
97 136 rgb255=149,115,9
98 136 rgb255=158,131,6
99 136 rgb255=161,138,4
100 136 rgb255=143,121,20
101 136 rgb255=142,133,48
102 136 rgb255=149,153,56
103 136 rgb255=123,132,52
104 136 rgb255=105,122,56
105 136 rgb255=62,88,34
106 136 rgb255=34,63,16
107 136 rgb255=26,54,6
108 136 rgb255=26,44,13
109 136 rgb255=26,39,16
110 136 rgb255=80,97,10
111 136 rgb255=179,187,17
112 136 rgb255=199,171,22
113 136 rgb255=131,83,7
114 136 rgb255=255,255,255
115 136 rgb255=255,255,255
116 136 rgb255=255,255,255
117 136 rgb255=255,255,255
118 136 rgb255=255,255,255
119 136 rgb255=255,255,255
120 136 rgb255=255,255,255
121 136 rgb255=255,255,255
122 136 rgb255=255,255,255
123 136 rgb255=241,237,238
124 136 rgb255=236,232,233
125 136 rgb255=236,232,233
126 136 rgb255=237,233,233
127 136 rgb255=238,234,232
128 136 rgb255=238,234,232
129 136 rgb255=238,234,232
130 136 rgb255=238,234,232
131 136 rgb255=239,236,236
132 136 rgb255=233,232,232
133 136 rgb255=181,185,181
134 136 rgb255=156,166,157
135 136 rgb255=163,174,162
136 136 rgb255=169,176,166
137 136 rgb255=172,178,170
138 136 rgb255=171,180,172
139 136 rgb255=171,182,174
140 136 rgb255=175,188,181
141 136 rgb255=177,190,186
142 136 rgb255=180,190,186
143 136 rgb255=226,228,225
144 136 rgb255=226,224,219
145 136 rgb255=192,187,184
146 136 rgb255=229,225,224
147 136 rgb255=240,236,235
148 136 rgb255=238,234,235
149 136 rgb255=238,234,235
150 136 rgb255=238,234,235
151 136 rgb255=238,234,235
152 136 rgb255=238,234,235
153 136 rgb255=237,233,234
154 136 rgb255=241,237,238
155 136 rgb255=255,255,255
156 136 rgb255=255,255,255
157 136 rgb255=255,255,255
158 136 rgb255=255,255,255
159 136 rgb255=255,255,255
160 136 rgb255=255,255,255
161 136 rgb255=255,255,255
162 136 rgb255=255,255,255
163 136 rgb255=255,255,255
164 136 rgb255=245,240,229
165 136 rgb255=237,229,210
166 136 rgb255=234,224,200
167 136 rgb255=230,220,192
168 136 rgb255=223,207,177
169 136 rgb255=208,185,153
170 136 rgb255=191,163,128
171 136 rgb255=166,135,99
172 136 rgb255=140,100,70
173 136 rgb255=141,82,64
174 136 rgb255=165,84,80
175 136 rgb255=169,74,80
176 136 rgb255=158,63,73
177 136 rgb255=146,55,63
178 136 rgb255=139,52,59
179 136 rgb255=132,49,55
180 136 rgb255=126,49,53
181 136 rgb255=125,49,53
182 136 rgb255=126,50,54
183 136 rgb255=126,50,54
184 136 rgb255=122,48,52
185 136 rgb255=119,47,50
186 136 rgb255=119,47,50
187 136 rgb255=120,47,51
188 136 rgb255=123,48,51
189 136 rgb255=125,48,52
190 136 rgb255=126,50,53
191 136 rgb255=128,52,55
192 136 rgb255=128,52,55
193 136 rgb255=131,56,56
194 136 rgb255=148,84,81
195 136 rgb255=212,188,185
0 135 rgb255=235,236,231
1 135 rgb255=233,234,229
2 135 rgb255=216,217,212
3 135 rgb255=165,171,165
4 135 rgb255=191,192,189
5 135 rgb255=187,191,186
6 135 rgb255=160,161,148
7 135 rgb255=94,78,64
8 135 rgb255=68,49,32
9 135 rgb255=96,75,53
10 135 rgb255=110,86,64
11 135 rgb255=162,137,116
12 135 rgb255=211,186,160
13 135 rgb255=214,186,164
14 135 rgb255=162,139,122
15 135 rgb255=127,112,94
16 135 rgb255=147,130,111
17 135 rgb255=167,152,134
18 135 rgb255=150,139,124
19 135 rgb255=160,153,142
20 135 rgb255=198,192,181
21 135 rgb255=228,222,211
22 135 rgb255=222,219,210
23 135 rgb255=200,199,192
24 135 rgb255=173,177,169
25 135 rgb255=154,163,152
26 135 rgb255=150,159,148
27 135 rgb255=152,162,151
28 135 rgb255=166,174,164
29 135 rgb255=189,192,186
30 135 rgb255=203,206,200
31 135 rgb255=218,221,215
32 135 rgb255=255,255,255
33 135 rgb255=255,255,255
34 135 rgb255=255,255,255
35 135 rgb255=255,255,255
36 135 rgb255=255,255,255
37 135 rgb255=255,255,255
38 135 rgb255=255,255,255
39 135 rgb255=255,255,255
40 135 rgb255=255,255,255
41 135 rgb255=155,127,81
42 135 rgb255=153,117,101
43 135 rgb255=165,115,109
44 135 rgb255=191,138,132
45 135 rgb255=210,176,174
46 135 rgb255=211,200,199
47 135 rgb255=212,207,202
48 135 rgb255=206,189,175
49 135 rgb255=175,124,104
50 135 rgb255=152,105,94
51 135 rgb255=153,127,127
52 135 rgb255=150,122,118
53 135 rgb255=200,170,156
54 135 rgb255=202,182,164
55 135 rgb255=199,189,173
56 135 rgb255=201,201,189
57 135 rgb255=184,192,184
58 135 rgb255=168,184,177
59 135 rgb255=167,183,180
60 135 rgb255=161,173,168
61 135 rgb255=138,147,132
62 135 rgb255=126,134,108
63 135 rgb255=96,104,67
64 135 rgb255=97,107,58
65 135 rgb255=92,102,49
66 135 rgb255=79,89,42
67 135 rgb255=67,71,38
68 135 rgb255=59,60,36
69 135 rgb255=58,61,43
70 135 rgb255=54,59,40
71 135 rgb255=50,59,32
72 135 rgb255=52,61,31
73 135 rgb255=255,255,255
74 135 rgb255=255,255,255
75 135 rgb255=255,255,255
76 135 rgb255=255,255,255
77 135 rgb255=255,255,255
78 135 rgb255=255,255,255
79 135 rgb255=255,255,255
80 135 rgb255=255,255,255
81 135 rgb255=255,255,255
82 135 rgb255=158,115,6
83 135 rgb255=151,94,10
84 135 rgb255=148,105,9
85 135 rgb255=178,164,35
86 135 rgb255=107,119,23
87 135 rgb255=56,83,20
88 135 rgb255=84,112,41
89 135 rgb255=81,108,46
90 135 rgb255=84,117,42
91 135 rgb255=108,147,41
92 135 rgb255=136,161,36
93 135 rgb255=154,159,18
94 135 rgb255=144,139,27
95 135 rgb255=132,123,49
96 135 rgb255=142,122,26
97 135 rgb255=153,128,19
98 135 rgb255=153,137,16
99 135 rgb255=159,150,10
100 135 rgb255=151,146,42
101 135 rgb255=151,159,76
102 135 rgb255=157,181,71
103 135 rgb255=152,179,62
104 135 rgb255=134,166,57
105 135 rgb255=74,107,28
106 135 rgb255=32,59,14
107 135 rgb255=20,41,5
108 135 rgb255=18,28,6
109 135 rgb255=26,32,15
110 135 rgb255=73,86,14
111 135 rgb255=155,166,9
112 135 rgb255=176,154,7
113 135 rgb255=121,73,5
114 135 rgb255=255,255,255
115 135 rgb255=255,255,255
116 135 rgb255=255,255,255
117 135 rgb255=255,255,255
118 135 rgb255=255,255,255
119 135 rgb255=255,255,255
120 135 rgb255=255,255,255
121 135 rgb255=255,255,255
122 135 rgb255=255,255,255
123 135 rgb255=242,238,239
124 135 rgb255=238,234,235
125 135 rgb255=238,234,235
126 135 rgb255=238,234,234
127 135 rgb255=239,235,233
128 135 rgb255=240,236,232
129 135 rgb255=240,236,233
130 135 rgb255=240,235,232
131 135 rgb255=239,237,236
132 135 rgb255=236,236,237
133 135 rgb255=193,195,193
134 135 rgb255=162,168,161
135 135 rgb255=167,176,165
136 135 rgb255=173,177,170
137 135 rgb255=175,178,173
138 135 rgb255=173,181,174
139 135 rgb255=172,183,175
140 135 rgb255=175,188,180
141 135 rgb255=175,188,184
142 135 rgb255=183,193,189
143 135 rgb255=230,233,228
144 135 rgb255=196,194,188
145 135 rgb255=206,202,199
146 135 rgb255=241,237,238
147 135 rgb255=239,235,236
148 135 rgb255=239,235,236
149 135 rgb255=240,236,237
150 135 rgb255=240,236,236
151 135 rgb255=240,236,237
152 135 rgb255=239,235,236
153 135 rgb255=237,233,234
154 135 rgb255=242,238,239
155 135 rgb255=255,255,255
156 135 rgb255=255,255,255
157 135 rgb255=255,255,255
158 135 rgb255=255,255,255
159 135 rgb255=255,255,255
160 135 rgb255=255,255,255
161 135 rgb255=255,255,255
162 135 rgb255=255,255,255
163 135 rgb255=255,255,255
164 135 rgb255=243,238,224
165 135 rgb255=237,226,205
166 135 rgb255=236,220,199
167 135 rgb255=231,215,189
168 135 rgb255=206,187,157
169 135 rgb255=176,153,118
170 135 rgb255=179,151,113
171 135 rgb255=168,136,100
172 135 rgb255=122,87,59
173 135 rgb255=104,57,40
174 135 rgb255=130,60,53
175 135 rgb255=146,54,55
176 135 rgb255=147,51,56
177 135 rgb255=138,47,50
178 135 rgb255=129,44,46
179 135 rgb255=123,43,44
180 135 rgb255=119,43,45
181 135 rgb255=119,43,45
182 135 rgb255=119,43,46
183 135 rgb255=120,44,47
184 135 rgb255=118,43,47
185 135 rgb255=117,42,46
186 135 rgb255=117,42,46
187 135 rgb255=118,42,46
188 135 rgb255=120,42,44
189 135 rgb255=122,43,43
190 135 rgb255=121,44,43
191 135 rgb255=120,46,44
192 135 rgb255=122,50,45
193 135 rgb255=127,58,51
194 135 rgb255=149,92,87
195 135 rgb255=216,195,192
0 134 rgb255=219,220,215
1 134 rgb255=215,216,211
2 134 rgb255=189,190,185
3 134 rgb255=133,139,133
4 134 rgb255=158,160,157
5 134 rgb255=182,188,182
6 134 rgb255=133,136,123
7 134 rgb255=83,68,54
8 134 rgb255=70,51,33
9 134 rgb255=98,79,53
10 134 rgb255=122,99,75
11 134 rgb255=169,143,125
12 134 rgb255=193,165,144
13 134 rgb255=205,170,150
14 134 rgb255=204,168,148
15 134 rgb255=147,118,96
16 134 rgb255=164,135,112
17 134 rgb255=182,155,133
18 134 rgb255=160,139,122
19 134 rgb255=155,138,125
20 134 rgb255=177,159,143
21 134 rgb255=199,183,166
22 134 rgb255=208,199,187
23 134 rgb255=193,191,185
24 134 rgb255=174,179,172
25 134 rgb255=142,152,141
26 134 rgb255=125,135,124
27 134 rgb255=123,133,122
28 134 rgb255=123,133,122
29 134 rgb255=115,123,115
30 134 rgb255=112,120,113
31 134 rgb255=133,141,134
32 134 rgb255=255,255,255
33 134 rgb255=255,255,255
34 134 rgb255=255,255,255
35 134 rgb255=255,255,255
36 134 rgb255=255,255,255
37 134 rgb255=255,255,255
38 134 rgb255=255,255,255
39 134 rgb255=255,255,255
40 134 rgb255=255,255,255
41 134 rgb255=201,166,85
42 134 rgb255=153,113,67
43 134 rgb255=153,96,83
44 134 rgb255=174,114,109
45 134 rgb255=183,142,132
46 134 rgb255=190,166,159
47 134 rgb255=198,178,167
48 134 rgb255=191,157,138
49 134 rgb255=168,110,87
50 134 rgb255=153,113,96
51 134 rgb255=113,101,90
52 134 rgb255=125,99,88
53 134 rgb255=188,146,131
54 134 rgb255=197,167,148
55 134 rgb255=194,175,156
56 134 rgb255=199,191,173
57 134 rgb255=186,186,170
58 134 rgb255=168,177,162
59 134 rgb255=159,169,156
60 134 rgb255=150,155,140
61 134 rgb255=126,129,104
62 134 rgb255=99,101,67
63 134 rgb255=90,94,50
64 134 rgb255=108,116,57
65 134 rgb255=100,110,47
66 134 rgb255=76,85,36
67 134 rgb255=53,57,29
68 134 rgb255=57,62,23
69 134 rgb255=63,68,33
70 134 rgb255=58,62,40
71 134 rgb255=66,72,35
72 134 rgb255=79,84,46
73 134 rgb255=255,255,255
74 134 rgb255=255,255,255
75 134 rgb255=255,255,255
76 134 rgb255=255,255,255
77 134 rgb255=255,255,255
78 134 rgb255=255,255,255
79 134 rgb255=255,255,255
80 134 rgb255=255,255,255
81 134 rgb255=255,255,255
82 134 rgb255=139,90,5
83 134 rgb255=136,81,10
84 134 rgb255=120,82,1
85 134 rgb255=158,148,19
86 134 rgb255=147,165,43
87 134 rgb255=87,121,43
88 134 rgb255=92,126,41
89 134 rgb255=83,116,35
90 134 rgb255=87,123,35
91 134 rgb255=98,139,36
92 134 rgb255=104,135,29
93 134 rgb255=119,134,23
94 134 rgb255=130,132,50
95 134 rgb255=141,135,81
96 134 rgb255=147,134,47
97 134 rgb255=159,144,40
98 134 rgb255=142,135,24
99 134 rgb255=145,147,16
100 134 rgb255=150,158,51
101 134 rgb255=141,161,77
102 134 rgb255=139,170,63
103 134 rgb255=144,172,38
104 134 rgb255=139,170,34
105 134 rgb255=106,135,41
106 134 rgb255=46,69,26
107 134 rgb255=21,41,9
108 134 rgb255=27,40,14
109 134 rgb255=39,47,17
110 134 rgb255=91,100,17
111 134 rgb255=163,165,15
112 134 rgb255=167,147,7
113 134 rgb255=118,75,4
114 134 rgb255=255,255,255
115 134 rgb255=255,255,255
116 134 rgb255=255,255,255
117 134 rgb255=255,255,255
118 134 rgb255=255,255,255
119 134 rgb255=255,255,255
120 134 rgb255=255,255,255
121 134 rgb255=255,255,255
122 134 rgb255=255,255,255
123 134 rgb255=244,239,241
124 134 rgb255=239,235,236
125 134 rgb255=239,235,236
126 134 rgb255=240,236,236
127 134 rgb255=241,237,234
128 134 rgb255=241,237,234
129 134 rgb255=241,237,234
130 134 rgb255=241,237,234
131 134 rgb255=240,237,236
132 134 rgb255=240,239,240
133 134 rgb255=204,206,203
134 134 rgb255=165,172,164
135 134 rgb255=169,178,168
136 134 rgb255=174,179,172
137 134 rgb255=176,180,174
138 134 rgb255=175,183,176
139 134 rgb255=174,185,177
140 134 rgb255=175,188,180
141 134 rgb255=172,186,182
142 134 rgb255=184,193,189
143 134 rgb255=200,203,198
144 134 rgb255=184,182,176
145 134 rgb255=233,228,225
146 134 rgb255=243,239,240
147 134 rgb255=240,236,237
148 134 rgb255=241,237,238
149 134 rgb255=241,237,238
150 134 rgb255=241,237,238
151 134 rgb255=241,237,238
152 134 rgb255=240,236,237
153 134 rgb255=239,235,236
154 134 rgb255=244,240,241
155 134 rgb255=255,255,255
156 134 rgb255=255,255,255
157 134 rgb255=255,255,255
158 134 rgb255=255,255,255
159 134 rgb255=255,255,255
160 134 rgb255=255,255,255
161 134 rgb255=255,255,255
162 134 rgb255=255,255,255
163 134 rgb255=255,255,255
164 134 rgb255=241,235,219
165 134 rgb255=237,223,202
166 134 rgb255=233,212,194
167 134 rgb255=203,181,159
168 134 rgb255=148,124,95
169 134 rgb255=125,98,63
170 134 rgb255=159,129,88
171 134 rgb255=166,132,95
172 134 rgb255=124,92,64
173 134 rgb255=109,80,60
174 134 rgb255=132,92,77
175 134 rgb255=137,74,64
176 134 rgb255=131,46,45
177 134 rgb255=125,40,38
178 134 rgb255=120,35,34
179 134 rgb255=115,33,32
180 134 rgb255=110,34,33
181 134 rgb255=111,35,34
182 134 rgb255=112,36,35
183 134 rgb255=113,38,37
184 134 rgb255=114,38,40
185 134 rgb255=113,37,40
186 134 rgb255=113,37,40
187 134 rgb255=114,38,40
188 134 rgb255=117,39,38
189 134 rgb255=118,41,37
190 134 rgb255=117,43,38
191 134 rgb255=116,47,39
192 134 rgb255=118,54,42
193 134 rgb255=129,74,58
194 134 rgb255=164,124,113
195 134 rgb255=226,212,206
0 133 rgb255=220,221,215
1 133 rgb255=222,223,217
2 133 rgb255=197,199,193
3 133 rgb255=169,176,167
4 133 rgb255=179,181,176
5 133 rgb255=199,203,198
6 133 rgb255=129,130,119
7 133 rgb255=74,60,46
8 133 rgb255=78,60,41
9 133 rgb255=104,85,61
10 133 rgb255=137,116,92
11 133 rgb255=164,141,120
12 133 rgb255=172,142,123
13 133 rgb255=178,138,119
14 133 rgb255=202,161,139
15 133 rgb255=151,116,92
16 133 rgb255=158,123,98
17 133 rgb255=180,146,123
18 133 rgb255=158,129,109
19 133 rgb255=163,138,120
20 133 rgb255=184,157,135
21 133 rgb255=178,154,133
22 133 rgb255=169,155,140
23 133 rgb255=166,161,153
24 133 rgb255=148,151,142
25 133 rgb255=129,137,126
26 133 rgb255=116,127,116
27 133 rgb255=118,129,119
28 133 rgb255=116,126,118
29 133 rgb255=93,104,95
30 133 rgb255=92,103,94
31 133 rgb255=107,118,110
32 133 rgb255=255,255,255
33 133 rgb255=255,255,255
34 133 rgb255=255,255,255
35 133 rgb255=255,255,255
36 133 rgb255=255,255,255
37 133 rgb255=255,255,255
38 133 rgb255=255,255,255
39 133 rgb255=255,255,255
40 133 rgb255=255,255,255
41 133 rgb255=202,160,80
42 133 rgb255=182,142,79
43 133 rgb255=154,104,74
44 133 rgb255=138,84,68
45 133 rgb255=138,96,75
46 133 rgb255=150,118,106
47 133 rgb255=156,124,114
48 133 rgb255=156,113,99
49 133 rgb255=151,99,80
50 133 rgb255=119,100,78
51 133 rgb255=58,67,46
52 133 rgb255=84,70,53
53 133 rgb255=135,93,79
54 133 rgb255=157,124,108
55 133 rgb255=163,138,121
56 133 rgb255=164,149,130
57 133 rgb255=157,149,128
58 133 rgb255=135,132,112
59 133 rgb255=132,130,108
60 133 rgb255=119,114,87
61 133 rgb255=100,93,60
62 133 rgb255=91,84,47
63 133 rgb255=115,112,67
64 133 rgb255=127,130,67
65 133 rgb255=105,113,49
66 133 rgb255=79,87,41
67 133 rgb255=75,77,51
68 133 rgb255=108,112,46
69 133 rgb255=107,109,47
70 133 rgb255=90,87,54
71 133 rgb255=114,110,51
72 133 rgb255=131,120,58
73 133 rgb255=255,255,255
74 133 rgb255=255,255,255
75 133 rgb255=255,255,255
76 133 rgb255=255,255,255
77 133 rgb255=255,255,255
78 133 rgb255=255,255,255
79 133 rgb255=255,255,255
80 133 rgb255=255,255,255
81 133 rgb255=255,255,255
82 133 rgb255=130,80,6
83 133 rgb255=138,94,16
84 133 rgb255=116,90,5
85 133 rgb255=140,135,18
86 133 rgb255=140,161,43
87 133 rgb255=88,127,41
88 133 rgb255=88,125,37
89 133 rgb255=91,125,37
90 133 rgb255=96,128,41
91 133 rgb255=105,135,50
92 133 rgb255=111,137,58
93 133 rgb255=120,138,65
94 133 rgb255=133,138,87
95 133 rgb255=151,145,106
96 133 rgb255=153,144,74
97 133 rgb255=157,150,58
98 133 rgb255=139,139,34
99 133 rgb255=127,137,14
100 133 rgb255=128,145,38
101 133 rgb255=124,147,63
102 133 rgb255=127,153,62
103 133 rgb255=135,153,34
104 133 rgb255=128,147,19
105 133 rgb255=137,156,68
106 133 rgb255=119,136,95
107 133 rgb255=88,109,64
108 133 rgb255=91,114,65
109 133 rgb255=109,127,52
110 133 rgb255=158,167,25
111 133 rgb255=191,187,16
112 133 rgb255=170,151,16
113 133 rgb255=130,100,20
114 133 rgb255=255,255,255
115 133 rgb255=255,255,255
116 133 rgb255=255,255,255
117 133 rgb255=255,255,255
118 133 rgb255=255,255,255
119 133 rgb255=255,255,255
120 133 rgb255=255,255,255
121 133 rgb255=255,255,255
122 133 rgb255=255,255,255
123 133 rgb255=244,240,241
124 133 rgb255=240,236,237
125 133 rgb255=240,236,237
126 133 rgb255=240,236,236
127 133 rgb255=241,237,234
128 133 rgb255=241,237,234
129 133 rgb255=241,237,234
130 133 rgb255=242,238,235
131 133 rgb255=240,237,237
132 133 rgb255=240,240,240
133 133 rgb255=215,217,214
134 133 rgb255=169,176,168
135 133 rgb255=170,179,169
136 133 rgb255=176,181,174
137 133 rgb255=178,182,176
138 133 rgb255=177,185,177
139 133 rgb255=174,186,177
140 133 rgb255=174,187,180
141 133 rgb255=173,187,182
142 133 rgb255=158,167,163
143 133 rgb255=155,157,152
144 133 rgb255=220,218,211
145 133 rgb255=245,240,237
146 133 rgb255=242,238,239
147 133 rgb255=242,238,239
148 133 rgb255=242,238,239
149 133 rgb255=242,238,239
150 133 rgb255=242,238,239
151 133 rgb255=242,238,239
152 133 rgb255=242,238,239
153 133 rgb255=241,237,238
154 133 rgb255=246,241,242
155 133 rgb255=255,255,255
156 133 rgb255=255,255,255
157 133 rgb255=255,255,255
158 133 rgb255=255,255,255
159 133 rgb255=255,255,255
160 133 rgb255=255,255,255
161 133 rgb255=255,255,255
162 133 rgb255=255,255,255
163 133 rgb255=255,255,255
164 133 rgb255=237,232,216
165 133 rgb255=224,210,189
166 133 rgb255=173,152,133
167 133 rgb255=118,92,71
168 133 rgb255=94,65,38
169 133 rgb255=107,74,41
170 133 rgb255=151,116,76
171 133 rgb255=165,129,89
172 133 rgb255=140,107,75
173 133 rgb255=136,112,91
174 133 rgb255=159,139,122
175 133 rgb255=154,126,109
176 133 rgb255=125,76,62
177 133 rgb255=107,46,36
178 133 rgb255=107,35,29
179 133 rgb255=108,30,26
180 133 rgb255=105,30,23
181 133 rgb255=107,32,25
182 133 rgb255=108,33,26
183 133 rgb255=108,33,27
184 133 rgb255=109,34,30
185 133 rgb255=110,35,32
186 133 rgb255=111,36,33
187 133 rgb255=111,36,33
188 133 rgb255=112,38,33
189 133 rgb255=113,41,35
190 133 rgb255=113,44,37
191 133 rgb255=115,52,42
192 133 rgb255=125,71,56
193 133 rgb255=155,120,97
194 133 rgb255=206,190,171
195 133 rgb255=235,235,223
0 132 rgb255=200,200,190
1 132 rgb255=199,200,191
2 132 rgb255=176,180,171
3 132 rgb255=161,166,154
4 132 rgb255=213,215,205
5 132 rgb255=234,235,228
6 132 rgb255=144,142,132
7 132 rgb255=74,65,49
8 132 rgb255=83,67,51
9 132 rgb255=88,72,57
10 132 rgb255=105,89,69
11 132 rgb255=138,121,95
12 132 rgb255=162,132,114
13 132 rgb255=158,120,103
14 132 rgb255=174,136,116
15 132 rgb255=149,117,93
16 132 rgb255=151,116,94
17 132 rgb255=165,129,107
18 132 rgb255=157,123,100
19 132 rgb255=161,129,104
20 132 rgb255=181,147,122
21 132 rgb255=171,140,117
22 132 rgb255=151,130,112
23 132 rgb255=146,134,120
24 132 rgb255=133,130,117
25 132 rgb255=118,123,111
26 132 rgb255=108,120,109
27 132 rgb255=107,121,114
28 132 rgb255=107,117,113
29 132 rgb255=104,115,106
30 132 rgb255=106,117,108
31 132 rgb255=117,128,118
32 132 rgb255=255,255,255
33 132 rgb255=255,255,255
34 132 rgb255=255,255,255
35 132 rgb255=255,255,255
36 132 rgb255=255,255,255
37 132 rgb255=255,255,255
38 132 rgb255=255,255,255
39 132 rgb255=255,255,255
40 132 rgb255=255,255,255
41 132 rgb255=167,122,66
42 132 rgb255=160,123,71
43 132 rgb255=159,120,72
44 132 rgb255=144,100,62
45 132 rgb255=99,60,38
46 132 rgb255=94,69,57
47 132 rgb255=96,79,73
48 132 rgb255=97,78,71
49 132 rgb255=103,77,60
50 132 rgb255=80,70,50
51 132 rgb255=39,46,29
52 132 rgb255=53,47,33
53 132 rgb255=87,66,52
54 132 rgb255=97,77,63
55 132 rgb255=92,76,61
56 132 rgb255=98,85,69
57 132 rgb255=102,93,75
58 132 rgb255=97,85,63
59 132 rgb255=96,83,55
60 132 rgb255=94,79,47
61 132 rgb255=98,79,42
62 132 rgb255=111,95,54
63 132 rgb255=130,126,76
64 132 rgb255=132,133,70
65 132 rgb255=114,118,56
66 132 rgb255=87,91,47
67 132 rgb255=101,92,52
68 132 rgb255=154,143,61
69 132 rgb255=143,130,58
70 132 rgb255=126,110,57
71 132 rgb255=164,146,62
72 132 rgb255=176,139,64
73 132 rgb255=255,255,255
74 132 rgb255=255,255,255
75 132 rgb255=255,255,255
76 132 rgb255=255,255,255
77 132 rgb255=255,255,255
78 132 rgb255=255,255,255
79 132 rgb255=255,255,255
80 132 rgb255=255,255,255
81 132 rgb255=255,255,255
82 132 rgb255=128,80,12
83 132 rgb255=130,89,22
84 132 rgb255=110,84,14
85 132 rgb255=136,129,42
86 132 rgb255=111,129,37
87 132 rgb255=74,110,27
88 132 rgb255=85,115,38
89 132 rgb255=90,113,44
90 132 rgb255=113,130,69
91 132 rgb255=138,150,95
92 132 rgb255=150,160,114
93 132 rgb255=153,159,117
94 132 rgb255=149,148,120
95 132 rgb255=152,144,122
96 132 rgb255=152,145,92
97 132 rgb255=142,137,69
98 132 rgb255=119,120,39
99 132 rgb255=120,131,26
100 132 rgb255=121,140,40
101 132 rgb255=119,145,54
102 132 rgb255=114,142,45
103 132 rgb255=108,130,25
104 132 rgb255=114,134,27
105 132 rgb255=136,151,76
106 132 rgb255=147,157,118
107 132 rgb255=144,157,110
108 132 rgb255=128,149,85
109 132 rgb255=150,170,75
110 132 rgb255=177,187,45
111 132 rgb255=174,171,17
112 132 rgb255=164,149,20
113 132 rgb255=156,140,44
114 132 rgb255=255,255,255
115 132 rgb255=255,255,255
116 132 rgb255=255,255,255
117 132 rgb255=255,255,255
118 132 rgb255=255,255,255
119 132 rgb255=255,255,255
120 132 rgb255=255,255,255
121 132 rgb255=255,255,255
122 132 rgb255=255,255,255
123 132 rgb255=244,240,241
124 132 rgb255=240,236,237
125 132 rgb255=240,236,237
126 132 rgb255=240,236,236
127 132 rgb255=240,236,233
128 132 rgb255=240,236,233
129 132 rgb255=240,236,233
130 132 rgb255=241,237,233
131 132 rgb255=240,237,236
132 132 rgb255=238,238,239
133 132 rgb255=225,227,225
134 132 rgb255=176,182,175
135 132 rgb255=170,179,169
136 132 rgb255=179,184,177
137 132 rgb255=181,185,179
138 132 rgb255=177,186,178
139 132 rgb255=173,185,176
140 132 rgb255=172,186,178
141 132 rgb255=171,184,180
142 132 rgb255=159,168,164
143 132 rgb255=195,198,193
144 132 rgb255=242,240,233
145 132 rgb255=242,237,234
146 132 rgb255=242,238,239
147 132 rgb255=242,238,239
148 132 rgb255=242,238,239
149 132 rgb255=242,238,239
150 132 rgb255=242,238,239
151 132 rgb255=242,238,239
152 132 rgb255=242,238,239
153 132 rgb255=242,238,239
154 132 rgb255=246,242,243
155 132 rgb255=255,255,255
156 132 rgb255=255,255,255
157 132 rgb255=255,255,255
158 132 rgb255=255,255,255
159 132 rgb255=255,255,255
160 132 rgb255=255,255,255
161 132 rgb255=255,255,255
162 132 rgb255=255,255,255
163 132 rgb255=255,255,255
164 132 rgb255=227,219,204
165 132 rgb255=146,130,112
166 132 rgb255=76,55,39
167 132 rgb255=75,49,26
168 132 rgb255=103,73,44
169 132 rgb255=101,69,35
170 132 rgb255=125,92,53
171 132 rgb255=151,120,77
172 132 rgb255=148,118,82
173 132 rgb255=151,122,100
174 132 rgb255=162,137,122
175 132 rgb255=147,126,109
176 132 rgb255=119,95,74
177 132 rgb255=98,62,44
178 132 rgb255=94,45,32
179 132 rgb255=97,38,28
180 132 rgb255=100,35,24
181 132 rgb255=102,33,23
182 132 rgb255=106,33,24
183 132 rgb255=108,33,25
184 132 rgb255=107,33,27
185 132 rgb255=107,33,28
186 132 rgb255=109,35,30
187 132 rgb255=110,36,31
188 132 rgb255=109,37,31
189 132 rgb255=109,40,32
190 132 rgb255=111,48,37
191 132 rgb255=124,69,53
192 132 rgb255=156,113,92
193 132 rgb255=198,175,149
194 132 rgb255=226,221,199
195 132 rgb255=234,239,226
0 131 rgb255=234,234,222
1 131 rgb255=218,220,210
2 131 rgb255=177,182,173
3 131 rgb255=144,149,135
4 131 rgb255=212,214,202
5 131 rgb255=239,239,228
6 131 rgb255=163,161,143
7 131 rgb255=80,75,54
8 131 rgb255=65,55,42
9 131 rgb255=47,36,29
10 131 rgb255=44,33,24
11 131 rgb255=99,87,70
12 131 rgb255=151,125,109
13 131 rgb255=144,110,94
14 131 rgb255=147,113,94
15 131 rgb255=141,110,89
16 131 rgb255=154,119,99
17 131 rgb255=151,116,94
18 131 rgb255=144,109,85
19 131 rgb255=148,114,86
20 131 rgb255=169,135,108
21 131 rgb255=155,123,99
22 131 rgb255=140,115,94
23 131 rgb255=141,121,105
24 131 rgb255=147,135,121
25 131 rgb255=130,129,116
26 131 rgb255=99,109,97
27 131 rgb255=90,104,97
28 131 rgb255=94,106,101
29 131 rgb255=110,119,110
30 131 rgb255=121,129,120
31 131 rgb255=130,138,129
32 131 rgb255=255,255,255
33 131 rgb255=255,255,255
34 131 rgb255=255,255,255
35 131 rgb255=255,255,255
36 131 rgb255=255,255,255
37 131 rgb255=255,255,255
38 131 rgb255=255,255,255
39 131 rgb255=255,255,255
40 131 rgb255=255,255,255
41 131 rgb255=155,112,73
42 131 rgb255=113,80,48
43 131 rgb255=117,88,40
44 131 rgb255=166,128,79
45 131 rgb255=131,87,58
46 131 rgb255=61,36,16
47 131 rgb255=43,37,27
48 131 rgb255=42,46,39
49 131 rgb255=50,50,34
50 131 rgb255=46,42,26
51 131 rgb255=36,33,22
52 131 rgb255=35,37,25
53 131 rgb255=45,48,34
54 131 rgb255=48,47,33
55 131 rgb255=52,49,35
56 131 rgb255=65,58,46
57 131 rgb255=70,61,49
58 131 rgb255=75,64,45
59 131 rgb255=85,72,47
60 131 rgb255=96,80,50
61 131 rgb255=102,84,49
62 131 rgb255=114,98,57
63 131 rgb255=133,127,74
64 131 rgb255=134,132,70
65 131 rgb255=118,117,58
66 131 rgb255=91,90,44
67 131 rgb255=118,103,47
68 131 rgb255=167,147,62
69 131 rgb255=145,124,53
70 131 rgb255=140,120,53
71 131 rgb255=188,168,68
72 131 rgb255=188,146,62
73 131 rgb255=255,255,255
74 131 rgb255=255,255,255
75 131 rgb255=255,255,255
76 131 rgb255=255,255,255
77 131 rgb255=255,255,255
78 131 rgb255=255,255,255
79 131 rgb255=255,255,255
80 131 rgb255=255,255,255
81 131 rgb255=255,255,255
82 131 rgb255=117,72,11
83 131 rgb255=111,72,13
84 131 rgb255=107,82,19
85 131 rgb255=156,150,77
86 131 rgb255=127,142,64
87 131 rgb255=90,119,45
88 131 rgb255=111,131,72
89 131 rgb255=135,144,102
90 131 rgb255=161,161,130
91 131 rgb255=167,162,139
92 131 rgb255=165,157,142
93 131 rgb255=159,153,134
94 131 rgb255=156,148,138
95 131 rgb255=147,138,130
96 131 rgb255=134,130,92
97 131 rgb255=97,94,57
98 131 rgb255=62,62,27
99 131 rgb255=89,99,32
100 131 rgb255=115,134,55
101 131 rgb255=119,145,58
102 131 rgb255=111,142,42
103 131 rgb255=106,136,43
104 131 rgb255=107,131,48
105 131 rgb255=109,123,64
106 131 rgb255=139,143,107
107 131 rgb255=158,159,121
108 131 rgb255=144,157,98
109 131 rgb255=147,163,82
110 131 rgb255=168,176,70
111 131 rgb255=166,166,40
112 131 rgb255=159,153,19
113 131 rgb255=154,150,25
114 131 rgb255=255,255,255
115 131 rgb255=255,255,255
116 131 rgb255=255,255,255
117 131 rgb255=255,255,255
118 131 rgb255=255,255,255
119 131 rgb255=255,255,255
120 131 rgb255=255,255,255
121 131 rgb255=255,255,255
122 131 rgb255=255,255,255
123 131 rgb255=244,240,241
124 131 rgb255=240,236,236
125 131 rgb255=240,236,237
126 131 rgb255=240,236,236
127 131 rgb255=240,236,233
128 131 rgb255=240,236,233
129 131 rgb255=239,235,232
130 131 rgb255=239,235,232
131 131 rgb255=239,236,235
132 131 rgb255=237,236,237
133 131 rgb255=231,233,230
134 131 rgb255=185,191,184
135 131 rgb255=168,177,167
136 131 rgb255=178,182,175
137 131 rgb255=180,184,178
138 131 rgb255=176,184,177
139 131 rgb255=172,183,175
140 131 rgb255=171,184,176
141 131 rgb255=171,184,180
142 131 rgb255=195,204,200
143 131 rgb255=231,234,229
144 131 rgb255=240,237,231
145 131 rgb255=242,238,235
146 131 rgb255=242,238,239
147 131 rgb255=242,238,239
148 131 rgb255=242,238,239
149 131 rgb255=242,238,239
150 131 rgb255=242,238,239
151 131 rgb255=242,238,239
152 131 rgb255=242,238,239
153 131 rgb255=242,238,238
154 131 rgb255=246,242,243
155 131 rgb255=255,255,255
156 131 rgb255=255,255,255
157 131 rgb255=255,255,255
158 131 rgb255=255,255,255
159 131 rgb255=255,255,255
160 131 rgb255=255,255,255
161 131 rgb255=255,255,255
162 131 rgb255=255,255,255
163 131 rgb255=255,255,255
164 131 rgb255=223,213,197
165 131 rgb255=127,109,92
166 131 rgb255=71,52,36
167 131 rgb255=84,60,36
168 131 rgb255=97,72,43
169 131 rgb255=87,61,31
170 131 rgb255=101,75,44
171 131 rgb255=117,92,59
172 131 rgb255=124,99,66
173 131 rgb255=145,119,90
174 131 rgb255=159,133,108
175 131 rgb255=142,117,95
176 131 rgb255=117,91,70
177 131 rgb255=102,73,53
178 131 rgb255=105,70,52
179 131 rgb255=101,62,46
180 131 rgb255=95,52,36
181 131 rgb255=93,43,30
182 131 rgb255=97,39,28
183 131 rgb255=100,36,28
184 131 rgb255=102,35,28
185 131 rgb255=102,35,28
186 131 rgb255=103,36,28
187 131 rgb255=105,39,31
188 131 rgb255=108,45,35
189 131 rgb255=114,57,42
190 131 rgb255=125,77,55
191 131 rgb255=143,104,76
192 131 rgb255=169,138,107
193 131 rgb255=194,172,144
194 131 rgb255=215,203,182
195 131 rgb255=234,233,221
0 130 rgb255=238,238,225
1 130 rgb255=216,218,208
2 130 rgb255=177,181,174
3 130 rgb255=176,181,169
4 130 rgb255=204,206,192
5 130 rgb255=203,203,186
6 130 rgb255=140,139,109
7 130 rgb255=86,85,54
8 130 rgb255=67,65,48
9 130 rgb255=43,39,33
10 130 rgb255=29,25,23
11 130 rgb255=80,73,69
12 130 rgb255=134,117,102
13 130 rgb255=134,106,91
14 130 rgb255=127,95,79
15 130 rgb255=126,95,77
16 130 rgb255=147,116,96
17 130 rgb255=145,112,91
18 130 rgb255=135,103,79
19 130 rgb255=140,107,81
20 130 rgb255=160,128,100
21 130 rgb255=143,113,86
22 130 rgb255=133,104,82
23 130 rgb255=143,115,97
24 130 rgb255=155,133,118
25 130 rgb255=152,143,131
26 130 rgb255=106,112,99
27 130 rgb255=78,92,83
28 130 rgb255=88,100,92
29 130 rgb255=109,113,104
30 130 rgb255=126,129,119
31 130 rgb255=144,147,138
32 130 rgb255=255,255,255
33 130 rgb255=255,255,255
34 130 rgb255=255,255,255
35 130 rgb255=255,255,255
36 130 rgb255=255,255,255
37 130 rgb255=255,255,255
38 130 rgb255=255,255,255
39 130 rgb255=255,255,255
40 130 rgb255=255,255,255
41 130 rgb255=148,114,74
42 130 rgb255=109,82,63
43 130 rgb255=93,68,41
44 130 rgb255=154,114,73
45 130 rgb255=184,127,83
46 130 rgb255=112,73,38
47 130 rgb255=60,45,21
48 130 rgb255=36,40,24
49 130 rgb255=29,39,23
50 130 rgb255=45,43,29
51 130 rgb255=61,52,43
52 130 rgb255=35,40,30
53 130 rgb255=34,51,38
54 130 rgb255=44,56,41
55 130 rgb255=70,76,63
56 130 rgb255=65,64,53
57 130 rgb255=60,53,44
58 130 rgb255=71,69,57
59 130 rgb255=75,74,59
60 130 rgb255=80,77,56
61 130 rgb255=87,81,55
62 130 rgb255=102,96,61
63 130 rgb255=125,120,66
64 130 rgb255=131,127,67
65 130 rgb255=120,115,57
66 130 rgb255=110,102,51
67 130 rgb255=146,132,68
68 130 rgb255=162,146,69
69 130 rgb255=143,129,63
70 130 rgb255=129,119,52
71 130 rgb255=160,154,63
72 130 rgb255=163,149,64
73 130 rgb255=255,255,255
74 130 rgb255=255,255,255
75 130 rgb255=255,255,255
76 130 rgb255=255,255,255
77 130 rgb255=255,255,255
78 130 rgb255=255,255,255
79 130 rgb255=255,255,255
80 130 rgb255=255,255,255
81 130 rgb255=255,255,255
82 130 rgb255=110,68,8
83 130 rgb255=111,77,9
84 130 rgb255=114,97,19
85 130 rgb255=161,163,70
86 130 rgb255=155,170,86
87 130 rgb255=147,165,105
88 130 rgb255=157,166,126
89 130 rgb255=166,164,143
90 130 rgb255=167,158,145
91 130 rgb255=166,152,143
92 130 rgb255=161,148,141
93 130 rgb255=155,145,133
94 130 rgb255=126,117,110
95 130 rgb255=86,79,74
96 130 rgb255=97,97,66
97 130 rgb255=69,69,55
98 130 rgb255=15,16,18
99 130 rgb255=21,31,8
100 130 rgb255=52,70,26
101 130 rgb255=94,119,54
102 130 rgb255=112,144,55
103 130 rgb255=100,134,53
104 130 rgb255=74,100,39
105 130 rgb255=61,74,30
106 130 rgb255=98,97,64
107 130 rgb255=136,127,99
108 130 rgb255=148,149,116
109 130 rgb255=152,160,116
110 130 rgb255=164,170,105
111 130 rgb255=165,170,68
112 130 rgb255=159,164,20
113 130 rgb255=151,153,4
114 130 rgb255=255,255,255
115 130 rgb255=255,255,255
116 130 rgb255=255,255,255
117 130 rgb255=255,255,255
118 130 rgb255=255,255,255
119 130 rgb255=255,255,255
120 130 rgb255=255,255,255
121 130 rgb255=255,255,255
122 130 rgb255=255,255,255
123 130 rgb255=243,239,238
124 130 rgb255=238,234,233
125 130 rgb255=238,234,233
126 130 rgb255=238,234,233
127 130 rgb255=239,235,232
128 130 rgb255=239,235,232
129 130 rgb255=237,233,230
130 130 rgb255=236,232,229
131 130 rgb255=236,231,230
132 130 rgb255=234,230,229
133 130 rgb255=229,228,225
134 130 rgb255=193,196,190
135 130 rgb255=169,174,167
136 130 rgb255=175,181,174
137 130 rgb255=179,186,179
138 130 rgb255=176,186,178
139 130 rgb255=174,185,176
140 130 rgb255=171,181,174
141 130 rgb255=187,192,190
142 130 rgb255=221,223,222
143 130 rgb255=233,232,230
144 130 rgb255=236,232,230
145 130 rgb255=238,234,232
146 130 rgb255=240,236,235
147 130 rgb255=241,237,236
148 130 rgb255=241,237,236
149 130 rgb255=241,237,236
150 130 rgb255=241,237,236
151 130 rgb255=242,238,237
152 130 rgb255=242,238,237
153 130 rgb255=241,237,236
154 130 rgb255=246,242,241
155 130 rgb255=255,255,255
156 130 rgb255=255,255,255
157 130 rgb255=255,255,255
158 130 rgb255=255,255,255
159 130 rgb255=255,255,255
160 130 rgb255=255,255,255
161 130 rgb255=255,255,255
162 130 rgb255=255,255,255
163 130 rgb255=255,255,255
164 130 rgb255=231,221,203
165 130 rgb255=193,175,151
166 130 rgb255=136,118,94
167 130 rgb255=106,83,58
168 130 rgb255=96,70,46
169 130 rgb255=93,67,43
170 130 rgb255=101,74,50
171 130 rgb255=99,73,50
172 130 rgb255=106,80,55
173 130 rgb255=138,113,83
174 130 rgb255=159,134,100
175 130 rgb255=147,120,88
176 130 rgb255=124,94,69
177 130 rgb255=114,84,60
178 130 rgb255=125,96,71
179 130 rgb255=123,95,69
180 130 rgb255=110,82,57
181 130 rgb255=100,69,45
182 130 rgb255=96,61,38
183 130 rgb255=95,55,34
184 130 rgb255=98,51,32
185 130 rgb255=100,49,32
186 130 rgb255=103,52,34
187 130 rgb255=109,59,41
188 130 rgb255=116,73,51
189 130 rgb255=127,91,64
190 130 rgb255=139,108,76
191 130 rgb255=150,122,84
192 130 rgb255=161,134,94
193 130 rgb255=177,152,116
194 130 rgb255=200,184,159
195 130 rgb255=233,228,217
0 129 rgb255=222,222,208
1 129 rgb255=189,191,182
2 129 rgb255=172,176,170
3 129 rgb255=187,191,181
4 129 rgb255=186,188,173
5 129 rgb255=168,169,148
6 129 rgb255=121,122,85
7 129 rgb255=105,108,67
8 129 rgb255=94,99,69
9 129 rgb255=56,59,41
10 129 rgb255=47,48,43
11 129 rgb255=92,90,88
12 129 rgb255=122,112,99
13 129 rgb255=115,94,81
14 129 rgb255=101,72,60
15 129 rgb255=111,83,69
16 129 rgb255=135,111,93
17 129 rgb255=138,113,93
18 129 rgb255=140,113,92
19 129 rgb255=152,123,100
20 129 rgb255=167,139,112
21 129 rgb255=143,115,88
22 129 rgb255=135,105,81
23 129 rgb255=144,111,90
24 129 rgb255=152,124,108
25 129 rgb255=164,149,136
26 129 rgb255=128,129,115
27 129 rgb255=82,94,82
28 129 rgb255=94,105,96
29 129 rgb255=120,121,112
30 129 rgb255=140,140,130
31 129 rgb255=164,165,155
32 129 rgb255=255,255,255
33 129 rgb255=255,255,255
34 129 rgb255=255,255,255
35 129 rgb255=255,255,255
36 129 rgb255=255,255,255
37 129 rgb255=255,255,255
38 129 rgb255=255,255,255
39 129 rgb255=255,255,255
40 129 rgb255=255,255,255
41 129 rgb255=125,104,64
42 129 rgb255=111,91,70
43 129 rgb255=96,70,58
44 129 rgb255=146,105,77
45 129 rgb255=190,133,82
46 129 rgb255=176,127,82
47 129 rgb255=139,111,78
48 129 rgb255=79,71,50
49 129 rgb255=49,52,37
50 129 rgb255=61,56,41
51 129 rgb255=89,77,65
52 129 rgb255=51,51,41
53 129 rgb255=33,46,35
54 129 rgb255=43,56,40
55 129 rgb255=75,83,68
56 129 rgb255=64,66,53
57 129 rgb255=58,57,45
58 129 rgb255=60,65,53
59 129 rgb255=56,64,48
60 129 rgb255=64,68,48
61 129 rgb255=70,73,47
62 129 rgb255=83,83,49
63 129 rgb255=109,102,54
64 129 rgb255=134,125,72
65 129 rgb255=135,125,66
66 129 rgb255=123,111,49
67 129 rgb255=144,130,64
68 129 rgb255=122,111,41
69 129 rgb255=140,134,65
70 129 rgb255=117,115,53
71 129 rgb255=105,109,48
72 129 rgb255=111,121,55
73 129 rgb255=255,255,255
74 129 rgb255=255,255,255
75 129 rgb255=255,255,255
76 129 rgb255=255,255,255
77 129 rgb255=255,255,255
78 129 rgb255=255,255,255
79 129 rgb255=255,255,255
80 129 rgb255=255,255,255
81 129 rgb255=255,255,255
82 129 rgb255=100,65,2
83 129 rgb255=105,79,3
84 129 rgb255=130,119,27
85 129 rgb255=155,163,58
86 129 rgb255=160,172,91
87 129 rgb255=158,163,121
88 129 rgb255=159,159,133
89 129 rgb255=161,156,141
90 129 rgb255=165,158,140
91 129 rgb255=158,151,128
92 129 rgb255=148,144,118
93 129 rgb255=126,125,91
94 129 rgb255=74,74,46
95 129 rgb255=42,42,24
96 129 rgb255=80,85,49
97 129 rgb255=58,64,47
98 129 rgb255=10,17,18
99 129 rgb255=17,31,11
100 129 rgb255=12,29,6
101 129 rgb255=58,80,37
102 129 rgb255=108,140,61
103 129 rgb255=100,135,57
104 129 rgb255=86,110,64
105 129 rgb255=47,57,27
106 129 rgb255=54,52,20
107 129 rgb255=77,65,47
108 129 rgb255=95,87,76
109 129 rgb255=110,111,92
110 129 rgb255=129,136,96
111 129 rgb255=146,156,74
112 129 rgb255=151,163,30
113 129 rgb255=158,161,14
114 129 rgb255=255,255,255
115 129 rgb255=255,255,255
116 129 rgb255=255,255,255
117 129 rgb255=255,255,255
118 129 rgb255=255,255,255
119 129 rgb255=255,255,255
120 129 rgb255=255,255,255
121 129 rgb255=255,255,255
122 129 rgb255=255,255,255
123 129 rgb255=243,239,236
124 129 rgb255=238,234,231
125 129 rgb255=237,233,230
126 129 rgb255=237,233,230
127 129 rgb255=237,233,230
128 129 rgb255=237,233,230
129 129 rgb255=235,231,228
130 129 rgb255=233,229,226
131 129 rgb255=233,227,224
132 129 rgb255=229,222,220
133 129 rgb255=221,217,214
134 129 rgb255=190,190,186
135 129 rgb255=158,160,155
136 129 rgb255=160,167,160
137 129 rgb255=167,177,169
138 129 rgb255=167,177,169
139 129 rgb255=166,176,168
140 129 rgb255=169,176,170
141 129 rgb255=199,196,197
142 129 rgb255=221,217,218
143 129 rgb255=225,221,222
144 129 rgb255=230,226,227
145 129 rgb255=234,230,230
146 129 rgb255=237,233,230
147 129 rgb255=239,235,232
148 129 rgb255=241,237,233
149 129 rgb255=241,237,234
150 129 rgb255=242,238,235
151 129 rgb255=242,238,235
152 129 rgb255=242,238,235
153 129 rgb255=242,238,235
154 129 rgb255=247,243,240
155 129 rgb255=255,255,255
156 129 rgb255=255,255,255
157 129 rgb255=255,255,255
158 129 rgb255=255,255,255
159 129 rgb255=255,255,255
160 129 rgb255=255,255,255
161 129 rgb255=255,255,255
162 129 rgb255=255,255,255
163 129 rgb255=255,255,255
164 129 rgb255=229,218,198
165 129 rgb255=212,195,164
166 129 rgb255=176,160,127
167 129 rgb255=150,129,97
168 129 rgb255=134,110,79
169 129 rgb255=130,106,74
170 129 rgb255=134,109,77
171 129 rgb255=132,106,76
172 129 rgb255=134,108,79
173 129 rgb255=151,126,94
174 129 rgb255=162,137,103
175 129 rgb255=156,127,94
176 129 rgb255=138,105,75
177 129 rgb255=132,102,72
178 129 rgb255=142,116,85
179 129 rgb255=143,119,88
180 129 rgb255=139,112,82
181 129 rgb255=131,104,74
182 129 rgb255=123,97,67
183 129 rgb255=117,89,59
184 129 rgb255=117,84,55
185 129 rgb255=119,82,54
186 129 rgb255=121,84,57
187 129 rgb255=127,91,63
188 129 rgb255=135,103,72
189 129 rgb255=143,114,81
190 129 rgb255=152,123,86
191 129 rgb255=159,130,89
192 129 rgb255=166,136,93
193 129 rgb255=173,146,103
194 129 rgb255=191,173,144
195 129 rgb255=234,225,216
0 128 rgb255=200,200,185
1 128 rgb255=162,164,155
2 128 rgb255=153,157,153
3 128 rgb255=169,173,165
4 128 rgb255=179,181,169
5 128 rgb255=179,180,160
6 128 rgb255=130,131,95
7 128 rgb255=101,105,59
8 128 rgb255=106,112,70
9 128 rgb255=77,82,51
10 128 rgb255=86,88,73
11 128 rgb255=122,122,117
12 128 rgb255=135,129,119
13 128 rgb255=95,79,69
14 128 rgb255=67,45,35
15 128 rgb255=102,82,69
16 128 rgb255=124,109,94
17 128 rgb255=129,113,97
18 128 rgb255=131,111,93
19 128 rgb255=138,115,96
20 128 rgb255=158,132,109
21 128 rgb255=141,114,89
22 128 rgb255=133,104,81
23 128 rgb255=147,114,93
24 128 rgb255=153,124,106
25 128 rgb255=165,147,132
26 128 rgb255=144,141,126
27 128 rgb255=94,101,88
28 128 rgb255=109,115,104
29 128 rgb255=144,144,133
30 128 rgb255=159,159,148
31 128 rgb255=179,179,168
32 128 rgb255=255,255,255
33 128 rgb255=255,255,255
34 128 rgb255=255,255,255
35 128 rgb255=255,255,255
36 128 rgb255=255,255,255
37 128 rgb255=255,255,255
38 128 rgb255=255,255,255
39 128 rgb255=255,255,255
40 128 rgb255=255,255,255
41 128 rgb255=87,76,48
42 128 rgb255=92,79,48
43 128 rgb255=108,82,63
44 128 rgb255=134,96,72
45 128 rgb255=163,118,73
46 128 rgb255=172,128,85
47 128 rgb255=140,108,78
48 128 rgb255=90,73,57
49 128 rgb255=73,62,52
50 128 rgb255=71,59,43
51 128 rgb255=72,62,43
52 128 rgb255=54,48,37
53 128 rgb255=47,47,39
54 128 rgb255=47,56,38
55 128 rgb255=65,72,54
56 128 rgb255=69,73,56
57 128 rgb255=52,55,38
58 128 rgb255=54,57,35
59 128 rgb255=58,61,34
60 128 rgb255=66,67,35
61 128 rgb255=78,77,40
62 128 rgb255=75,70,31
63 128 rgb255=89,80,40
64 128 rgb255=130,118,70
65 128 rgb255=151,137,77
66 128 rgb255=135,119,47
67 128 rgb255=140,120,50
68 128 rgb255=129,113,39
69 128 rgb255=156,148,65
70 128 rgb255=119,114,50
71 128 rgb255=63,61,32
72 128 rgb255=64,71,34
73 128 rgb255=255,255,255
74 128 rgb255=255,255,255
75 128 rgb255=255,255,255
76 128 rgb255=255,255,255
77 128 rgb255=255,255,255
78 128 rgb255=255,255,255
79 128 rgb255=255,255,255
80 128 rgb255=255,255,255
81 128 rgb255=255,255,255
82 128 rgb255=109,81,0
83 128 rgb255=121,99,13
84 128 rgb255=143,134,46
85 128 rgb255=138,145,66
86 128 rgb255=142,148,92
87 128 rgb255=164,158,131
88 128 rgb255=166,161,144
89 128 rgb255=152,149,132
90 128 rgb255=152,155,121
91 128 rgb255=151,158,108
92 128 rgb255=147,159,101
93 128 rgb255=141,155,89
94 128 rgb255=107,119,63
95 128 rgb255=59,68,33
96 128 rgb255=78,88,43
97 128 rgb255=76,89,50
98 128 rgb255=71,88,57
99 128 rgb255=94,115,69
100 128 rgb255=81,103,61
101 128 rgb255=83,107,59
102 128 rgb255=111,143,64
103 128 rgb255=104,138,57
104 128 rgb255=119,141,98
105 128 rgb255=109,119,88
106 128 rgb255=55,55,22
107 128 rgb255=41,30,19
108 128 rgb255=55,45,36
109 128 rgb255=81,81,58
110 128 rgb255=96,105,70
111 128 rgb255=102,116,53
112 128 rgb255=142,153,56
113 128 rgb255=153,160,50
114 128 rgb255=255,255,255
115 128 rgb255=255,255,255
116 128 rgb255=255,255,255
117 128 rgb255=255,255,255
118 128 rgb255=255,255,255
119 128 rgb255=255,255,255
120 128 rgb255=255,255,255
121 128 rgb255=255,255,255
122 128 rgb255=255,255,255
123 128 rgb255=245,241,238
124 128 rgb255=239,235,232
125 128 rgb255=239,235,232
126 128 rgb255=239,235,232
127 128 rgb255=238,234,231
128 128 rgb255=238,234,231
129 128 rgb255=236,232,229
130 128 rgb255=234,230,227
131 128 rgb255=235,228,226
132 128 rgb255=233,225,223
133 128 rgb255=227,223,220
134 128 rgb255=208,208,203
135 128 rgb255=169,171,166
136 128 rgb255=152,158,151
137 128 rgb255=158,165,158
138 128 rgb255=166,173,166
139 128 rgb255=177,185,178
140 128 rgb255=198,203,197
141 128 rgb255=224,221,222
142 128 rgb255=231,227,228
143 128 rgb255=232,228,229
144 128 rgb255=236,232,233
145 128 rgb255=239,235,234
146 128 rgb255=240,236,233
147 128 rgb255=241,237,234
148 128 rgb255=242,238,235
149 128 rgb255=242,238,235
150 128 rgb255=243,239,236
151 128 rgb255=244,240,237
152 128 rgb255=244,240,237
153 128 rgb255=243,239,236
154 128 rgb255=248,244,241
155 128 rgb255=255,255,255
156 128 rgb255=255,255,255
157 128 rgb255=255,255,255
158 128 rgb255=255,255,255
159 128 rgb255=255,255,255
160 128 rgb255=255,255,255
161 128 rgb255=255,255,255
162 128 rgb255=255,255,255
163 128 rgb255=255,255,255
164 128 rgb255=222,209,189
165 128 rgb255=203,184,153
166 128 rgb255=184,166,134
167 128 rgb255=175,158,125
168 128 rgb255=172,154,119
169 128 rgb255=176,155,118
170 128 rgb255=176,152,114
171 128 rgb255=169,143,104
172 128 rgb255=162,135,97
173 128 rgb255=163,136,98
174 128 rgb255=170,142,105
175 128 rgb255=166,138,100
176 128 rgb255=153,124,86
177 128 rgb255=150,121,85
178 128 rgb255=155,127,94
179 128 rgb255=156,128,97
180 128 rgb255=159,129,98
181 128 rgb255=159,129,98
182 128 rgb255=156,127,95
183 128 rgb255=151,121,89
184 128 rgb255=151,119,85
185 128 rgb255=151,118,83
186 128 rgb255=150,116,81
187 128 rgb255=152,119,84
188 128 rgb255=157,126,91
189 128 rgb255=161,132,95
190 128 rgb255=164,136,99
191 128 rgb255=169,140,102
192 128 rgb255=174,145,106
193 128 rgb255=177,152,110
194 128 rgb255=191,174,144
195 128 rgb255=233,225,223
0 127 rgb255=173,174,157
1 127 rgb255=154,156,147
2 127 rgb255=142,146,144
3 127 rgb255=142,145,141
4 127 rgb255=158,159,151
5 127 rgb255=164,163,149
6 127 rgb255=106,105,78
7 127 rgb255=86,87,48
8 127 rgb255=107,109,66
9 127 rgb255=107,108,73
10 127 rgb255=121,120,101
11 127 rgb255=156,153,148
12 127 rgb255=163,158,151
13 127 rgb255=112,98,92
14 127 rgb255=72,57,49
15 127 rgb255=111,100,88
16 127 rgb255=108,103,92
17 127 rgb255=111,104,94
18 127 rgb255=122,110,98
19 127 rgb255=131,115,103
20 127 rgb255=147,123,106
21 127 rgb255=153,126,105
22 127 rgb255=151,125,104
23 127 rgb255=154,126,105
24 127 rgb255=168,143,123
25 127 rgb255=183,164,147
26 127 rgb255=158,152,135
27 127 rgb255=112,112,98
28 127 rgb255=131,131,120
29 127 rgb255=162,163,150
30 127 rgb255=169,171,158
31 127 rgb255=188,190,177
32 127 rgb255=255,255,255
33 127 rgb255=255,255,255
34 127 rgb255=255,255,255
35 127 rgb255=255,255,255
36 127 rgb255=255,255,255
37 127 rgb255=255,255,255
38 127 rgb255=255,255,255
39 127 rgb255=255,255,255
40 127 rgb255=255,255,255
41 127 rgb255=53,48,35
42 127 rgb255=75,68,38
43 127 rgb255=116,96,71
44 127 rgb255=102,74,53
45 127 rgb255=112,84,51
46 127 rgb255=127,99,65
47 127 rgb255=93,69,50
48 127 rgb255=64,50,40
49 127 rgb255=74,58,49
50 127 rgb255=95,78,55
51 127 rgb255=71,63,35
52 127 rgb255=52,46,30
53 127 rgb255=59,55,43
54 127 rgb255=56,59,39
55 127 rgb255=62,62,46
56 127 rgb255=67,74,60
57 127 rgb255=67,69,50
58 127 rgb255=89,82,48
59 127 rgb255=103,91,48
60 127 rgb255=116,101,52
61 127 rgb255=138,124,62
62 127 rgb255=128,114,52
63 127 rgb255=123,105,61
64 127 rgb255=123,104,57
65 127 rgb255=150,132,68
66 127 rgb255=153,135,61
67 127 rgb255=165,137,66
68 127 rgb255=175,146,67
69 127 rgb255=183,165,75
70 127 rgb255=143,130,62
71 127 rgb255=89,78,45
72 127 rgb255=68,61,28
73 127 rgb255=255,255,255
74 127 rgb255=255,255,255
75 127 rgb255=255,255,255
76 127 rgb255=255,255,255
77 127 rgb255=255,255,255
78 127 rgb255=255,255,255
79 127 rgb255=255,255,255
80 127 rgb255=255,255,255
81 127 rgb255=255,255,255
82 127 rgb255=145,129,10
83 127 rgb255=150,134,41
84 127 rgb255=155,146,82
85 127 rgb255=153,154,114
86 127 rgb255=154,152,126
87 127 rgb255=149,140,122
88 127 rgb255=124,121,100
89 127 rgb255=111,117,84
90 127 rgb255=136,149,98
91 127 rgb255=147,165,99
92 127 rgb255=143,165,91
93 127 rgb255=139,163,80
94 127 rgb255=144,165,87
95 127 rgb255=127,143,79
96 127 rgb255=110,125,58
97 127 rgb255=119,139,77
98 127 rgb255=127,153,95
99 127 rgb255=131,160,92
100 127 rgb255=126,154,91
101 127 rgb255=132,160,96
102 127 rgb255=128,159,79
103 127 rgb255=98,127,55
104 127 rgb255=79,96,60
105 127 rgb255=84,87,65
106 127 rgb255=57,53,29
107 127 rgb255=28,18,12
108 127 rgb255=42,36,19
109 127 rgb255=105,110,75
110 127 rgb255=131,142,104
111 127 rgb255=102,117,66
112 127 rgb255=130,141,73
113 127 rgb255=149,162,83
114 127 rgb255=255,255,255
115 127 rgb255=255,255,255
116 127 rgb255=255,255,255
117 127 rgb255=255,255,255
118 127 rgb255=255,255,255
119 127 rgb255=255,255,255
120 127 rgb255=255,255,255
121 127 rgb255=255,255,255
122 127 rgb255=255,255,255
123 127 rgb255=246,242,238
124 127 rgb255=241,237,234
125 127 rgb255=240,236,233
126 127 rgb255=241,237,234
127 127 rgb255=241,237,234
128 127 rgb255=241,237,234
129 127 rgb255=241,237,234
130 127 rgb255=239,236,232
131 127 rgb255=241,235,232
132 127 rgb255=242,235,233
133 127 rgb255=239,236,233
134 127 rgb255=235,235,230
135 127 rgb255=225,227,222
136 127 rgb255=214,218,212
137 127 rgb255=213,217,212
138 127 rgb255=217,221,216
139 127 rgb255=224,228,222
140 127 rgb255=234,236,232
141 127 rgb255=241,238,239
142 127 rgb255=242,238,239
143 127 rgb255=241,237,238
144 127 rgb255=242,238,239
145 127 rgb255=243,239,238
146 127 rgb255=244,240,237
147 127 rgb255=245,241,238
148 127 rgb255=244,240,237
149 127 rgb255=244,240,237
150 127 rgb255=245,241,238
151 127 rgb255=245,241,238
152 127 rgb255=245,241,238
153 127 rgb255=245,241,238
154 127 rgb255=249,245,242
155 127 rgb255=255,255,255
156 127 rgb255=255,255,255
157 127 rgb255=255,255,255
158 127 rgb255=255,255,255
159 127 rgb255=255,255,255
160 127 rgb255=255,255,255
161 127 rgb255=255,255,255
162 127 rgb255=255,255,255
163 127 rgb255=255,255,255
164 127 rgb255=225,211,192
165 127 rgb255=215,194,165
166 127 rgb255=209,190,160
167 127 rgb255=202,186,155
168 127 rgb255=202,185,151
169 127 rgb255=202,181,145
170 127 rgb255=195,171,132
171 127 rgb255=183,157,117
172 127 rgb255=171,143,103
173 127 rgb255=168,140,99
174 127 rgb255=176,148,107
175 127 rgb255=175,148,106
176 127 rgb255=168,140,98
177 127 rgb255=167,139,100
178 127 rgb255=170,142,107
179 127 rgb255=170,142,110
180 127 rgb255=172,145,113
181 127 rgb255=175,148,115
182 127 rgb255=175,149,116
183 127 rgb255=174,147,113
184 127 rgb255=176,147,113
185 127 rgb255=177,147,113
186 127 rgb255=176,145,111
187 127 rgb255=177,146,112
188 127 rgb255=179,150,114
189 127 rgb255=178,150,113
190 127 rgb255=178,150,113
191 127 rgb255=180,153,116
192 127 rgb255=182,155,117
193 127 rgb255=183,160,119
194 127 rgb255=195,180,151
195 127 rgb255=232,225,226
0 126 rgb255=126,127,110
1 126 rgb255=140,142,133
2 126 rgb255=142,145,143
3 126 rgb255=143,146,143
4 126 rgb255=147,147,143
5 126 rgb255=137,135,128
6 126 rgb255=83,81,62
7 126 rgb255=74,72,42
8 126 rgb255=100,97,62
9 126 rgb255=120,116,85
10 126 rgb255=152,145,130
11 126 rgb255=180,172,171
12 126 rgb255=186,179,175
13 126 rgb255=140,129,124
14 126 rgb255=95,84,76
15 126 rgb255=138,135,124
16 126 rgb255=109,111,103
17 126 rgb255=113,114,107
18 126 rgb255=122,116,109
19 126 rgb255=136,125,117
20 126 rgb255=153,132,120
21 126 rgb255=166,140,124
22 126 rgb255=164,141,122
23 126 rgb255=156,135,114
24 126 rgb255=160,141,120
25 126 rgb255=184,168,149
26 126 rgb255=174,166,148
27 126 rgb255=148,142,129
28 126 rgb255=154,149,138
29 126 rgb255=165,169,154
30 126 rgb255=176,181,165
31 126 rgb255=194,199,184
32 126 rgb255=255,255,255
33 126 rgb255=255,255,255
34 126 rgb255=255,255,255
35 126 rgb255=255,255,255
36 126 rgb255=255,255,255
37 126 rgb255=255,255,255
38 126 rgb255=255,255,255
39 126 rgb255=255,255,255
40 126 rgb255=255,255,255
41 126 rgb255=43,43,32
42 126 rgb255=65,61,44
43 126 rgb255=99,88,70
44 126 rgb255=79,63,48
45 126 rgb255=87,70,47
46 126 rgb255=95,84,58
47 126 rgb255=63,54,47
48 126 rgb255=51,45,37
49 126 rgb255=75,62,46
50 126 rgb255=131,106,71
51 126 rgb255=103,89,51
52 126 rgb255=58,56,30
53 126 rgb255=87,87,62
54 126 rgb255=77,75,49
55 126 rgb255=66,54,37
56 126 rgb255=59,67,53
57 126 rgb255=81,79,53
58 126 rgb255=122,103,52
59 126 rgb255=144,118,58
60 126 rgb255=164,132,66
61 126 rgb255=171,142,62
62 126 rgb255=171,147,57
63 126 rgb255=194,168,89
64 126 rgb255=169,142,77
65 126 rgb255=156,133,64
66 126 rgb255=136,113,53
67 126 rgb255=156,120,60
68 126 rgb255=192,156,74
69 126 rgb255=178,152,74
70 126 rgb255=142,124,59
71 126 rgb255=158,148,83
72 126 rgb255=130,121,64
73 126 rgb255=255,255,255
74 126 rgb255=255,255,255
75 126 rgb255=255,255,255
76 126 rgb255=255,255,255
77 126 rgb255=255,255,255
78 126 rgb255=255,255,255
79 126 rgb255=255,255,255
80 126 rgb255=255,255,255
81 126 rgb255=255,255,255
82 126 rgb255=158,157,25
83 126 rgb255=156,149,70
84 126 rgb255=152,143,108
85 126 rgb255=137,130,115
86 126 rgb255=116,108,100
87 126 rgb255=86,81,66
88 126 rgb255=72,80,42
89 126 rgb255=94,113,56
90 126 rgb255=117,138,74
91 126 rgb255=129,150,86
92 126 rgb255=137,161,93
93 126 rgb255=140,166,86
94 126 rgb255=140,165,77
95 126 rgb255=128,152,63
96 126 rgb255=117,140,53
97 126 rgb255=130,155,87
98 126 rgb255=136,166,107
99 126 rgb255=126,159,90
100 126 rgb255=126,157,86
101 126 rgb255=126,155,84
102 126 rgb255=131,158,88
103 126 rgb255=100,124,69
104 126 rgb255=47,57,28
105 126 rgb255=28,23,12
106 126 rgb255=33,22,16
107 126 rgb255=30,22,16
108 126 rgb255=41,43,21
109 126 rgb255=81,91,58
110 126 rgb255=107,118,85
111 126 rgb255=124,138,93
112 126 rgb255=134,148,87
113 126 rgb255=144,164,88
114 126 rgb255=255,255,255
115 126 rgb255=255,255,255
116 126 rgb255=255,255,255
117 126 rgb255=255,255,255
118 126 rgb255=255,255,255
119 126 rgb255=255,255,255
120 126 rgb255=255,255,255
121 126 rgb255=255,255,255
122 126 rgb255=255,255,255
123 126 rgb255=246,242,239
124 126 rgb255=242,238,235
125 126 rgb255=242,238,235
126 126 rgb255=242,238,235
127 126 rgb255=242,238,235
128 126 rgb255=242,238,235
129 126 rgb255=243,239,236
130 126 rgb255=243,240,236
131 126 rgb255=245,239,236
132 126 rgb255=246,239,237
133 126 rgb255=244,240,237
134 126 rgb255=241,241,236
135 126 rgb255=240,242,237
136 126 rgb255=241,243,238
137 126 rgb255=241,243,238
138 126 rgb255=241,243,238
139 126 rgb255=241,243,238
140 126 rgb255=241,242,238
141 126 rgb255=243,240,240
142 126 rgb255=244,240,241
143 126 rgb255=244,240,241
144 126 rgb255=243,239,240
145 126 rgb255=244,240,239
146 126 rgb255=245,241,238
147 126 rgb255=245,241,238
148 126 rgb255=245,241,238
149 126 rgb255=245,241,238
150 126 rgb255=245,241,238
151 126 rgb255=245,241,238
152 126 rgb255=245,241,238
153 126 rgb255=245,241,238
154 126 rgb255=249,245,242
155 126 rgb255=255,255,255
156 126 rgb255=255,255,255
157 126 rgb255=255,255,255
158 126 rgb255=255,255,255
159 126 rgb255=255,255,255
160 126 rgb255=255,255,255
161 126 rgb255=255,255,255
162 126 rgb255=255,255,255
163 126 rgb255=255,255,255
164 126 rgb255=227,213,194
165 126 rgb255=222,202,173
166 126 rgb255=223,204,173
167 126 rgb255=219,203,171
168 126 rgb255=218,201,167
169 126 rgb255=212,192,155
170 126 rgb255=203,180,141
171 126 rgb255=193,167,127
172 126 rgb255=179,151,112
173 126 rgb255=172,145,105
174 126 rgb255=178,150,111
175 126 rgb255=181,154,113
176 126 rgb255=182,155,114
177 126 rgb255=185,157,119
178 126 rgb255=186,158,124
179 126 rgb255=186,159,128
180 126 rgb255=185,163,129
181 126 rgb255=185,164,130
182 126 rgb255=185,164,130
183 126 rgb255=186,164,130
184 126 rgb255=188,164,133
185 126 rgb255=189,164,133
186 126 rgb255=189,164,133
187 126 rgb255=190,164,133
188 126 rgb255=192,165,131
189 126 rgb255=191,163,127
190 126 rgb255=189,161,125
191 126 rgb255=192,164,127
192 126 rgb255=192,164,126
193 126 rgb255=191,168,126
194 126 rgb255=201,186,156
195 126 rgb255=233,226,226
0 125 rgb255=85,87,70
1 125 rgb255=124,127,110
2 125 rgb255=157,156,148
3 125 rgb255=153,152,145
4 125 rgb255=172,171,163
5 125 rgb255=145,143,133
6 125 rgb255=105,103,83
7 125 rgb255=84,81,56
8 125 rgb255=103,99,74
9 125 rgb255=141,135,112
10 125 rgb255=176,169,155
11 125 rgb255=186,178,173
12 125 rgb255=193,184,178
13 125 rgb255=190,181,173
14 125 rgb255=132,127,114
15 125 rgb255=130,129,115
16 125 rgb255=109,109,101
17 125 rgb255=120,119,111
18 125 rgb255=140,136,128
19 125 rgb255=123,117,112
20 125 rgb255=145,134,125
21 125 rgb255=161,143,129
22 125 rgb255=145,123,108
23 125 rgb255=136,121,105
24 125 rgb255=130,122,106
25 125 rgb255=158,148,133
26 125 rgb255=173,162,150
27 125 rgb255=183,172,162
28 125 rgb255=172,165,155
29 125 rgb255=151,153,140
30 125 rgb255=178,181,166
31 125 rgb255=204,208,191
32 125 rgb255=255,255,255
33 125 rgb255=255,255,255
34 125 rgb255=255,255,255
35 125 rgb255=255,255,255
36 125 rgb255=255,255,255
37 125 rgb255=255,255,255
38 125 rgb255=255,255,255
39 125 rgb255=255,255,255
40 125 rgb255=255,255,255
41 125 rgb255=51,50,31
42 125 rgb255=56,51,33
43 125 rgb255=72,64,45
44 125 rgb255=73,62,48
45 125 rgb255=77,67,49
46 125 rgb255=62,57,34
47 125 rgb255=45,41,38
48 125 rgb255=41,39,30
49 125 rgb255=85,70,46
50 125 rgb255=167,132,86
51 125 rgb255=165,141,95
52 125 rgb255=105,96,63
53 125 rgb255=116,111,75
54 125 rgb255=104,97,57
55 125 rgb255=98,79,46
56 125 rgb255=62,62,26
57 125 rgb255=102,93,42
58 125 rgb255=159,138,66
59 125 rgb255=174,147,71
60 125 rgb255=171,134,66
61 125 rgb255=171,135,71
62 125 rgb255=182,154,77
63 125 rgb255=189,165,74
64 125 rgb255=180,154,78
65 125 rgb255=169,144,66
66 125 rgb255=127,100,35
67 125 rgb255=133,100,40
68 125 rgb255=146,116,38
69 125 rgb255=132,110,43
70 125 rgb255=109,94,43
71 125 rgb255=160,154,90
72 125 rgb255=125,120,62
73 125 rgb255=255,255,255
74 125 rgb255=255,255,255
75 125 rgb255=255,255,255
76 125 rgb255=255,255,255
77 125 rgb255=255,255,255
78 125 rgb255=255,255,255
79 125 rgb255=255,255,255
80 125 rgb255=255,255,255
81 125 rgb255=255,255,255
82 125 rgb255=156,156,45
83 125 rgb255=134,128,70
84 125 rgb255=107,99,78
85 125 rgb255=80,71,63
86 125 rgb255=60,52,47
87 125 rgb255=43,40,27
88 125 rgb255=59,71,29
89 125 rgb255=87,111,47
90 125 rgb255=104,129,61
91 125 rgb255=127,149,87
92 125 rgb255=139,163,98
93 125 rgb255=132,157,83
94 125 rgb255=128,152,68
95 125 rgb255=122,145,59
96 125 rgb255=118,139,57
97 125 rgb255=134,157,95
98 125 rgb255=147,173,124
99 125 rgb255=133,161,104
100 125 rgb255=128,156,94
101 125 rgb255=123,150,84
102 125 rgb255=119,146,80
103 125 rgb255=107,134,76
104 125 rgb255=48,63,25
105 125 rgb255=27,28,7
106 125 rgb255=25,22,8
107 125 rgb255=37,38,18
108 125 rgb255=42,50,26
109 125 rgb255=38,49,24
110 125 rgb255=42,53,28
111 125 rgb255=85,98,63
112 125 rgb255=130,144,94
113 125 rgb255=134,155,87
114 125 rgb255=255,255,255
115 125 rgb255=255,255,255
116 125 rgb255=255,255,255
117 125 rgb255=255,255,255
118 125 rgb255=255,255,255
119 125 rgb255=255,255,255
120 125 rgb255=255,255,255
121 125 rgb255=255,255,255
122 125 rgb255=255,255,255
123 125 rgb255=248,244,241
124 125 rgb255=243,239,236
125 125 rgb255=243,239,236
126 125 rgb255=243,239,236
127 125 rgb255=243,239,236
128 125 rgb255=244,240,237
129 125 rgb255=245,241,238
130 125 rgb255=245,241,238
131 125 rgb255=247,241,238
132 125 rgb255=247,240,238
133 125 rgb255=245,241,238
134 125 rgb255=243,243,238
135 125 rgb255=241,243,238
136 125 rgb255=241,242,237
137 125 rgb255=241,242,237
138 125 rgb255=242,243,238
139 125 rgb255=243,244,239
140 125 rgb255=244,244,240
141 125 rgb255=245,241,242
142 125 rgb255=245,241,242
143 125 rgb255=245,241,242
144 125 rgb255=245,241,242
145 125 rgb255=245,241,240
146 125 rgb255=245,241,238
147 125 rgb255=245,241,238
148 125 rgb255=245,241,238
149 125 rgb255=245,241,238
150 125 rgb255=245,241,238
151 125 rgb255=245,241,238
152 125 rgb255=245,241,238
153 125 rgb255=245,241,238
154 125 rgb255=249,245,242
155 125 rgb255=255,255,255
156 125 rgb255=255,255,255
157 125 rgb255=255,255,255
158 125 rgb255=255,255,255
159 125 rgb255=255,255,255
160 125 rgb255=255,255,255
161 125 rgb255=255,255,255
162 125 rgb255=255,255,255
163 125 rgb255=255,255,255
164 125 rgb255=221,213,191
165 125 rgb255=221,206,176
166 125 rgb255=225,207,181
167 125 rgb255=222,206,174
168 125 rgb255=220,204,168
169 125 rgb255=215,198,160
170 125 rgb255=206,186,147
171 125 rgb255=193,170,129
172 125 rgb255=181,154,112
173 125 rgb255=175,148,106
174 125 rgb255=179,152,110
175 125 rgb255=184,158,117
176 125 rgb255=189,164,124
177 125 rgb255=192,166,128
178 125 rgb255=192,166,130
179 125 rgb255=192,167,133
180 125 rgb255=193,171,137
181 125 rgb255=193,172,138
182 125 rgb255=193,172,138
183 125 rgb255=194,172,139
184 125 rgb255=196,172,139
185 125 rgb255=197,172,139
186 125 rgb255=197,172,139
187 125 rgb255=199,173,140
188 125 rgb255=199,172,138
189 125 rgb255=197,169,134
190 125 rgb255=196,168,133
191 125 rgb255=199,171,136
192 125 rgb255=200,172,134
193 125 rgb255=199,176,134
194 125 rgb255=207,193,165
195 125 rgb255=233,229,226
0 124 rgb255=47,50,34
1 124 rgb255=94,99,77
2 124 rgb255=170,167,151
3 124 rgb255=131,126,113
4 124 rgb255=166,163,151
5 124 rgb255=165,161,147
6 124 rgb255=124,120,98
7 124 rgb255=119,115,90
8 124 rgb255=133,130,109
9 124 rgb255=187,182,162
10 124 rgb255=201,196,179
11 124 rgb255=188,183,171
12 124 rgb255=192,184,172
13 124 rgb255=223,216,203
14 124 rgb255=199,195,179
15 124 rgb255=161,159,142
16 124 rgb255=131,128,116
17 124 rgb255=123,119,106
18 124 rgb255=154,151,138
19 124 rgb255=109,104,98
20 124 rgb255=144,141,133
21 124 rgb255=168,158,145
22 124 rgb255=154,136,122
23 124 rgb255=143,133,120
24 124 rgb255=139,138,126
25 124 rgb255=145,139,128
26 124 rgb255=169,156,148
27 124 rgb255=187,174,166
28 124 rgb255=172,165,155
29 124 rgb255=166,166,154
30 124 rgb255=206,207,193
31 124 rgb255=214,215,198
32 124 rgb255=255,255,255
33 124 rgb255=255,255,255
34 124 rgb255=255,255,255
35 124 rgb255=255,255,255
36 124 rgb255=255,255,255
37 124 rgb255=255,255,255
38 124 rgb255=255,255,255
39 124 rgb255=255,255,255
40 124 rgb255=255,255,255
41 124 rgb255=80,77,45
42 124 rgb255=68,62,33
43 124 rgb255=78,69,42
44 124 rgb255=73,66,48
45 124 rgb255=59,56,40
46 124 rgb255=44,39,19
47 124 rgb255=41,36,33
48 124 rgb255=41,41,30
49 124 rgb255=65,50,24
50 124 rgb255=129,92,46
51 124 rgb255=175,150,104
52 124 rgb255=112,101,70
53 124 rgb255=87,76,42
54 124 rgb255=102,88,45
55 124 rgb255=132,107,62
56 124 rgb255=133,118,55
57 124 rgb255=177,159,87
58 124 rgb255=197,176,98
59 124 rgb255=174,146,69
60 124 rgb255=165,128,62
61 124 rgb255=174,136,83
62 124 rgb255=147,117,66
63 124 rgb255=111,90,35
64 124 rgb255=128,104,47
65 124 rgb255=171,147,63
66 124 rgb255=160,133,45
67 124 rgb255=165,138,69
68 124 rgb255=127,108,34
69 124 rgb255=148,135,73
70 124 rgb255=101,92,54
71 124 rgb255=82,79,36
72 124 rgb255=75,76,32
73 124 rgb255=255,255,255
74 124 rgb255=255,255,255
75 124 rgb255=255,255,255
76 124 rgb255=255,255,255
77 124 rgb255=255,255,255
78 124 rgb255=255,255,255
79 124 rgb255=255,255,255
80 124 rgb255=255,255,255
81 124 rgb255=255,255,255
82 124 rgb255=114,110,37
83 124 rgb255=75,67,33
84 124 rgb255=56,47,37
85 124 rgb255=44,36,31
86 124 rgb255=36,30,23
87 124 rgb255=23,22,9
88 124 rgb255=51,65,25
89 124 rgb255=97,124,58
90 124 rgb255=117,145,76
91 124 rgb255=138,162,98
92 124 rgb255=138,164,96
93 124 rgb255=121,146,73
94 124 rgb255=117,139,65
95 124 rgb255=116,134,63
96 124 rgb255=106,121,56
97 124 rgb255=116,133,82
98 124 rgb255=125,145,105
99 124 rgb255=98,117,79
100 124 rgb255=112,132,89
101 124 rgb255=128,152,97
102 124 rgb255=91,121,56
103 124 rgb255=100,132,62
104 124 rgb255=90,115,53
105 124 rgb255=70,86,37
106 124 rgb255=47,59,19
107 124 rgb255=75,88,46
108 124 rgb255=94,108,73
109 124 rgb255=73,87,57
110 124 rgb255=44,58,27
111 124 rgb255=57,72,35
112 124 rgb255=109,125,79
113 124 rgb255=112,134,72
114 124 rgb255=255,255,255
115 124 rgb255=255,255,255
116 124 rgb255=255,255,255
117 124 rgb255=255,255,255
118 124 rgb255=255,255,255
119 124 rgb255=255,255,255
120 124 rgb255=255,255,255
121 124 rgb255=255,255,255
122 124 rgb255=255,255,255
123 124 rgb255=248,244,241
124 124 rgb255=244,240,237
125 124 rgb255=245,241,238
126 124 rgb255=245,241,238
127 124 rgb255=245,241,238
128 124 rgb255=245,241,238
129 124 rgb255=246,242,239
130 124 rgb255=246,242,239
131 124 rgb255=247,242,239
132 124 rgb255=248,242,239
133 124 rgb255=246,242,239
134 124 rgb255=244,243,239
135 124 rgb255=244,244,239
136 124 rgb255=244,243,239
137 124 rgb255=245,243,239
138 124 rgb255=244,243,239
139 124 rgb255=244,243,239
140 124 rgb255=244,242,239
141 124 rgb255=246,242,241
142 124 rgb255=246,242,242
143 124 rgb255=246,242,242
144 124 rgb255=246,242,242
145 124 rgb255=246,242,240
146 124 rgb255=245,241,238
147 124 rgb255=245,241,238
148 124 rgb255=245,241,238
149 124 rgb255=245,241,238
150 124 rgb255=245,241,238
151 124 rgb255=245,241,238
152 124 rgb255=245,241,238
153 124 rgb255=245,241,238
154 124 rgb255=249,245,242
155 124 rgb255=255,255,255
156 124 rgb255=255,255,255
157 124 rgb255=255,255,255
158 124 rgb255=255,255,255
159 124 rgb255=255,255,255
160 124 rgb255=255,255,255
161 124 rgb255=255,255,255
162 124 rgb255=255,255,255
163 124 rgb255=255,255,255
164 124 rgb255=225,223,204
165 124 rgb255=227,219,196
166 124 rgb255=229,216,200
167 124 rgb255=226,214,193
168 124 rgb255=225,214,190
169 124 rgb255=222,211,186
170 124 rgb255=216,202,177
171 124 rgb255=206,189,158
172 124 rgb255=195,176,140
173 124 rgb255=191,171,134
174 124 rgb255=193,173,137
175 124 rgb255=196,178,142
176 124 rgb255=200,184,148
177 124 rgb255=203,186,151
178 124 rgb255=200,183,148
179 124 rgb255=200,183,149
180 124 rgb255=202,185,152
181 124 rgb255=201,184,152
182 124 rgb255=201,184,152
183 124 rgb255=201,183,152
184 124 rgb255=203,183,152
185 124 rgb255=204,183,152
186 124 rgb255=205,183,153
187 124 rgb255=206,184,153
188 124 rgb255=204,183,151
189 124 rgb255=201,180,148
190 124 rgb255=201,179,147
191 124 rgb255=202,181,147
192 124 rgb255=204,182,148
193 124 rgb255=204,185,151
194 124 rgb255=212,201,180
195 124 rgb255=234,232,228
0 123 rgb255=31,34,21
1 123 rgb255=45,49,30
2 123 rgb255=113,110,92
3 123 rgb255=138,132,116
4 123 rgb255=184,178,166
5 123 rgb255=172,164,151
6 123 rgb255=135,125,104
7 123 rgb255=151,143,118
8 123 rgb255=142,138,117
9 123 rgb255=164,159,139
10 123 rgb255=182,176,160
11 123 rgb255=192,186,172
12 123 rgb255=204,196,182
13 123 rgb255=208,202,187
14 123 rgb255=218,215,198
15 123 rgb255=186,184,167
16 123 rgb255=174,171,156
17 123 rgb255=156,153,135
18 123 rgb255=177,174,157
19 123 rgb255=150,146,136
20 123 rgb255=143,143,133
21 123 rgb255=173,168,154
22 123 rgb255=177,164,149
23 123 rgb255=162,157,144
24 123 rgb255=132,133,121
25 123 rgb255=130,126,115
26 123 rgb255=136,124,116
27 123 rgb255=166,153,145
28 123 rgb255=184,177,167
29 123 rgb255=175,174,163
30 123 rgb255=184,184,171
31 123 rgb255=215,216,199
32 123 rgb255=255,255,255
33 123 rgb255=255,255,255
34 123 rgb255=255,255,255
35 123 rgb255=255,255,255
36 123 rgb255=255,255,255
37 123 rgb255=255,255,255
38 123 rgb255=255,255,255
39 123 rgb255=255,255,255
40 123 rgb255=255,255,255
41 123 rgb255=109,102,57
42 123 rgb255=92,84,47
43 123 rgb255=108,99,67
44 123 rgb255=68,63,43
45 123 rgb255=55,56,39
46 123 rgb255=64,57,37
47 123 rgb255=50,41,36
48 123 rgb255=59,59,44
49 123 rgb255=62,55,32
50 123 rgb255=78,52,18
51 123 rgb255=101,87,52
52 123 rgb255=55,54,37
53 123 rgb255=55,48,27
54 123 rgb255=95,78,50
55 123 rgb255=151,124,86
56 123 rgb255=194,164,97
57 123 rgb255=171,144,78
58 123 rgb255=137,113,59
59 123 rgb255=126,96,37
60 123 rgb255=164,126,63
61 123 rgb255=207,170,109
62 123 rgb255=164,138,81
63 123 rgb255=96,80,38
64 123 rgb255=120,100,63
65 123 rgb255=149,127,70
66 123 rgb255=137,110,54
67 123 rgb255=146,125,76
68 123 rgb255=128,119,50
69 123 rgb255=140,134,78
70 123 rgb255=93,88,60
71 123 rgb255=55,55,29
72 123 rgb255=63,67,37
73 123 rgb255=255,255,255
74 123 rgb255=255,255,255
75 123 rgb255=255,255,255
76 123 rgb255=255,255,255
77 123 rgb255=255,255,255
78 123 rgb255=255,255,255
79 123 rgb255=255,255,255
80 123 rgb255=255,255,255
81 123 rgb255=255,255,255
82 123 rgb255=58,50,14
83 123 rgb255=43,35,21
84 123 rgb255=34,27,23
85 123 rgb255=25,20,15
86 123 rgb255=23,19,11
87 123 rgb255=18,20,5
88 123 rgb255=63,79,37
89 123 rgb255=116,145,79
90 123 rgb255=129,158,90
91 123 rgb255=140,166,101
92 123 rgb255=130,157,85
93 123 rgb255=112,137,65
94 123 rgb255=110,129,65
95 123 rgb255=80,92,39
96 123 rgb255=63,70,27
97 123 rgb255=90,101,61
98 123 rgb255=75,88,58
99 123 rgb255=32,40,20
100 123 rgb255=64,73,49
101 123 rgb255=94,115,71
102 123 rgb255=65,96,34
103 123 rgb255=85,118,42
104 123 rgb255=92,124,46
105 123 rgb255=99,128,57
106 123 rgb255=114,139,75
107 123 rgb255=119,141,81
108 123 rgb255=124,144,91
109 123 rgb255=125,143,94
110 123 rgb255=114,133,82
111 123 rgb255=109,129,75
112 123 rgb255=106,126,70
113 123 rgb255=83,106,44
114 123 rgb255=255,255,255
115 123 rgb255=255,255,255
116 123 rgb255=255,255,255
117 123 rgb255=255,255,255
118 123 rgb255=255,255,255
119 123 rgb255=255,255,255
120 123 rgb255=255,255,255
121 123 rgb255=255,255,255
122 123 rgb255=255,255,255
123 123 rgb255=248,244,241
124 123 rgb255=244,240,237
125 123 rgb255=245,241,238
126 123 rgb255=245,241,238
127 123 rgb255=245,241,238
128 123 rgb255=245,241,238
129 123 rgb255=246,242,239
130 123 rgb255=246,242,239
131 123 rgb255=246,242,239
132 123 rgb255=246,242,239
133 123 rgb255=246,242,239
134 123 rgb255=246,242,239
135 123 rgb255=245,242,239
136 123 rgb255=246,242,239
137 123 rgb255=246,242,239
138 123 rgb255=246,242,239
139 123 rgb255=246,242,239
140 123 rgb255=246,242,239
141 123 rgb255=245,241,239
142 123 rgb255=245,241,239
143 123 rgb255=246,242,239
144 123 rgb255=246,242,240
145 123 rgb255=246,242,239
146 123 rgb255=246,242,239
147 123 rgb255=246,242,239
148 123 rgb255=246,242,239
149 123 rgb255=246,242,239
150 123 rgb255=246,242,239
151 123 rgb255=246,242,239
152 123 rgb255=245,241,238
153 123 rgb255=245,241,238
154 123 rgb255=249,245,242
155 123 rgb255=255,255,255
156 123 rgb255=255,255,255
157 123 rgb255=255,255,255
158 123 rgb255=255,255,255
159 123 rgb255=255,255,255
160 123 rgb255=255,255,255
161 123 rgb255=255,255,255
162 123 rgb255=255,255,255
163 123 rgb255=255,255,255
164 123 rgb255=233,233,226
165 123 rgb255=234,232,224
166 123 rgb255=235,230,225
167 123 rgb255=233,229,224
168 123 rgb255=233,229,224
169 123 rgb255=233,228,223
170 123 rgb255=231,225,220
171 123 rgb255=228,220,215
172 123 rgb255=226,216,210
173 123 rgb255=224,213,208
174 123 rgb255=223,213,207
175 123 rgb255=223,214,208
176 123 rgb255=223,216,209
177 123 rgb255=223,216,209
178 123 rgb255=221,214,207
179 123 rgb255=221,214,206
180 123 rgb255=221,215,206
181 123 rgb255=220,214,205
182 123 rgb255=219,213,204
183 123 rgb255=219,213,202
184 123 rgb255=220,212,198
185 123 rgb255=221,212,197
186 123 rgb255=222,213,197
187 123 rgb255=221,212,196
188 123 rgb255=220,211,193
189 123 rgb255=219,210,191
190 123 rgb255=219,210,190
191 123 rgb255=218,209,189
192 123 rgb255=219,209,190
193 123 rgb255=219,209,194
194 123 rgb255=223,216,207
195 123 rgb255=232,230,228
0 122 rgb255=255,255,255
1 122 rgb255=255,255,255
2 122 rgb255=255,255,255
3 122 rgb255=255,255,255
4 122 rgb255=255,255,255
5 122 rgb255=255,255,255
6 122 rgb255=255,255,255
7 122 rgb255=255,255,255
8 122 rgb255=255,255,255
9 122 rgb255=255,255,255
10 122 rgb255=255,255,255
11 122 rgb255=255,255,255
12 122 rgb255=255,255,255
13 122 rgb255=255,255,255
14 122 rgb255=255,255,255
15 122 rgb255=255,255,255
16 122 rgb255=255,255,255
17 122 rgb255=255,255,255
18 122 rgb255=255,255,255
19 122 rgb255=255,255,255
20 122 rgb255=255,255,255
21 122 rgb255=255,255,255
22 122 rgb255=255,255,255
23 122 rgb255=255,255,255
24 122 rgb255=255,255,255
25 122 rgb255=255,255,255
26 122 rgb255=255,255,255
27 122 rgb255=255,255,255
28 122 rgb255=255,255,255
29 122 rgb255=255,255,255
30 122 rgb255=255,255,255
31 122 rgb255=255,255,255
32 122 rgb255=255,255,255
33 122 rgb255=255,255,255
34 122 rgb255=255,255,255
35 122 rgb255=255,255,255
36 122 rgb255=255,255,255
37 122 rgb255=255,255,255
38 122 rgb255=255,255,255
39 122 rgb255=255,255,255
40 122 rgb255=255,255,255
41 122 rgb255=255,255,255
42 122 rgb255=255,255,255
43 122 rgb255=255,255,255
44 122 rgb255=255,255,255
45 122 rgb255=255,255,255
46 122 rgb255=255,255,255
47 122 rgb255=255,255,255
48 122 rgb255=255,255,255
49 122 rgb255=255,255,255
50 122 rgb255=255,255,255
51 122 rgb255=255,255,255
52 122 rgb255=255,255,255
53 122 rgb255=255,255,255
54 122 rgb255=255,255,255
55 122 rgb255=255,255,255
56 122 rgb255=255,255,255
57 122 rgb255=255,255,255
58 122 rgb255=255,255,255
59 122 rgb255=255,255,255
60 122 rgb255=255,255,255
61 122 rgb255=255,255,255
62 122 rgb255=255,255,255
63 122 rgb255=255,255,255
64 122 rgb255=255,255,255
65 122 rgb255=255,255,255
66 122 rgb255=255,255,255
67 122 rgb255=255,255,255
68 122 rgb255=255,255,255
69 122 rgb255=255,255,255
70 122 rgb255=255,255,255
71 122 rgb255=255,255,255
72 122 rgb255=255,255,255
73 122 rgb255=255,255,255
74 122 rgb255=255,255,255
75 122 rgb255=255,255,255
76 122 rgb255=255,255,255
77 122 rgb255=255,255,255
78 122 rgb255=255,255,255
79 122 rgb255=255,255,255
80 122 rgb255=255,255,255
81 122 rgb255=255,255,255
82 122 rgb255=255,255,255
83 122 rgb255=255,255,255
84 122 rgb255=255,255,255
85 122 rgb255=255,255,255
86 122 rgb255=255,255,255
87 122 rgb255=255,255,255
88 122 rgb255=255,255,255
89 122 rgb255=255,255,255
90 122 rgb255=255,255,255
91 122 rgb255=255,255,255
92 122 rgb255=255,255,255
93 122 rgb255=255,255,255
94 122 rgb255=255,255,255
95 122 rgb255=255,255,255
96 122 rgb255=255,255,255
97 122 rgb255=255,255,255
98 122 rgb255=255,255,255
99 122 rgb255=255,255,255
100 122 rgb255=255,255,255
101 122 rgb255=255,255,255
102 122 rgb255=255,255,255
103 122 rgb255=255,255,255
104 122 rgb255=255,255,255
105 122 rgb255=255,255,255
106 122 rgb255=255,255,255
107 122 rgb255=255,255,255
108 122 rgb255=255,255,255
109 122 rgb255=255,255,255
110 122 rgb255=255,255,255
111 122 rgb255=255,255,255
112 122 rgb255=255,255,255
113 122 rgb255=255,255,255
114 122 rgb255=255,255,255
115 122 rgb255=255,255,255
116 122 rgb255=255,255,255
117 122 rgb255=255,255,255
118 122 rgb255=255,255,255
119 122 rgb255=255,255,255
120 122 rgb255=255,255,255
121 122 rgb255=255,255,255
122 122 rgb255=255,255,255
123 122 rgb255=255,255,255
124 122 rgb255=255,255,255
125 122 rgb255=255,255,255
126 122 rgb255=255,255,255
127 122 rgb255=255,255,255
128 122 rgb255=255,255,255
129 122 rgb255=255,255,255
130 122 rgb255=255,255,255
131 122 rgb255=255,255,255
132 122 rgb255=255,255,255
133 122 rgb255=255,255,255
134 122 rgb255=255,255,255
135 122 rgb255=255,255,255
136 122 rgb255=255,255,255
137 122 rgb255=255,255,255
138 122 rgb255=255,255,255
139 122 rgb255=255,255,255
140 122 rgb255=255,255,255
141 122 rgb255=255,255,255
142 122 rgb255=255,255,255
143 122 rgb255=255,255,255
144 122 rgb255=255,255,255
145 122 rgb255=255,255,255
146 122 rgb255=255,255,255
147 122 rgb255=255,255,255
148 122 rgb255=255,255,255
149 122 rgb255=255,255,255
150 122 rgb255=255,255,255
151 122 rgb255=255,255,255
152 122 rgb255=255,255,255
153 122 rgb255=255,255,255
154 122 rgb255=255,255,255
155 122 rgb255=255,255,255
156 122 rgb255=255,255,255
157 122 rgb255=255,255,255
158 122 rgb255=255,255,255
159 122 rgb255=255,255,255
160 122 rgb255=255,255,255
161 122 rgb255=255,255,255
162 122 rgb255=255,255,255
163 122 rgb255=255,255,255
164 122 rgb255=255,255,255
165 122 rgb255=255,255,255
166 122 rgb255=255,255,255
167 122 rgb255=255,255,255
168 122 rgb255=255,255,255
169 122 rgb255=255,255,255
170 122 rgb255=255,255,255
171 122 rgb255=255,255,255
172 122 rgb255=255,255,255
173 122 rgb255=255,255,255
174 122 rgb255=255,255,255
175 122 rgb255=255,255,255
176 122 rgb255=255,255,255
177 122 rgb255=255,255,255
178 122 rgb255=255,255,255
179 122 rgb255=255,255,255
180 122 rgb255=255,255,255
181 122 rgb255=255,255,255
182 122 rgb255=255,255,255
183 122 rgb255=255,255,255
184 122 rgb255=255,255,255
185 122 rgb255=255,255,255
186 122 rgb255=255,255,255
187 122 rgb255=255,255,255
188 122 rgb255=255,255,255
189 122 rgb255=255,255,255
190 122 rgb255=255,255,255
191 122 rgb255=255,255,255
192 122 rgb255=255,255,255
193 122 rgb255=255,255,255
194 122 rgb255=255,255,255
195 122 rgb255=255,255,255
0 121 rgb255=255,255,255
1 121 rgb255=255,255,255
2 121 rgb255=255,255,255
3 121 rgb255=255,255,255
4 121 rgb255=255,255,255
5 121 rgb255=255,255,255
6 121 rgb255=255,255,255
7 121 rgb255=255,255,255
8 121 rgb255=255,255,255
9 121 rgb255=255,255,255
10 121 rgb255=255,255,255
11 121 rgb255=255,255,255
12 121 rgb255=255,255,255
13 121 rgb255=255,255,255
14 121 rgb255=255,255,255
15 121 rgb255=255,255,255
16 121 rgb255=255,255,255
17 121 rgb255=255,255,255
18 121 rgb255=255,255,255
19 121 rgb255=255,255,255
20 121 rgb255=255,255,255
21 121 rgb255=255,255,255
22 121 rgb255=255,255,255
23 121 rgb255=255,255,255
24 121 rgb255=255,255,255
25 121 rgb255=255,255,255
26 121 rgb255=255,255,255
27 121 rgb255=255,255,255
28 121 rgb255=255,255,255
29 121 rgb255=255,255,255
30 121 rgb255=255,255,255
31 121 rgb255=255,255,255
32 121 rgb255=255,255,255
33 121 rgb255=255,255,255
34 121 rgb255=255,255,255
35 121 rgb255=255,255,255
36 121 rgb255=255,255,255
37 121 rgb255=255,255,255
38 121 rgb255=255,255,255
39 121 rgb255=255,255,255
40 121 rgb255=255,255,255
41 121 rgb255=255,255,255
42 121 rgb255=255,255,255
43 121 rgb255=255,255,255
44 121 rgb255=255,255,255
45 121 rgb255=255,255,255
46 121 rgb255=255,255,255
47 121 rgb255=255,255,255
48 121 rgb255=255,255,255
49 121 rgb255=255,255,255
50 121 rgb255=255,255,255
51 121 rgb255=255,255,255
52 121 rgb255=255,255,255
53 121 rgb255=255,255,255
54 121 rgb255=255,255,255
55 121 rgb255=255,255,255
56 121 rgb255=255,255,255
57 121 rgb255=255,255,255
58 121 rgb255=255,255,255
59 121 rgb255=255,255,255
60 121 rgb255=255,255,255
61 121 rgb255=255,255,255
62 121 rgb255=255,255,255
63 121 rgb255=255,255,255
64 121 rgb255=255,255,255
65 121 rgb255=255,255,255
66 121 rgb255=255,255,255
67 121 rgb255=255,255,255
68 121 rgb255=255,255,255
69 121 rgb255=255,255,255
70 121 rgb255=255,255,255
71 121 rgb255=255,255,255
72 121 rgb255=255,255,255
73 121 rgb255=255,255,255
74 121 rgb255=255,255,255
75 121 rgb255=255,255,255
76 121 rgb255=255,255,255
77 121 rgb255=255,255,255
78 121 rgb255=255,255,255
79 121 rgb255=255,255,255
80 121 rgb255=255,255,255
81 121 rgb255=255,255,255
82 121 rgb255=255,255,255
83 121 rgb255=255,255,255
84 121 rgb255=255,255,255
85 121 rgb255=255,255,255
86 121 rgb255=255,255,255
87 121 rgb255=255,255,255
88 121 rgb255=255,255,255
89 121 rgb255=255,255,255
90 121 rgb255=255,255,255
91 121 rgb255=255,255,255
92 121 rgb255=255,255,255
93 121 rgb255=255,255,255
94 121 rgb255=255,255,255
95 121 rgb255=255,255,255
96 121 rgb255=255,255,255
97 121 rgb255=255,255,255
98 121 rgb255=255,255,255
99 121 rgb255=255,255,255
100 121 rgb255=255,255,255
101 121 rgb255=255,255,255
102 121 rgb255=255,255,255
103 121 rgb255=255,255,255
104 121 rgb255=255,255,255
105 121 rgb255=255,255,255
106 121 rgb255=255,255,255
107 121 rgb255=255,255,255
108 121 rgb255=255,255,255
109 121 rgb255=255,255,255
110 121 rgb255=255,255,255
111 121 rgb255=255,255,255
112 121 rgb255=255,255,255
113 121 rgb255=255,255,255
114 121 rgb255=255,255,255
115 121 rgb255=255,255,255
116 121 rgb255=255,255,255
117 121 rgb255=255,255,255
118 121 rgb255=255,255,255
119 121 rgb255=255,255,255
120 121 rgb255=255,255,255
121 121 rgb255=255,255,255
122 121 rgb255=255,255,255
123 121 rgb255=255,255,255
124 121 rgb255=255,255,255
125 121 rgb255=255,255,255
126 121 rgb255=255,255,255
127 121 rgb255=255,255,255
128 121 rgb255=255,255,255
129 121 rgb255=255,255,255
130 121 rgb255=255,255,255
131 121 rgb255=255,255,255
132 121 rgb255=255,255,255
133 121 rgb255=255,255,255
134 121 rgb255=255,255,255
135 121 rgb255=255,255,255
136 121 rgb255=255,255,255
137 121 rgb255=255,255,255
138 121 rgb255=255,255,255
139 121 rgb255=255,255,255
140 121 rgb255=255,255,255
141 121 rgb255=255,255,255
142 121 rgb255=255,255,255
143 121 rgb255=255,255,255
144 121 rgb255=255,255,255
145 121 rgb255=255,255,255
146 121 rgb255=255,255,255
147 121 rgb255=255,255,255
148 121 rgb255=255,255,255
149 121 rgb255=255,255,255
150 121 rgb255=255,255,255
151 121 rgb255=255,255,255
152 121 rgb255=255,255,255
153 121 rgb255=255,255,255
154 121 rgb255=255,255,255
155 121 rgb255=255,255,255
156 121 rgb255=255,255,255
157 121 rgb255=255,255,255
158 121 rgb255=255,255,255
159 121 rgb255=255,255,255
160 121 rgb255=255,255,255
161 121 rgb255=255,255,255
162 121 rgb255=255,255,255
163 121 rgb255=255,255,255
164 121 rgb255=255,255,255
165 121 rgb255=255,255,255
166 121 rgb255=255,255,255
167 121 rgb255=255,255,255
168 121 rgb255=255,255,255
169 121 rgb255=255,255,255
170 121 rgb255=255,255,255
171 121 rgb255=255,255,255
172 121 rgb255=255,255,255
173 121 rgb255=255,255,255
174 121 rgb255=255,255,255
175 121 rgb255=255,255,255
176 121 rgb255=255,255,255
177 121 rgb255=255,255,255
178 121 rgb255=255,255,255
179 121 rgb255=255,255,255
180 121 rgb255=255,255,255
181 121 rgb255=255,255,255
182 121 rgb255=255,255,255
183 121 rgb255=255,255,255
184 121 rgb255=255,255,255
185 121 rgb255=255,255,255
186 121 rgb255=255,255,255
187 121 rgb255=255,255,255
188 121 rgb255=255,255,255
189 121 rgb255=255,255,255
190 121 rgb255=255,255,255
191 121 rgb255=255,255,255
192 121 rgb255=255,255,255
193 121 rgb255=255,255,255
194 121 rgb255=255,255,255
195 121 rgb255=255,255,255
0 120 rgb255=255,255,255
1 120 rgb255=255,255,255
2 120 rgb255=255,255,255
3 120 rgb255=255,255,255
4 120 rgb255=255,255,255
5 120 rgb255=255,255,255
6 120 rgb255=255,255,255
7 120 rgb255=255,255,255
8 120 rgb255=255,255,255
9 120 rgb255=255,255,255
10 120 rgb255=255,255,255
11 120 rgb255=255,255,255
12 120 rgb255=255,255,255
13 120 rgb255=255,255,255
14 120 rgb255=255,255,255
15 120 rgb255=255,255,255
16 120 rgb255=255,255,255
17 120 rgb255=255,255,255
18 120 rgb255=255,255,255
19 120 rgb255=255,255,255
20 120 rgb255=255,255,255
21 120 rgb255=255,255,255
22 120 rgb255=255,255,255
23 120 rgb255=255,255,255
24 120 rgb255=255,255,255
25 120 rgb255=255,255,255
26 120 rgb255=255,255,255
27 120 rgb255=255,255,255
28 120 rgb255=255,255,255
29 120 rgb255=255,255,255
30 120 rgb255=255,255,255
31 120 rgb255=255,255,255
32 120 rgb255=255,255,255
33 120 rgb255=255,255,255
34 120 rgb255=255,255,255
35 120 rgb255=255,255,255
36 120 rgb255=255,255,255
37 120 rgb255=255,255,255
38 120 rgb255=255,255,255
39 120 rgb255=255,255,255
40 120 rgb255=255,255,255
41 120 rgb255=255,255,255
42 120 rgb255=255,255,255
43 120 rgb255=255,255,255
44 120 rgb255=255,255,255
45 120 rgb255=255,255,255
46 120 rgb255=255,255,255
47 120 rgb255=255,255,255
48 120 rgb255=255,255,255
49 120 rgb255=255,255,255
50 120 rgb255=255,255,255
51 120 rgb255=255,255,255
52 120 rgb255=255,255,255
53 120 rgb255=255,255,255
54 120 rgb255=255,255,255
55 120 rgb255=255,255,255
56 120 rgb255=255,255,255
57 120 rgb255=255,255,255
58 120 rgb255=255,255,255
59 120 rgb255=255,255,255
60 120 rgb255=255,255,255
61 120 rgb255=255,255,255
62 120 rgb255=255,255,255
63 120 rgb255=255,255,255
64 120 rgb255=255,255,255
65 120 rgb255=255,255,255
66 120 rgb255=255,255,255
67 120 rgb255=255,255,255
68 120 rgb255=255,255,255
69 120 rgb255=255,255,255
70 120 rgb255=255,255,255
71 120 rgb255=255,255,255
72 120 rgb255=255,255,255
73 120 rgb255=255,255,255
74 120 rgb255=255,255,255
75 120 rgb255=255,255,255
76 120 rgb255=255,255,255
77 120 rgb255=255,255,255
78 120 rgb255=255,255,255
79 120 rgb255=255,255,255
80 120 rgb255=255,255,255
81 120 rgb255=255,255,255
82 120 rgb255=255,255,255
83 120 rgb255=255,255,255
84 120 rgb255=255,255,255
85 120 rgb255=255,255,255
86 120 rgb255=255,255,255
87 120 rgb255=255,255,255
88 120 rgb255=255,255,255
89 120 rgb255=255,255,255
90 120 rgb255=255,255,255
91 120 rgb255=255,255,255
92 120 rgb255=255,255,255
93 120 rgb255=255,255,255
94 120 rgb255=255,255,255
95 120 rgb255=255,255,255
96 120 rgb255=255,255,255
97 120 rgb255=255,255,255
98 120 rgb255=255,255,255
99 120 rgb255=255,255,255
100 120 rgb255=255,255,255
101 120 rgb255=255,255,255
102 120 rgb255=255,255,255
103 120 rgb255=255,255,255
104 120 rgb255=255,255,255
105 120 rgb255=255,255,255
106 120 rgb255=255,255,255
107 120 rgb255=255,255,255
108 120 rgb255=255,255,255
109 120 rgb255=255,255,255
110 120 rgb255=255,255,255
111 120 rgb255=255,255,255
112 120 rgb255=255,255,255
113 120 rgb255=255,255,255
114 120 rgb255=255,255,255
115 120 rgb255=255,255,255
116 120 rgb255=255,255,255
117 120 rgb255=255,255,255
118 120 rgb255=255,255,255
119 120 rgb255=255,255,255
120 120 rgb255=255,255,255
121 120 rgb255=255,255,255
122 120 rgb255=255,255,255
123 120 rgb255=255,255,255
124 120 rgb255=255,255,255
125 120 rgb255=255,255,255
126 120 rgb255=255,255,255
127 120 rgb255=255,255,255
128 120 rgb255=255,255,255
129 120 rgb255=255,255,255
130 120 rgb255=255,255,255
131 120 rgb255=255,255,255
132 120 rgb255=255,255,255
133 120 rgb255=255,255,255
134 120 rgb255=255,255,255
135 120 rgb255=255,255,255
136 120 rgb255=255,255,255
137 120 rgb255=255,255,255
138 120 rgb255=255,255,255
139 120 rgb255=255,255,255
140 120 rgb255=255,255,255
141 120 rgb255=255,255,255
142 120 rgb255=255,255,255
143 120 rgb255=255,255,255
144 120 rgb255=255,255,255
145 120 rgb255=255,255,255
146 120 rgb255=255,255,255
147 120 rgb255=255,255,255
148 120 rgb255=255,255,255
149 120 rgb255=255,255,255
150 120 rgb255=255,255,255
151 120 rgb255=255,255,255
152 120 rgb255=255,255,255
153 120 rgb255=255,255,255
154 120 rgb255=255,255,255
155 120 rgb255=255,255,255
156 120 rgb255=255,255,255
157 120 rgb255=255,255,255
158 120 rgb255=255,255,255
159 120 rgb255=255,255,255
160 120 rgb255=255,255,255
161 120 rgb255=255,255,255
162 120 rgb255=255,255,255
163 120 rgb255=255,255,255
164 120 rgb255=255,255,255
165 120 rgb255=255,255,255
166 120 rgb255=255,255,255
167 120 rgb255=255,255,255
168 120 rgb255=255,255,255
169 120 rgb255=255,255,255
170 120 rgb255=255,255,255
171 120 rgb255=255,255,255
172 120 rgb255=255,255,255
173 120 rgb255=255,255,255
174 120 rgb255=255,255,255
175 120 rgb255=255,255,255
176 120 rgb255=255,255,255
177 120 rgb255=255,255,255
178 120 rgb255=255,255,255
179 120 rgb255=255,255,255
180 120 rgb255=255,255,255
181 120 rgb255=255,255,255
182 120 rgb255=255,255,255
183 120 rgb255=255,255,255
184 120 rgb255=255,255,255
185 120 rgb255=255,255,255
186 120 rgb255=255,255,255
187 120 rgb255=255,255,255
188 120 rgb255=255,255,255
189 120 rgb255=255,255,255
190 120 rgb255=255,255,255
191 120 rgb255=255,255,255
192 120 rgb255=255,255,255
193 120 rgb255=255,255,255
194 120 rgb255=255,255,255
195 120 rgb255=255,255,255
0 119 rgb255=255,255,255
1 119 rgb255=255,255,255
2 119 rgb255=255,255,255
3 119 rgb255=255,255,255
4 119 rgb255=255,255,255
5 119 rgb255=255,255,255
6 119 rgb255=255,255,255
7 119 rgb255=255,255,255
8 119 rgb255=255,255,255
9 119 rgb255=255,255,255
10 119 rgb255=255,255,255
11 119 rgb255=255,255,255
12 119 rgb255=255,255,255
13 119 rgb255=255,255,255
14 119 rgb255=255,255,255
15 119 rgb255=255,255,255
16 119 rgb255=255,255,255
17 119 rgb255=255,255,255
18 119 rgb255=255,255,255
19 119 rgb255=255,255,255
20 119 rgb255=255,255,255
21 119 rgb255=255,255,255
22 119 rgb255=255,255,255
23 119 rgb255=255,255,255
24 119 rgb255=255,255,255
25 119 rgb255=255,255,255
26 119 rgb255=255,255,255
27 119 rgb255=255,255,255
28 119 rgb255=255,255,255
29 119 rgb255=255,255,255
30 119 rgb255=255,255,255
31 119 rgb255=255,255,255
32 119 rgb255=255,255,255
33 119 rgb255=255,255,255
34 119 rgb255=255,255,255
35 119 rgb255=255,255,255
36 119 rgb255=255,255,255
37 119 rgb255=255,255,255
38 119 rgb255=255,255,255
39 119 rgb255=255,255,255
40 119 rgb255=255,255,255
41 119 rgb255=255,255,255
42 119 rgb255=255,255,255
43 119 rgb255=255,255,255
44 119 rgb255=255,255,255
45 119 rgb255=255,255,255
46 119 rgb255=255,255,255
47 119 rgb255=255,255,255
48 119 rgb255=255,255,255
49 119 rgb255=255,255,255
50 119 rgb255=255,255,255
51 119 rgb255=255,255,255
52 119 rgb255=255,255,255
53 119 rgb255=255,255,255
54 119 rgb255=255,255,255
55 119 rgb255=255,255,255
56 119 rgb255=255,255,255
57 119 rgb255=255,255,255
58 119 rgb255=255,255,255
59 119 rgb255=255,255,255
60 119 rgb255=255,255,255
61 119 rgb255=255,255,255
62 119 rgb255=255,255,255
63 119 rgb255=255,255,255
64 119 rgb255=255,255,255
65 119 rgb255=255,255,255
66 119 rgb255=255,255,255
67 119 rgb255=255,255,255
68 119 rgb255=255,255,255
69 119 rgb255=255,255,255
70 119 rgb255=255,255,255
71 119 rgb255=255,255,255
72 119 rgb255=255,255,255
73 119 rgb255=255,255,255
74 119 rgb255=255,255,255
75 119 rgb255=255,255,255
76 119 rgb255=255,255,255
77 119 rgb255=255,255,255
78 119 rgb255=255,255,255
79 119 rgb255=255,255,255
80 119 rgb255=255,255,255
81 119 rgb255=255,255,255
82 119 rgb255=255,255,255
83 119 rgb255=255,255,255
84 119 rgb255=255,255,255
85 119 rgb255=255,255,255
86 119 rgb255=255,255,255
87 119 rgb255=255,255,255
88 119 rgb255=255,255,255
89 119 rgb255=255,255,255
90 119 rgb255=255,255,255
91 119 rgb255=255,255,255
92 119 rgb255=255,255,255
93 119 rgb255=255,255,255
94 119 rgb255=255,255,255
95 119 rgb255=255,255,255
96 119 rgb255=255,255,255
97 119 rgb255=255,255,255
98 119 rgb255=255,255,255
99 119 rgb255=255,255,255
100 119 rgb255=255,255,255
101 119 rgb255=255,255,255
102 119 rgb255=255,255,255
103 119 rgb255=255,255,255
104 119 rgb255=255,255,255
105 119 rgb255=255,255,255
106 119 rgb255=255,255,255
107 119 rgb255=255,255,255
108 119 rgb255=255,255,255
109 119 rgb255=255,255,255
110 119 rgb255=255,255,255
111 119 rgb255=255,255,255
112 119 rgb255=255,255,255
113 119 rgb255=255,255,255
114 119 rgb255=255,255,255
115 119 rgb255=255,255,255
116 119 rgb255=255,255,255
117 119 rgb255=255,255,255
118 119 rgb255=255,255,255
119 119 rgb255=255,255,255
120 119 rgb255=255,255,255
121 119 rgb255=255,255,255
122 119 rgb255=255,255,255
123 119 rgb255=255,255,255
124 119 rgb255=255,255,255
125 119 rgb255=255,255,255
126 119 rgb255=255,255,255
127 119 rgb255=255,255,255
128 119 rgb255=255,255,255
129 119 rgb255=255,255,255
130 119 rgb255=255,255,255
131 119 rgb255=255,255,255
132 119 rgb255=255,255,255
133 119 rgb255=255,255,255
134 119 rgb255=255,255,255
135 119 rgb255=255,255,255
136 119 rgb255=255,255,255
137 119 rgb255=255,255,255
138 119 rgb255=255,255,255
139 119 rgb255=255,255,255
140 119 rgb255=255,255,255
141 119 rgb255=255,255,255
142 119 rgb255=255,255,255
143 119 rgb255=255,255,255
144 119 rgb255=255,255,255
145 119 rgb255=255,255,255
146 119 rgb255=255,255,255
147 119 rgb255=255,255,255
148 119 rgb255=255,255,255
149 119 rgb255=255,255,255
150 119 rgb255=255,255,255
151 119 rgb255=255,255,255
152 119 rgb255=255,255,255
153 119 rgb255=255,255,255
154 119 rgb255=255,255,255
155 119 rgb255=255,255,255
156 119 rgb255=255,255,255
157 119 rgb255=255,255,255
158 119 rgb255=255,255,255
159 119 rgb255=255,255,255
160 119 rgb255=255,255,255
161 119 rgb255=255,255,255
162 119 rgb255=255,255,255
163 119 rgb255=255,255,255
164 119 rgb255=255,255,255
165 119 rgb255=255,255,255
166 119 rgb255=255,255,255
167 119 rgb255=255,255,255
168 119 rgb255=255,255,255
169 119 rgb255=255,255,255
170 119 rgb255=255,255,255
171 119 rgb255=255,255,255
172 119 rgb255=255,255,255
173 119 rgb255=255,255,255
174 119 rgb255=255,255,255
175 119 rgb255=255,255,255
176 119 rgb255=255,255,255
177 119 rgb255=255,255,255
178 119 rgb255=255,255,255
179 119 rgb255=255,255,255
180 119 rgb255=255,255,255
181 119 rgb255=255,255,255
182 119 rgb255=255,255,255
183 119 rgb255=255,255,255
184 119 rgb255=255,255,255
185 119 rgb255=255,255,255
186 119 rgb255=255,255,255
187 119 rgb255=255,255,255
188 119 rgb255=255,255,255
189 119 rgb255=255,255,255
190 119 rgb255=255,255,255
191 119 rgb255=255,255,255
192 119 rgb255=255,255,255
193 119 rgb255=255,255,255
194 119 rgb255=255,255,255
195 119 rgb255=255,255,255
0 118 rgb255=255,255,255
1 118 rgb255=255,255,255
2 118 rgb255=255,255,255
3 118 rgb255=255,255,255
4 118 rgb255=255,255,255
5 118 rgb255=255,255,255
6 118 rgb255=255,255,255
7 118 rgb255=255,255,255
8 118 rgb255=255,255,255
9 118 rgb255=255,255,255
10 118 rgb255=255,255,255
11 118 rgb255=255,255,255
12 118 rgb255=255,255,255
13 118 rgb255=255,255,255
14 118 rgb255=255,255,255
15 118 rgb255=255,255,255
16 118 rgb255=255,255,255
17 118 rgb255=255,255,255
18 118 rgb255=255,255,255
19 118 rgb255=255,255,255
20 118 rgb255=255,255,255
21 118 rgb255=255,255,255
22 118 rgb255=255,255,255
23 118 rgb255=255,255,255
24 118 rgb255=255,255,255
25 118 rgb255=255,255,255
26 118 rgb255=255,255,255
27 118 rgb255=255,255,255
28 118 rgb255=255,255,255
29 118 rgb255=255,255,255
30 118 rgb255=255,255,255
31 118 rgb255=255,255,255
32 118 rgb255=255,255,255
33 118 rgb255=255,255,255
34 118 rgb255=255,255,255
35 118 rgb255=255,255,255
36 118 rgb255=255,255,255
37 118 rgb255=255,255,255
38 118 rgb255=255,255,255
39 118 rgb255=255,255,255
40 118 rgb255=255,255,255
41 118 rgb255=255,255,255
42 118 rgb255=255,255,255
43 118 rgb255=255,255,255
44 118 rgb255=255,255,255
45 118 rgb255=255,255,255
46 118 rgb255=255,255,255
47 118 rgb255=255,255,255
48 118 rgb255=255,255,255
49 118 rgb255=255,255,255
50 118 rgb255=255,255,255
51 118 rgb255=255,255,255
52 118 rgb255=255,255,255
53 118 rgb255=255,255,255
54 118 rgb255=255,255,255
55 118 rgb255=255,255,255
56 118 rgb255=255,255,255
57 118 rgb255=255,255,255
58 118 rgb255=255,255,255
59 118 rgb255=255,255,255
60 118 rgb255=255,255,255
61 118 rgb255=255,255,255
62 118 rgb255=255,255,255
63 118 rgb255=255,255,255
64 118 rgb255=255,255,255
65 118 rgb255=255,255,255
66 118 rgb255=255,255,255
67 118 rgb255=255,255,255
68 118 rgb255=255,255,255
69 118 rgb255=255,255,255
70 118 rgb255=255,255,255
71 118 rgb255=255,255,255
72 118 rgb255=255,255,255
73 118 rgb255=255,255,255
74 118 rgb255=255,255,255
75 118 rgb255=255,255,255
76 118 rgb255=255,255,255
77 118 rgb255=255,255,255
78 118 rgb255=255,255,255
79 118 rgb255=255,255,255
80 118 rgb255=255,255,255
81 118 rgb255=255,255,255
82 118 rgb255=255,255,255
83 118 rgb255=255,255,255
84 118 rgb255=255,255,255
85 118 rgb255=255,255,255
86 118 rgb255=255,255,255
87 118 rgb255=255,255,255
88 118 rgb255=255,255,255
89 118 rgb255=255,255,255
90 118 rgb255=255,255,255
91 118 rgb255=255,255,255
92 118 rgb255=255,255,255
93 118 rgb255=255,255,255
94 118 rgb255=255,255,255
95 118 rgb255=255,255,255
96 118 rgb255=255,255,255
97 118 rgb255=255,255,255
98 118 rgb255=255,255,255
99 118 rgb255=255,255,255
100 118 rgb255=255,255,255
101 118 rgb255=255,255,255
102 118 rgb255=255,255,255
103 118 rgb255=255,255,255
104 118 rgb255=255,255,255
105 118 rgb255=255,255,255
106 118 rgb255=255,255,255
107 118 rgb255=255,255,255
108 118 rgb255=255,255,255
109 118 rgb255=255,255,255
110 118 rgb255=255,255,255
111 118 rgb255=255,255,255
112 118 rgb255=255,255,255
113 118 rgb255=255,255,255
114 118 rgb255=255,255,255
115 118 rgb255=255,255,255
116 118 rgb255=255,255,255
117 118 rgb255=255,255,255
118 118 rgb255=255,255,255
119 118 rgb255=255,255,255
120 118 rgb255=255,255,255
121 118 rgb255=255,255,255
122 118 rgb255=255,255,255
123 118 rgb255=255,255,255
124 118 rgb255=255,255,255
125 118 rgb255=255,255,255
126 118 rgb255=255,255,255
127 118 rgb255=255,255,255
128 118 rgb255=255,255,255
129 118 rgb255=255,255,255
130 118 rgb255=255,255,255
131 118 rgb255=255,255,255
132 118 rgb255=255,255,255
133 118 rgb255=255,255,255
134 118 rgb255=255,255,255
135 118 rgb255=255,255,255
136 118 rgb255=255,255,255
137 118 rgb255=255,255,255
138 118 rgb255=255,255,255
139 118 rgb255=255,255,255
140 118 rgb255=255,255,255
141 118 rgb255=255,255,255
142 118 rgb255=255,255,255
143 118 rgb255=255,255,255
144 118 rgb255=255,255,255
145 118 rgb255=255,255,255
146 118 rgb255=255,255,255
147 118 rgb255=255,255,255
148 118 rgb255=255,255,255
149 118 rgb255=255,255,255
150 118 rgb255=255,255,255
151 118 rgb255=255,255,255
152 118 rgb255=255,255,255
153 118 rgb255=255,255,255
154 118 rgb255=255,255,255
155 118 rgb255=255,255,255
156 118 rgb255=255,255,255
157 118 rgb255=255,255,255
158 118 rgb255=255,255,255
159 118 rgb255=255,255,255
160 118 rgb255=255,255,255
161 118 rgb255=255,255,255
162 118 rgb255=255,255,255
163 118 rgb255=255,255,255
164 118 rgb255=255,255,255
165 118 rgb255=255,255,255
166 118 rgb255=255,255,255
167 118 rgb255=255,255,255
168 118 rgb255=255,255,255
169 118 rgb255=255,255,255
170 118 rgb255=255,255,255
171 118 rgb255=255,255,255
172 118 rgb255=255,255,255
173 118 rgb255=255,255,255
174 118 rgb255=255,255,255
175 118 rgb255=255,255,255
176 118 rgb255=255,255,255
177 118 rgb255=255,255,255
178 118 rgb255=255,255,255
179 118 rgb255=255,255,255
180 118 rgb255=255,255,255
181 118 rgb255=255,255,255
182 118 rgb255=255,255,255
183 118 rgb255=255,255,255
184 118 rgb255=255,255,255
185 118 rgb255=255,255,255
186 118 rgb255=255,255,255
187 118 rgb255=255,255,255
188 118 rgb255=255,255,255
189 118 rgb255=255,255,255
190 118 rgb255=255,255,255
191 118 rgb255=255,255,255
192 118 rgb255=255,255,255
193 118 rgb255=255,255,255
194 118 rgb255=255,255,255
195 118 rgb255=255,255,255
0 117 rgb255=255,255,255
1 117 rgb255=255,255,255
2 117 rgb255=255,255,255
3 117 rgb255=255,255,255
4 117 rgb255=255,255,255
5 117 rgb255=255,255,255
6 117 rgb255=255,255,255
7 117 rgb255=255,255,255
8 117 rgb255=255,255,255
9 117 rgb255=255,255,255
10 117 rgb255=255,255,255
11 117 rgb255=255,255,255
12 117 rgb255=255,255,255
13 117 rgb255=255,255,255
14 117 rgb255=255,255,255
15 117 rgb255=255,255,255
16 117 rgb255=255,255,255
17 117 rgb255=255,255,255
18 117 rgb255=255,255,255
19 117 rgb255=255,255,255
20 117 rgb255=255,255,255
21 117 rgb255=255,255,255
22 117 rgb255=255,255,255
23 117 rgb255=255,255,255
24 117 rgb255=255,255,255
25 117 rgb255=255,255,255
26 117 rgb255=255,255,255
27 117 rgb255=255,255,255
28 117 rgb255=255,255,255
29 117 rgb255=255,255,255
30 117 rgb255=255,255,255
31 117 rgb255=255,255,255
32 117 rgb255=255,255,255
33 117 rgb255=255,255,255
34 117 rgb255=255,255,255
35 117 rgb255=255,255,255
36 117 rgb255=255,255,255
37 117 rgb255=255,255,255
38 117 rgb255=255,255,255
39 117 rgb255=255,255,255
40 117 rgb255=255,255,255
41 117 rgb255=255,255,255
42 117 rgb255=255,255,255
43 117 rgb255=255,255,255
44 117 rgb255=255,255,255
45 117 rgb255=255,255,255
46 117 rgb255=255,255,255
47 117 rgb255=255,255,255
48 117 rgb255=255,255,255
49 117 rgb255=255,255,255
50 117 rgb255=255,255,255
51 117 rgb255=255,255,255
52 117 rgb255=255,255,255
53 117 rgb255=255,255,255
54 117 rgb255=255,255,255
55 117 rgb255=255,255,255
56 117 rgb255=255,255,255
57 117 rgb255=255,255,255
58 117 rgb255=255,255,255
59 117 rgb255=255,255,255
60 117 rgb255=255,255,255
61 117 rgb255=255,255,255
62 117 rgb255=255,255,255
63 117 rgb255=255,255,255
64 117 rgb255=255,255,255
65 117 rgb255=255,255,255
66 117 rgb255=255,255,255
67 117 rgb255=255,255,255
68 117 rgb255=255,255,255
69 117 rgb255=255,255,255
70 117 rgb255=255,255,255
71 117 rgb255=255,255,255
72 117 rgb255=255,255,255
73 117 rgb255=255,255,255
74 117 rgb255=255,255,255
75 117 rgb255=255,255,255
76 117 rgb255=255,255,255
77 117 rgb255=255,255,255
78 117 rgb255=255,255,255
79 117 rgb255=255,255,255
80 117 rgb255=255,255,255
81 117 rgb255=255,255,255
82 117 rgb255=255,255,255
83 117 rgb255=255,255,255
84 117 rgb255=255,255,255
85 117 rgb255=255,255,255
86 117 rgb255=255,255,255
87 117 rgb255=255,255,255
88 117 rgb255=255,255,255
89 117 rgb255=255,255,255
90 117 rgb255=255,255,255
91 117 rgb255=255,255,255
92 117 rgb255=255,255,255
93 117 rgb255=255,255,255
94 117 rgb255=255,255,255
95 117 rgb255=255,255,255
96 117 rgb255=255,255,255
97 117 rgb255=255,255,255
98 117 rgb255=255,255,255
99 117 rgb255=255,255,255
100 117 rgb255=255,255,255
101 117 rgb255=255,255,255
102 117 rgb255=255,255,255
103 117 rgb255=255,255,255
104 117 rgb255=255,255,255
105 117 rgb255=255,255,255
106 117 rgb255=255,255,255
107 117 rgb255=255,255,255
108 117 rgb255=255,255,255
109 117 rgb255=255,255,255
110 117 rgb255=255,255,255
111 117 rgb255=255,255,255
112 117 rgb255=255,255,255
113 117 rgb255=255,255,255
114 117 rgb255=255,255,255
115 117 rgb255=255,255,255
116 117 rgb255=255,255,255
117 117 rgb255=255,255,255
118 117 rgb255=255,255,255
119 117 rgb255=255,255,255
120 117 rgb255=255,255,255
121 117 rgb255=255,255,255
122 117 rgb255=255,255,255
123 117 rgb255=255,255,255
124 117 rgb255=255,255,255
125 117 rgb255=255,255,255
126 117 rgb255=255,255,255
127 117 rgb255=255,255,255
128 117 rgb255=255,255,255
129 117 rgb255=255,255,255
130 117 rgb255=255,255,255
131 117 rgb255=255,255,255
132 117 rgb255=255,255,255
133 117 rgb255=255,255,255
134 117 rgb255=255,255,255
135 117 rgb255=255,255,255
136 117 rgb255=255,255,255
137 117 rgb255=255,255,255
138 117 rgb255=255,255,255
139 117 rgb255=255,255,255
140 117 rgb255=255,255,255
141 117 rgb255=255,255,255
142 117 rgb255=255,255,255
143 117 rgb255=255,255,255
144 117 rgb255=255,255,255
145 117 rgb255=255,255,255
146 117 rgb255=255,255,255
147 117 rgb255=255,255,255
148 117 rgb255=255,255,255
149 117 rgb255=255,255,255
150 117 rgb255=255,255,255
151 117 rgb255=255,255,255
152 117 rgb255=255,255,255
153 117 rgb255=255,255,255
154 117 rgb255=255,255,255
155 117 rgb255=255,255,255
156 117 rgb255=255,255,255
157 117 rgb255=255,255,255
158 117 rgb255=255,255,255
159 117 rgb255=255,255,255
160 117 rgb255=255,255,255
161 117 rgb255=255,255,255
162 117 rgb255=255,255,255
163 117 rgb255=255,255,255
164 117 rgb255=255,255,255
165 117 rgb255=255,255,255
166 117 rgb255=255,255,255
167 117 rgb255=255,255,255
168 117 rgb255=255,255,255
169 117 rgb255=255,255,255
170 117 rgb255=255,255,255
171 117 rgb255=255,255,255
172 117 rgb255=255,255,255
173 117 rgb255=255,255,255
174 117 rgb255=255,255,255
175 117 rgb255=255,255,255
176 117 rgb255=255,255,255
177 117 rgb255=255,255,255
178 117 rgb255=255,255,255
179 117 rgb255=255,255,255
180 117 rgb255=255,255,255
181 117 rgb255=255,255,255
182 117 rgb255=255,255,255
183 117 rgb255=255,255,255
184 117 rgb255=255,255,255
185 117 rgb255=255,255,255
186 117 rgb255=255,255,255
187 117 rgb255=255,255,255
188 117 rgb255=255,255,255
189 117 rgb255=255,255,255
190 117 rgb255=255,255,255
191 117 rgb255=255,255,255
192 117 rgb255=255,255,255
193 117 rgb255=255,255,255
194 117 rgb255=255,255,255
195 117 rgb255=255,255,255
0 116 rgb255=255,255,255
1 116 rgb255=255,255,255
2 116 rgb255=255,255,255
3 116 rgb255=255,255,255
4 116 rgb255=255,255,255
5 116 rgb255=255,255,255
6 116 rgb255=255,255,255
7 116 rgb255=255,255,255
8 116 rgb255=255,255,255
9 116 rgb255=255,255,255
10 116 rgb255=255,255,255
11 116 rgb255=255,255,255
12 116 rgb255=255,255,255
13 116 rgb255=255,255,255
14 116 rgb255=255,255,255
15 116 rgb255=255,255,255
16 116 rgb255=255,255,255
17 116 rgb255=255,255,255
18 116 rgb255=255,255,255
19 116 rgb255=255,255,255
20 116 rgb255=255,255,255
21 116 rgb255=255,255,255
22 116 rgb255=255,255,255
23 116 rgb255=255,255,255
24 116 rgb255=255,255,255
25 116 rgb255=255,255,255
26 116 rgb255=255,255,255
27 116 rgb255=255,255,255
28 116 rgb255=255,255,255
29 116 rgb255=255,255,255
30 116 rgb255=255,255,255
31 116 rgb255=255,255,255
32 116 rgb255=255,255,255
33 116 rgb255=255,255,255
34 116 rgb255=255,255,255
35 116 rgb255=255,255,255
36 116 rgb255=255,255,255
37 116 rgb255=255,255,255
38 116 rgb255=255,255,255
39 116 rgb255=255,255,255
40 116 rgb255=255,255,255
41 116 rgb255=255,255,255
42 116 rgb255=255,255,255
43 116 rgb255=255,255,255
44 116 rgb255=255,255,255
45 116 rgb255=255,255,255
46 116 rgb255=255,255,255
47 116 rgb255=255,255,255
48 116 rgb255=255,255,255
49 116 rgb255=255,255,255
50 116 rgb255=255,255,255
51 116 rgb255=255,255,255
52 116 rgb255=255,255,255
53 116 rgb255=255,255,255
54 116 rgb255=255,255,255
55 116 rgb255=255,255,255
56 116 rgb255=255,255,255
57 116 rgb255=255,255,255
58 116 rgb255=255,255,255
59 116 rgb255=255,255,255
60 116 rgb255=255,255,255
61 116 rgb255=255,255,255
62 116 rgb255=255,255,255
63 116 rgb255=255,255,255
64 116 rgb255=255,255,255
65 116 rgb255=255,255,255
66 116 rgb255=255,255,255
67 116 rgb255=255,255,255
68 116 rgb255=255,255,255
69 116 rgb255=255,255,255
70 116 rgb255=255,255,255
71 116 rgb255=255,255,255
72 116 rgb255=255,255,255
73 116 rgb255=255,255,255
74 116 rgb255=255,255,255
75 116 rgb255=255,255,255
76 116 rgb255=255,255,255
77 116 rgb255=255,255,255
78 116 rgb255=255,255,255
79 116 rgb255=255,255,255
80 116 rgb255=255,255,255
81 116 rgb255=255,255,255
82 116 rgb255=255,255,255
83 116 rgb255=255,255,255
84 116 rgb255=255,255,255
85 116 rgb255=255,255,255
86 116 rgb255=255,255,255
87 116 rgb255=255,255,255
88 116 rgb255=255,255,255
89 116 rgb255=255,255,255
90 116 rgb255=255,255,255
91 116 rgb255=255,255,255
92 116 rgb255=255,255,255
93 116 rgb255=255,255,255
94 116 rgb255=255,255,255
95 116 rgb255=255,255,255
96 116 rgb255=255,255,255
97 116 rgb255=255,255,255
98 116 rgb255=255,255,255
99 116 rgb255=255,255,255
100 116 rgb255=255,255,255
101 116 rgb255=255,255,255
102 116 rgb255=255,255,255
103 116 rgb255=255,255,255
104 116 rgb255=255,255,255
105 116 rgb255=255,255,255
106 116 rgb255=255,255,255
107 116 rgb255=255,255,255
108 116 rgb255=255,255,255
109 116 rgb255=255,255,255
110 116 rgb255=255,255,255
111 116 rgb255=255,255,255
112 116 rgb255=255,255,255
113 116 rgb255=255,255,255
114 116 rgb255=255,255,255
115 116 rgb255=255,255,255
116 116 rgb255=255,255,255
117 116 rgb255=255,255,255
118 116 rgb255=255,255,255
119 116 rgb255=255,255,255
120 116 rgb255=255,255,255
121 116 rgb255=255,255,255
122 116 rgb255=255,255,255
123 116 rgb255=255,255,255
124 116 rgb255=255,255,255
125 116 rgb255=255,255,255
126 116 rgb255=255,255,255
127 116 rgb255=255,255,255
128 116 rgb255=255,255,255
129 116 rgb255=255,255,255
130 116 rgb255=255,255,255
131 116 rgb255=255,255,255
132 116 rgb255=255,255,255
133 116 rgb255=255,255,255
134 116 rgb255=255,255,255
135 116 rgb255=255,255,255
136 116 rgb255=255,255,255
137 116 rgb255=255,255,255
138 116 rgb255=255,255,255
139 116 rgb255=255,255,255
140 116 rgb255=255,255,255
141 116 rgb255=255,255,255
142 116 rgb255=255,255,255
143 116 rgb255=255,255,255
144 116 rgb255=255,255,255
145 116 rgb255=255,255,255
146 116 rgb255=255,255,255
147 116 rgb255=255,255,255
148 116 rgb255=255,255,255
149 116 rgb255=255,255,255
150 116 rgb255=255,255,255
151 116 rgb255=255,255,255
152 116 rgb255=255,255,255
153 116 rgb255=255,255,255
154 116 rgb255=255,255,255
155 116 rgb255=255,255,255
156 116 rgb255=255,255,255
157 116 rgb255=255,255,255
158 116 rgb255=255,255,255
159 116 rgb255=255,255,255
160 116 rgb255=255,255,255
161 116 rgb255=255,255,255
162 116 rgb255=255,255,255
163 116 rgb255=255,255,255
164 116 rgb255=255,255,255
165 116 rgb255=255,255,255
166 116 rgb255=255,255,255
167 116 rgb255=255,255,255
168 116 rgb255=255,255,255
169 116 rgb255=255,255,255
170 116 rgb255=255,255,255
171 116 rgb255=255,255,255
172 116 rgb255=255,255,255
173 116 rgb255=255,255,255
174 116 rgb255=255,255,255
175 116 rgb255=255,255,255
176 116 rgb255=255,255,255
177 116 rgb255=255,255,255
178 116 rgb255=255,255,255
179 116 rgb255=255,255,255
180 116 rgb255=255,255,255
181 116 rgb255=255,255,255
182 116 rgb255=255,255,255
183 116 rgb255=255,255,255
184 116 rgb255=255,255,255
185 116 rgb255=255,255,255
186 116 rgb255=255,255,255
187 116 rgb255=255,255,255
188 116 rgb255=255,255,255
189 116 rgb255=255,255,255
190 116 rgb255=255,255,255
191 116 rgb255=255,255,255
192 116 rgb255=255,255,255
193 116 rgb255=255,255,255
194 116 rgb255=255,255,255
195 116 rgb255=255,255,255
0 115 rgb255=255,255,255
1 115 rgb255=255,255,255
2 115 rgb255=255,255,255
3 115 rgb255=255,255,255
4 115 rgb255=255,255,255
5 115 rgb255=255,255,255
6 115 rgb255=255,255,255
7 115 rgb255=255,255,255
8 115 rgb255=255,255,255
9 115 rgb255=255,255,255
10 115 rgb255=255,255,255
11 115 rgb255=255,255,255
12 115 rgb255=255,255,255
13 115 rgb255=255,255,255
14 115 rgb255=255,255,255
15 115 rgb255=255,255,255
16 115 rgb255=255,255,255
17 115 rgb255=255,255,255
18 115 rgb255=255,255,255
19 115 rgb255=255,255,255
20 115 rgb255=255,255,255
21 115 rgb255=255,255,255
22 115 rgb255=255,255,255
23 115 rgb255=255,255,255
24 115 rgb255=255,255,255
25 115 rgb255=255,255,255
26 115 rgb255=255,255,255
27 115 rgb255=255,255,255
28 115 rgb255=255,255,255
29 115 rgb255=255,255,255
30 115 rgb255=255,255,255
31 115 rgb255=255,255,255
32 115 rgb255=255,255,255
33 115 rgb255=255,255,255
34 115 rgb255=255,255,255
35 115 rgb255=255,255,255
36 115 rgb255=255,255,255
37 115 rgb255=255,255,255
38 115 rgb255=255,255,255
39 115 rgb255=255,255,255
40 115 rgb255=255,255,255
41 115 rgb255=255,255,255
42 115 rgb255=255,255,255
43 115 rgb255=255,255,255
44 115 rgb255=255,255,255
45 115 rgb255=255,255,255
46 115 rgb255=255,255,255
47 115 rgb255=255,255,255
48 115 rgb255=255,255,255
49 115 rgb255=255,255,255
50 115 rgb255=255,255,255
51 115 rgb255=255,255,255
52 115 rgb255=255,255,255
53 115 rgb255=255,255,255
54 115 rgb255=255,255,255
55 115 rgb255=255,255,255
56 115 rgb255=255,255,255
57 115 rgb255=255,255,255
58 115 rgb255=255,255,255
59 115 rgb255=255,255,255
60 115 rgb255=255,255,255
61 115 rgb255=255,255,255
62 115 rgb255=255,255,255
63 115 rgb255=255,255,255
64 115 rgb255=255,255,255
65 115 rgb255=255,255,255
66 115 rgb255=255,255,255
67 115 rgb255=255,255,255
68 115 rgb255=255,255,255
69 115 rgb255=255,255,255
70 115 rgb255=255,255,255
71 115 rgb255=255,255,255
72 115 rgb255=255,255,255
73 115 rgb255=255,255,255
74 115 rgb255=255,255,255
75 115 rgb255=255,255,255
76 115 rgb255=255,255,255
77 115 rgb255=255,255,255
78 115 rgb255=255,255,255
79 115 rgb255=255,255,255
80 115 rgb255=255,255,255
81 115 rgb255=255,255,255
82 115 rgb255=255,255,255
83 115 rgb255=255,255,255
84 115 rgb255=255,255,255
85 115 rgb255=255,255,255
86 115 rgb255=255,255,255
87 115 rgb255=255,255,255
88 115 rgb255=255,255,255
89 115 rgb255=255,255,255
90 115 rgb255=255,255,255
91 115 rgb255=255,255,255
92 115 rgb255=255,255,255
93 115 rgb255=255,255,255
94 115 rgb255=255,255,255
95 115 rgb255=255,255,255
96 115 rgb255=255,255,255
97 115 rgb255=255,255,255
98 115 rgb255=255,255,255
99 115 rgb255=255,255,255
100 115 rgb255=255,255,255
101 115 rgb255=255,255,255
102 115 rgb255=255,255,255
103 115 rgb255=255,255,255
104 115 rgb255=255,255,255
105 115 rgb255=255,255,255
106 115 rgb255=255,255,255
107 115 rgb255=255,255,255
108 115 rgb255=255,255,255
109 115 rgb255=255,255,255
110 115 rgb255=255,255,255
111 115 rgb255=255,255,255
112 115 rgb255=255,255,255
113 115 rgb255=255,255,255
114 115 rgb255=255,255,255
115 115 rgb255=255,255,255
116 115 rgb255=255,255,255
117 115 rgb255=255,255,255
118 115 rgb255=255,255,255
119 115 rgb255=255,255,255
120 115 rgb255=255,255,255
121 115 rgb255=255,255,255
122 115 rgb255=255,255,255
123 115 rgb255=255,255,255
124 115 rgb255=255,255,255
125 115 rgb255=255,255,255
126 115 rgb255=255,255,255
127 115 rgb255=255,255,255
128 115 rgb255=255,255,255
129 115 rgb255=255,255,255
130 115 rgb255=255,255,255
131 115 rgb255=255,255,255
132 115 rgb255=255,255,255
133 115 rgb255=255,255,255
134 115 rgb255=255,255,255
135 115 rgb255=255,255,255
136 115 rgb255=255,255,255
137 115 rgb255=255,255,255
138 115 rgb255=255,255,255
139 115 rgb255=255,255,255
140 115 rgb255=255,255,255
141 115 rgb255=255,255,255
142 115 rgb255=255,255,255
143 115 rgb255=255,255,255
144 115 rgb255=255,255,255
145 115 rgb255=255,255,255
146 115 rgb255=255,255,255
147 115 rgb255=255,255,255
148 115 rgb255=255,255,255
149 115 rgb255=255,255,255
150 115 rgb255=255,255,255
151 115 rgb255=255,255,255
152 115 rgb255=255,255,255
153 115 rgb255=255,255,255
154 115 rgb255=255,255,255
155 115 rgb255=255,255,255
156 115 rgb255=255,255,255
157 115 rgb255=255,255,255
158 115 rgb255=255,255,255
159 115 rgb255=255,255,255
160 115 rgb255=255,255,255
161 115 rgb255=255,255,255
162 115 rgb255=255,255,255
163 115 rgb255=255,255,255
164 115 rgb255=255,255,255
165 115 rgb255=255,255,255
166 115 rgb255=255,255,255
167 115 rgb255=255,255,255
168 115 rgb255=255,255,255
169 115 rgb255=255,255,255
170 115 rgb255=255,255,255
171 115 rgb255=255,255,255
172 115 rgb255=255,255,255
173 115 rgb255=255,255,255
174 115 rgb255=255,255,255
175 115 rgb255=255,255,255
176 115 rgb255=255,255,255
177 115 rgb255=255,255,255
178 115 rgb255=255,255,255
179 115 rgb255=255,255,255
180 115 rgb255=255,255,255
181 115 rgb255=255,255,255
182 115 rgb255=255,255,255
183 115 rgb255=255,255,255
184 115 rgb255=255,255,255
185 115 rgb255=255,255,255
186 115 rgb255=255,255,255
187 115 rgb255=255,255,255
188 115 rgb255=255,255,255
189 115 rgb255=255,255,255
190 115 rgb255=255,255,255
191 115 rgb255=255,255,255
192 115 rgb255=255,255,255
193 115 rgb255=255,255,255
194 115 rgb255=255,255,255
195 115 rgb255=255,255,255
0 114 rgb255=255,255,255
1 114 rgb255=255,255,255
2 114 rgb255=255,255,255
3 114 rgb255=255,255,255
4 114 rgb255=255,255,255
5 114 rgb255=255,255,255
6 114 rgb255=255,255,255
7 114 rgb255=255,255,255
8 114 rgb255=255,255,255
9 114 rgb255=255,255,255
10 114 rgb255=255,255,255
11 114 rgb255=255,255,255
12 114 rgb255=255,255,255
13 114 rgb255=255,255,255
14 114 rgb255=255,255,255
15 114 rgb255=255,255,255
16 114 rgb255=255,255,255
17 114 rgb255=255,255,255
18 114 rgb255=255,255,255
19 114 rgb255=255,255,255
20 114 rgb255=255,255,255
21 114 rgb255=255,255,255
22 114 rgb255=255,255,255
23 114 rgb255=255,255,255
24 114 rgb255=255,255,255
25 114 rgb255=255,255,255
26 114 rgb255=255,255,255
27 114 rgb255=255,255,255
28 114 rgb255=255,255,255
29 114 rgb255=255,255,255
30 114 rgb255=255,255,255
31 114 rgb255=255,255,255
32 114 rgb255=255,255,255
33 114 rgb255=255,255,255
34 114 rgb255=255,255,255
35 114 rgb255=255,255,255
36 114 rgb255=255,255,255
37 114 rgb255=255,255,255
38 114 rgb255=255,255,255
39 114 rgb255=255,255,255
40 114 rgb255=255,255,255
41 114 rgb255=255,255,255
42 114 rgb255=255,255,255
43 114 rgb255=255,255,255
44 114 rgb255=255,255,255
45 114 rgb255=255,255,255
46 114 rgb255=255,255,255
47 114 rgb255=255,255,255
48 114 rgb255=255,255,255
49 114 rgb255=255,255,255
50 114 rgb255=255,255,255
51 114 rgb255=255,255,255
52 114 rgb255=255,255,255
53 114 rgb255=255,255,255
54 114 rgb255=255,255,255
55 114 rgb255=255,255,255
56 114 rgb255=255,255,255
57 114 rgb255=255,255,255
58 114 rgb255=255,255,255
59 114 rgb255=255,255,255
60 114 rgb255=255,255,255
61 114 rgb255=255,255,255
62 114 rgb255=255,255,255
63 114 rgb255=255,255,255
64 114 rgb255=255,255,255
65 114 rgb255=255,255,255
66 114 rgb255=255,255,255
67 114 rgb255=255,255,255
68 114 rgb255=255,255,255
69 114 rgb255=255,255,255
70 114 rgb255=255,255,255
71 114 rgb255=255,255,255
72 114 rgb255=255,255,255
73 114 rgb255=255,255,255
74 114 rgb255=255,255,255
75 114 rgb255=255,255,255
76 114 rgb255=255,255,255
77 114 rgb255=255,255,255
78 114 rgb255=255,255,255
79 114 rgb255=255,255,255
80 114 rgb255=255,255,255
81 114 rgb255=255,255,255
82 114 rgb255=255,255,255
83 114 rgb255=255,255,255
84 114 rgb255=255,255,255
85 114 rgb255=255,255,255
86 114 rgb255=255,255,255
87 114 rgb255=255,255,255
88 114 rgb255=255,255,255
89 114 rgb255=255,255,255
90 114 rgb255=255,255,255
91 114 rgb255=255,255,255
92 114 rgb255=255,255,255
93 114 rgb255=255,255,255
94 114 rgb255=255,255,255
95 114 rgb255=255,255,255
96 114 rgb255=255,255,255
97 114 rgb255=255,255,255
98 114 rgb255=255,255,255
99 114 rgb255=255,255,255
100 114 rgb255=255,255,255
101 114 rgb255=255,255,255
102 114 rgb255=255,255,255
103 114 rgb255=255,255,255
104 114 rgb255=255,255,255
105 114 rgb255=255,255,255
106 114 rgb255=255,255,255
107 114 rgb255=255,255,255
108 114 rgb255=255,255,255
109 114 rgb255=255,255,255
110 114 rgb255=255,255,255
111 114 rgb255=255,255,255
112 114 rgb255=255,255,255
113 114 rgb255=255,255,255
114 114 rgb255=255,255,255
115 114 rgb255=255,255,255
116 114 rgb255=255,255,255
117 114 rgb255=255,255,255
118 114 rgb255=255,255,255
119 114 rgb255=255,255,255
120 114 rgb255=255,255,255
121 114 rgb255=255,255,255
122 114 rgb255=255,255,255
123 114 rgb255=255,255,255
124 114 rgb255=255,255,255
125 114 rgb255=255,255,255
126 114 rgb255=255,255,255
127 114 rgb255=255,255,255
128 114 rgb255=255,255,255
129 114 rgb255=255,255,255
130 114 rgb255=255,255,255
131 114 rgb255=255,255,255
132 114 rgb255=255,255,255
133 114 rgb255=255,255,255
134 114 rgb255=255,255,255
135 114 rgb255=255,255,255
136 114 rgb255=255,255,255
137 114 rgb255=255,255,255
138 114 rgb255=255,255,255
139 114 rgb255=255,255,255
140 114 rgb255=255,255,255
141 114 rgb255=255,255,255
142 114 rgb255=255,255,255
143 114 rgb255=255,255,255
144 114 rgb255=255,255,255
145 114 rgb255=255,255,255
146 114 rgb255=255,255,255
147 114 rgb255=255,255,255
148 114 rgb255=255,255,255
149 114 rgb255=255,255,255
150 114 rgb255=255,255,255
151 114 rgb255=255,255,255
152 114 rgb255=255,255,255
153 114 rgb255=255,255,255
154 114 rgb255=255,255,255
155 114 rgb255=255,255,255
156 114 rgb255=255,255,255
157 114 rgb255=255,255,255
158 114 rgb255=255,255,255
159 114 rgb255=255,255,255
160 114 rgb255=255,255,255
161 114 rgb255=255,255,255
162 114 rgb255=255,255,255
163 114 rgb255=255,255,255
164 114 rgb255=255,255,255
165 114 rgb255=255,255,255
166 114 rgb255=255,255,255
167 114 rgb255=255,255,255
168 114 rgb255=255,255,255
169 114 rgb255=255,255,255
170 114 rgb255=255,255,255
171 114 rgb255=255,255,255
172 114 rgb255=255,255,255
173 114 rgb255=255,255,255
174 114 rgb255=255,255,255
175 114 rgb255=255,255,255
176 114 rgb255=255,255,255
177 114 rgb255=255,255,255
178 114 rgb255=255,255,255
179 114 rgb255=255,255,255
180 114 rgb255=255,255,255
181 114 rgb255=255,255,255
182 114 rgb255=255,255,255
183 114 rgb255=255,255,255
184 114 rgb255=255,255,255
185 114 rgb255=255,255,255
186 114 rgb255=255,255,255
187 114 rgb255=255,255,255
188 114 rgb255=255,255,255
189 114 rgb255=255,255,255
190 114 rgb255=255,255,255
191 114 rgb255=255,255,255
192 114 rgb255=255,255,255
193 114 rgb255=255,255,255
194 114 rgb255=255,255,255
195 114 rgb255=255,255,255
0 113 rgb255=190,166,125
1 113 rgb255=191,166,123
2 113 rgb255=194,167,123
3 113 rgb255=191,170,117
4 113 rgb255=190,173,121
5 113 rgb255=192,173,133
6 113 rgb255=195,175,139
7 113 rgb255=197,179,142
8 113 rgb255=195,178,147
9 113 rgb255=194,178,135
10 113 rgb255=193,177,125
11 113 rgb255=193,174,124
12 113 rgb255=200,167,125
13 113 rgb255=197,155,114
14 113 rgb255=189,146,98
15 113 rgb255=180,136,83
16 113 rgb255=177,124,69
17 113 rgb255=179,110,57
18 113 rgb255=173,100,53
19 113 rgb255=170,92,49
20 113 rgb255=168,86,44
21 113 rgb255=159,74,31
22 113 rgb255=148,50,19
23 113 rgb255=140,26,13
24 113 rgb255=131,14,12
25 113 rgb255=113,12,14
26 113 rgb255=96,18,15
27 113 rgb255=87,31,18
28 113 rgb255=62,32,19
29 113 rgb255=38,24,14
30 113 rgb255=28,18,10
31 113 rgb255=25,14,9
32 113 rgb255=255,255,255
33 113 rgb255=255,255,255
34 113 rgb255=255,255,255
35 113 rgb255=255,255,255
36 113 rgb255=255,255,255
37 113 rgb255=255,255,255
38 113 rgb255=255,255,255
39 113 rgb255=255,255,255
40 113 rgb255=255,255,255
41 113 rgb255=44,45,39
42 113 rgb255=47,48,42
43 113 rgb255=52,53,47
44 113 rgb255=55,56,50
45 113 rgb255=58,59,52
46 113 rgb255=60,62,53
47 113 rgb255=59,60,52
48 113 rgb255=57,58,50
49 113 rgb255=58,59,50
50 113 rgb255=61,62,54
51 113 rgb255=60,63,54
52 113 rgb255=59,61,52
53 113 rgb255=59,59,51
54 113 rgb255=63,59,52
55 113 rgb255=57,50,44
56 113 rgb255=37,31,27
57 113 rgb255=23,19,17
58 113 rgb255=11,10,9
59 113 rgb255=7,8,10
60 113 rgb255=5,8,11
61 113 rgb255=5,9,12
62 113 rgb255=9,10,12
63 113 rgb255=10,9,9
64 113 rgb255=25,25,22
65 113 rgb255=40,41,35
66 113 rgb255=40,41,33
67 113 rgb255=41,42,36
68 113 rgb255=38,39,34
69 113 rgb255=38,39,34
70 113 rgb255=34,35,31
71 113 rgb255=23,24,19
72 113 rgb255=19,20,15
73 113 rgb255=255,255,255
74 113 rgb255=255,255,255
75 113 rgb255=255,255,255
76 113 rgb255=255,255,255
77 113 rgb255=255,255,255
78 113 rgb255=255,255,255
79 113 rgb255=255,255,255
80 113 rgb255=255,255,255
81 113 rgb255=255,255,255
82 113 rgb255=238,239,234
83 113 rgb255=235,236,231
84 113 rgb255=239,239,237
85 113 rgb255=240,240,240
86 113 rgb255=240,240,240
87 113 rgb255=240,240,240
88 113 rgb255=243,243,243
89 113 rgb255=241,241,241
90 113 rgb255=240,240,240
91 113 rgb255=240,240,240
92 113 rgb255=240,240,240
93 113 rgb255=241,241,241
94 113 rgb255=240,240,240
95 113 rgb255=240,240,240
96 113 rgb255=240,240,240
97 113 rgb255=241,241,240
98 113 rgb255=240,241,237
99 113 rgb255=240,241,236
100 113 rgb255=240,241,236
101 113 rgb255=240,241,238
102 113 rgb255=240,240,240
103 113 rgb255=238,238,238
104 113 rgb255=236,236,236
105 113 rgb255=234,234,234
106 113 rgb255=233,233,233
107 113 rgb255=232,232,232
108 113 rgb255=232,232,229
109 113 rgb255=232,233,228
110 113 rgb255=232,233,228
111 113 rgb255=233,234,228
112 113 rgb255=230,231,226
113 113 rgb255=227,228,223
114 113 rgb255=255,255,255
115 113 rgb255=255,255,255
116 113 rgb255=255,255,255
117 113 rgb255=255,255,255
118 113 rgb255=255,255,255
119 113 rgb255=255,255,255
120 113 rgb255=255,255,255
121 113 rgb255=255,255,255
122 113 rgb255=255,255,255
123 113 rgb255=167,167,138
124 113 rgb255=161,164,130
125 113 rgb255=170,174,148
126 113 rgb255=168,176,147
127 113 rgb255=163,174,133
128 113 rgb255=166,177,122
129 113 rgb255=165,173,121
130 113 rgb255=166,173,132
131 113 rgb255=167,177,132
132 113 rgb255=162,173,124
133 113 rgb255=161,169,138
134 113 rgb255=159,166,136
135 113 rgb255=156,163,127
136 113 rgb255=155,164,119
137 113 rgb255=157,169,125
138 113 rgb255=156,168,136
139 113 rgb255=156,169,135
140 113 rgb255=162,174,137
141 113 rgb255=159,169,133
142 113 rgb255=159,167,130
143 113 rgb255=164,170,132
144 113 rgb255=165,171,134
145 113 rgb255=164,170,133
146 113 rgb255=165,170,135
147 113 rgb255=164,169,135
148 113 rgb255=161,167,130
149 113 rgb255=162,169,123
150 113 rgb255=167,174,127
151 113 rgb255=165,172,127
152 113 rgb255=165,172,129
153 113 rgb255=165,171,137
154 113 rgb255=164,169,135
155 113 rgb255=255,255,255
156 113 rgb255=255,255,255
157 113 rgb255=255,255,255
158 113 rgb255=255,255,255
159 113 rgb255=255,255,255
160 113 rgb255=255,255,255
161 113 rgb255=255,255,255
162 113 rgb255=255,255,255
163 113 rgb255=255,255,255
164 113 rgb255=253,253,253
165 113 rgb255=251,251,251
166 113 rgb255=252,252,252
167 113 rgb255=252,252,252
168 113 rgb255=252,252,252
169 113 rgb255=252,252,252
170 113 rgb255=252,252,252
171 113 rgb255=251,251,251
172 113 rgb255=251,251,251
173 113 rgb255=251,251,251
174 113 rgb255=251,251,251
175 113 rgb255=251,252,252
176 113 rgb255=252,252,252
177 113 rgb255=252,252,252
178 113 rgb255=252,252,252
179 113 rgb255=252,252,252
180 113 rgb255=252,252,252
181 113 rgb255=252,252,252
182 113 rgb255=252,252,252
183 113 rgb255=252,252,252
184 113 rgb255=252,252,252
185 113 rgb255=252,252,252
186 113 rgb255=251,251,251
187 113 rgb255=253,253,253
188 113 rgb255=241,241,242
189 113 rgb255=224,225,228
190 113 rgb255=251,251,251
191 113 rgb255=252,252,252
192 113 rgb255=251,251,251
193 113 rgb255=251,251,251
194 113 rgb255=251,251,251
195 113 rgb255=251,251,251
0 112 rgb255=195,149,113
1 112 rgb255=192,145,111
2 112 rgb255=195,147,115
3 112 rgb255=197,144,111
4 112 rgb255=198,141,111
5 112 rgb255=193,138,116
6 112 rgb255=186,137,112
7 112 rgb255=180,131,104
8 112 rgb255=176,114,98
9 112 rgb255=174,115,85
10 112 rgb255=178,124,80
11 112 rgb255=190,139,91
12 112 rgb255=188,152,95
13 112 rgb255=181,153,94
14 112 rgb255=186,157,107
15 112 rgb255=191,161,119
16 112 rgb255=188,164,129
17 112 rgb255=180,166,137
18 112 rgb255=179,165,135
19 112 rgb255=173,159,128
20 112 rgb255=169,153,122
21 112 rgb255=168,143,110
22 112 rgb255=171,123,96
23 112 rgb255=170,96,75
24 112 rgb255=154,66,47
25 112 rgb255=138,31,27
26 112 rgb255=117,7,11
27 112 rgb255=84,5,6
28 112 rgb255=38,4,7
29 112 rgb255=3,0,5
30 112 rgb255=0,0,3
31 112 rgb255=1,2,4
32 112 rgb255=255,255,255
33 112 rgb255=255,255,255
34 112 rgb255=255,255,255
35 112 rgb255=255,255,255
36 112 rgb255=255,255,255
37 112 rgb255=255,255,255
38 112 rgb255=255,255,255
39 112 rgb255=255,255,255
40 112 rgb255=255,255,255
41 112 rgb255=52,53,47
42 112 rgb255=53,54,48
43 112 rgb255=56,57,51
44 112 rgb255=59,60,54
45 112 rgb255=61,62,53
46 112 rgb255=63,65,53
47 112 rgb255=64,66,53
48 112 rgb255=62,64,52
49 112 rgb255=61,63,51
50 112 rgb255=63,65,53
51 112 rgb255=64,66,54
52 112 rgb255=63,65,52
53 112 rgb255=63,63,51
54 112 rgb255=65,61,51
55 112 rgb255=60,54,44
56 112 rgb255=46,40,33
57 112 rgb255=31,27,23
58 112 rgb255=16,13,11
59 112 rgb255=11,10,10
60 112 rgb255=9,11,13
61 112 rgb255=9,11,14
62 112 rgb255=10,11,12
63 112 rgb255=10,10,10
64 112 rgb255=28,28,25
65 112 rgb255=41,43,37
66 112 rgb255=42,43,35
67 112 rgb255=43,44,38
68 112 rgb255=40,41,36
69 112 rgb255=40,41,36
70 112 rgb255=35,36,31
71 112 rgb255=23,24,19
72 112 rgb255=19,20,15
73 112 rgb255=255,255,255
74 112 rgb255=255,255,255
75 112 rgb255=255,255,255
76 112 rgb255=255,255,255
77 112 rgb255=255,255,255
78 112 rgb255=255,255,255
79 112 rgb255=255,255,255
80 112 rgb255=255,255,255
81 112 rgb255=255,255,255
82 112 rgb255=234,235,230
83 112 rgb255=232,233,228
84 112 rgb255=234,235,232
85 112 rgb255=235,235,235
86 112 rgb255=237,237,237
87 112 rgb255=237,237,237
88 112 rgb255=237,237,237
89 112 rgb255=237,237,237
90 112 rgb255=238,238,238
91 112 rgb255=238,238,238
92 112 rgb255=238,238,238
93 112 rgb255=238,238,238
94 112 rgb255=238,238,238
95 112 rgb255=239,239,239
96 112 rgb255=238,238,238
97 112 rgb255=237,237,237
98 112 rgb255=238,239,235
99 112 rgb255=238,239,234
100 112 rgb255=236,237,232
101 112 rgb255=236,236,234
102 112 rgb255=236,236,236
103 112 rgb255=235,235,235
104 112 rgb255=233,233,233
105 112 rgb255=232,232,232
106 112 rgb255=230,230,230
107 112 rgb255=230,230,230
108 112 rgb255=229,229,226
109 112 rgb255=229,230,225
110 112 rgb255=229,230,225
111 112 rgb255=229,230,225
112 112 rgb255=229,230,225
113 112 rgb255=225,226,221
114 112 rgb255=255,255,255
115 112 rgb255=255,255,255
116 112 rgb255=255,255,255
117 112 rgb255=255,255,255
118 112 rgb255=255,255,255
119 112 rgb255=255,255,255
120 112 rgb255=255,255,255
121 112 rgb255=255,255,255
122 112 rgb255=255,255,255
123 112 rgb255=154,158,111
124 112 rgb255=150,159,102
125 112 rgb255=166,176,124
126 112 rgb255=169,183,124
127 112 rgb255=161,178,102
128 112 rgb255=159,177,83
129 112 rgb255=156,172,76
130 112 rgb255=160,173,90
131 112 rgb255=162,178,89
132 112 rgb255=153,169,78
133 112 rgb255=138,149,94
134 112 rgb255=129,137,96
135 112 rgb255=133,148,81
136 112 rgb255=136,155,75
137 112 rgb255=146,167,90
138 112 rgb255=151,172,106
139 112 rgb255=148,171,100
140 112 rgb255=153,175,98
141 112 rgb255=150,168,89
142 112 rgb255=151,165,84
143 112 rgb255=164,176,101
144 112 rgb255=165,177,106
145 112 rgb255=163,175,101
146 112 rgb255=163,175,99
147 112 rgb255=158,171,93
148 112 rgb255=154,167,84
149 112 rgb255=154,168,81
150 112 rgb255=164,178,91
151 112 rgb255=165,178,96
152 112 rgb255=168,180,105
153 112 rgb255=167,179,102
154 112 rgb255=159,171,100
155 112 rgb255=255,255,255
156 112 rgb255=255,255,255
157 112 rgb255=255,255,255
158 112 rgb255=255,255,255
159 112 rgb255=255,255,255
160 112 rgb255=255,255,255
161 112 rgb255=255,255,255
162 112 rgb255=255,255,255
163 112 rgb255=255,255,255
164 112 rgb255=255,255,255
165 112 rgb255=255,255,255
166 112 rgb255=255,255,255
167 112 rgb255=255,255,255
168 112 rgb255=255,255,255
169 112 rgb255=255,255,255
170 112 rgb255=255,255,255
171 112 rgb255=255,255,255
172 112 rgb255=255,255,255
173 112 rgb255=255,255,255
174 112 rgb255=255,255,255
175 112 rgb255=255,255,255
176 112 rgb255=255,255,255
177 112 rgb255=255,255,255
178 112 rgb255=255,255,255
179 112 rgb255=255,255,255
180 112 rgb255=255,255,255
181 112 rgb255=255,255,255
182 112 rgb255=255,255,255
183 112 rgb255=255,255,255
184 112 rgb255=255,255,255
185 112 rgb255=255,255,255
186 112 rgb255=255,255,255
187 112 rgb255=255,255,255
188 112 rgb255=241,242,243
189 112 rgb255=217,220,223
190 112 rgb255=252,253,252
191 112 rgb255=255,255,255
192 112 rgb255=255,254,254
193 112 rgb255=255,255,255
194 112 rgb255=255,255,255
195 112 rgb255=255,255,255
0 111 rgb255=141,46,34
1 111 rgb255=124,38,28
2 111 rgb255=114,37,27
3 111 rgb255=116,33,25
4 111 rgb255=120,28,26
5 111 rgb255=108,22,25
6 111 rgb255=92,15,13
7 111 rgb255=94,22,10
8 111 rgb255=130,56,32
9 111 rgb255=170,109,72
10 111 rgb255=190,145,108
11 111 rgb255=198,166,137
12 111 rgb255=197,181,153
13 111 rgb255=195,187,161
14 111 rgb255=192,186,167
15 111 rgb255=184,182,169
16 111 rgb255=178,175,167
17 111 rgb255=178,167,162
18 111 rgb255=179,161,154
19 111 rgb255=177,151,143
20 111 rgb255=174,142,130
21 111 rgb255=164,131,103
22 111 rgb255=156,106,78
23 111 rgb255=152,83,60
24 111 rgb255=146,70,49
25 111 rgb255=145,56,37
26 111 rgb255=144,43,26
27 111 rgb255=134,44,30
28 111 rgb255=80,24,16
29 111 rgb255=23,3,2
30 111 rgb255=5,1,3
31 111 rgb255=4,0,1
32 111 rgb255=255,255,255
33 111 rgb255=255,255,255
34 111 rgb255=255,255,255
35 111 rgb255=255,255,255
36 111 rgb255=255,255,255
37 111 rgb255=255,255,255
38 111 rgb255=255,255,255
39 111 rgb255=255,255,255
40 111 rgb255=255,255,255
41 111 rgb255=53,54,48
42 111 rgb255=55,56,50
43 111 rgb255=57,58,52
44 111 rgb255=61,62,56
45 111 rgb255=62,64,54
46 111 rgb255=63,65,52
47 111 rgb255=65,67,54
48 111 rgb255=65,67,54
49 111 rgb255=66,68,55
50 111 rgb255=65,68,54
51 111 rgb255=66,69,55
52 111 rgb255=65,67,54
53 111 rgb255=65,65,53
54 111 rgb255=63,60,48
55 111 rgb255=53,47,37
56 111 rgb255=45,38,30
57 111 rgb255=31,25,20
58 111 rgb255=18,13,9
59 111 rgb255=14,12,10
60 111 rgb255=12,12,12
61 111 rgb255=11,12,14
62 111 rgb255=13,13,14
63 111 rgb255=12,12,12
64 111 rgb255=31,31,28
65 111 rgb255=43,44,38
66 111 rgb255=43,44,36
67 111 rgb255=44,45,39
68 111 rgb255=40,41,36
69 111 rgb255=41,42,37
70 111 rgb255=38,39,34
71 111 rgb255=28,29,24
72 111 rgb255=23,24,19
73 111 rgb255=255,255,255
74 111 rgb255=255,255,255
75 111 rgb255=255,255,255
76 111 rgb255=255,255,255
77 111 rgb255=255,255,255
78 111 rgb255=255,255,255
79 111 rgb255=255,255,255
80 111 rgb255=255,255,255
81 111 rgb255=255,255,255
82 111 rgb255=236,237,232
83 111 rgb255=234,235,230
84 111 rgb255=234,234,232
85 111 rgb255=234,234,234
86 111 rgb255=236,236,236
87 111 rgb255=237,237,237
88 111 rgb255=236,236,236
89 111 rgb255=237,237,237
90 111 rgb255=238,238,238
91 111 rgb255=239,239,239
92 111 rgb255=240,240,240
93 111 rgb255=238,238,238
94 111 rgb255=239,239,239
95 111 rgb255=240,240,240
96 111 rgb255=238,238,238
97 111 rgb255=237,237,237
98 111 rgb255=240,240,236
99 111 rgb255=239,241,235
100 111 rgb255=237,239,233
101 111 rgb255=237,237,235
102 111 rgb255=236,236,236
103 111 rgb255=234,234,234
104 111 rgb255=234,234,234
105 111 rgb255=233,233,233
106 111 rgb255=231,231,231
107 111 rgb255=231,231,231
108 111 rgb255=231,231,228
109 111 rgb255=230,231,226
110 111 rgb255=230,231,226
111 111 rgb255=230,231,226
112 111 rgb255=231,232,227
113 111 rgb255=228,229,224
114 111 rgb255=255,255,255
115 111 rgb255=255,255,255
116 111 rgb255=255,255,255
117 111 rgb255=255,255,255
118 111 rgb255=255,255,255
119 111 rgb255=255,255,255
120 111 rgb255=255,255,255
121 111 rgb255=255,255,255
122 111 rgb255=255,255,255
123 111 rgb255=154,160,111
124 111 rgb255=155,166,105
125 111 rgb255=177,189,132
126 111 rgb255=184,199,137
127 111 rgb255=169,187,110
128 111 rgb255=156,175,78
129 111 rgb255=150,166,65
130 111 rgb255=152,166,75
131 111 rgb255=150,166,71
132 111 rgb255=145,161,68
133 111 rgb255=118,125,81
134 111 rgb255=71,75,55
135 111 rgb255=104,115,67
136 111 rgb255=138,154,83
137 111 rgb255=152,173,91
138 111 rgb255=161,183,103
139 111 rgb255=155,179,96
140 111 rgb255=154,176,87
141 111 rgb255=156,174,79
142 111 rgb255=159,174,74
143 111 rgb255=172,187,93
144 111 rgb255=172,186,98
145 111 rgb255=169,184,94
146 111 rgb255=166,181,89
147 111 rgb255=161,176,80
148 111 rgb255=157,173,72
149 111 rgb255=156,172,70
150 111 rgb255=166,183,80
151 111 rgb255=172,189,88
152 111 rgb255=180,195,104
153 111 rgb255=176,192,93
154 111 rgb255=165,179,94
155 111 rgb255=255,255,255
156 111 rgb255=255,255,255
157 111 rgb255=255,255,255
158 111 rgb255=255,255,255
159 111 rgb255=255,255,255
160 111 rgb255=255,255,255
161 111 rgb255=255,255,255
162 111 rgb255=255,255,255
163 111 rgb255=255,255,255
164 111 rgb255=254,254,254
165 111 rgb255=253,253,253
166 111 rgb255=253,253,253
167 111 rgb255=253,253,253
168 111 rgb255=253,253,253
169 111 rgb255=253,253,253
170 111 rgb255=252,252,252
171 111 rgb255=252,251,251
172 111 rgb255=250,250,251
173 111 rgb255=251,251,251
174 111 rgb255=252,252,252
175 111 rgb255=252,252,252
176 111 rgb255=252,253,252
177 111 rgb255=253,253,253
178 111 rgb255=253,253,253
179 111 rgb255=253,253,253
180 111 rgb255=253,253,253
181 111 rgb255=253,253,253
182 111 rgb255=253,253,253
183 111 rgb255=253,253,253
184 111 rgb255=253,253,253
185 111 rgb255=253,253,253
186 111 rgb255=252,253,253
187 111 rgb255=255,255,255
188 111 rgb255=236,238,239
189 111 rgb255=191,196,202
190 111 rgb255=244,245,245
191 111 rgb255=254,254,254
192 111 rgb255=252,252,252
193 111 rgb255=253,253,253
194 111 rgb255=253,253,253
195 111 rgb255=253,253,253
0 110 rgb255=121,1,6
1 110 rgb255=92,2,0
2 110 rgb255=80,9,6
3 110 rgb255=86,10,15
4 110 rgb255=87,2,12
5 110 rgb255=86,9,7
6 110 rgb255=120,59,29
7 110 rgb255=177,132,86
8 110 rgb255=205,169,139
9 110 rgb255=206,186,159
10 110 rgb255=198,193,173
11 110 rgb255=193,194,185
12 110 rgb255=193,188,194
13 110 rgb255=189,182,191
14 110 rgb255=181,177,177
15 110 rgb255=175,174,167
16 110 rgb255=171,171,156
17 110 rgb255=172,156,138
18 110 rgb255=169,130,114
19 110 rgb255=151,110,91
20 110 rgb255=135,82,63
21 110 rgb255=119,51,27
22 110 rgb255=94,30,10
23 110 rgb255=114,27,19
24 110 rgb255=141,40,28
25 110 rgb255=138,70,44
26 110 rgb255=169,125,104
27 110 rgb255=181,123,105
28 110 rgb255=113,49,30
29 110 rgb255=37,9,7
30 110 rgb255=14,12,12
31 110 rgb255=15,11,13
32 110 rgb255=255,255,255
33 110 rgb255=255,255,255
34 110 rgb255=255,255,255
35 110 rgb255=255,255,255
36 110 rgb255=255,255,255
37 110 rgb255=255,255,255
38 110 rgb255=255,255,255
39 110 rgb255=255,255,255
40 110 rgb255=255,255,255
41 110 rgb255=53,54,48
42 110 rgb255=56,57,51
43 110 rgb255=59,60,54
44 110 rgb255=63,64,58
45 110 rgb255=65,66,58
46 110 rgb255=65,66,56
47 110 rgb255=67,69,59
48 110 rgb255=68,70,60
49 110 rgb255=68,69,59
50 110 rgb255=67,69,59
51 110 rgb255=65,68,57
52 110 rgb255=58,59,49
53 110 rgb255=53,52,43
54 110 rgb255=48,44,35
55 110 rgb255=36,29,22
56 110 rgb255=32,24,17
57 110 rgb255=27,19,13
58 110 rgb255=21,14,9
59 110 rgb255=18,14,11
60 110 rgb255=14,13,11
61 110 rgb255=13,12,12
62 110 rgb255=14,14,15
63 110 rgb255=14,14,14
64 110 rgb255=34,35,32
65 110 rgb255=45,46,40
66 110 rgb255=45,46,38
67 110 rgb255=45,46,40
68 110 rgb255=42,43,38
69 110 rgb255=43,44,39
70 110 rgb255=41,42,37
71 110 rgb255=37,38,33
72 110 rgb255=33,34,29
73 110 rgb255=255,255,255
74 110 rgb255=255,255,255
75 110 rgb255=255,255,255
76 110 rgb255=255,255,255
77 110 rgb255=255,255,255
78 110 rgb255=255,255,255
79 110 rgb255=255,255,255
80 110 rgb255=255,255,255
81 110 rgb255=255,255,255
82 110 rgb255=236,237,232
83 110 rgb255=234,235,231
84 110 rgb255=235,235,233
85 110 rgb255=234,234,235
86 110 rgb255=234,234,235
87 110 rgb255=235,235,235
88 110 rgb255=236,236,236
89 110 rgb255=237,237,237
90 110 rgb255=239,238,238
91 110 rgb255=242,241,240
92 110 rgb255=240,240,239
93 110 rgb255=238,238,238
94 110 rgb255=239,239,239
95 110 rgb255=240,240,240
96 110 rgb255=240,240,240
97 110 rgb255=240,240,239
98 110 rgb255=240,241,237
99 110 rgb255=240,241,236
100 110 rgb255=240,240,236
101 110 rgb255=238,238,236
102 110 rgb255=236,236,236
103 110 rgb255=235,235,235
104 110 rgb255=234,234,234
105 110 rgb255=233,233,233
106 110 rgb255=232,232,232
107 110 rgb255=233,234,233
108 110 rgb255=231,232,229
109 110 rgb255=230,231,226
110 110 rgb255=230,231,227
111 110 rgb255=230,231,227
112 110 rgb255=231,232,227
113 110 rgb255=228,229,224
114 110 rgb255=255,255,255
115 110 rgb255=255,255,255
116 110 rgb255=255,255,255
117 110 rgb255=255,255,255
118 110 rgb255=255,255,255
119 110 rgb255=255,255,255
120 110 rgb255=255,255,255
121 110 rgb255=255,255,255
122 110 rgb255=255,255,255
123 110 rgb255=153,159,118
124 110 rgb255=161,171,120
125 110 rgb255=193,205,158
126 110 rgb255=201,215,168
127 110 rgb255=172,187,128
128 110 rgb255=147,162,86
129 110 rgb255=138,151,72
130 110 rgb255=140,150,79
131 110 rgb255=139,149,75
132 110 rgb255=143,152,92
133 110 rgb255=116,117,103
134 110 rgb255=63,60,66
135 110 rgb255=101,97,88
136 110 rgb255=136,138,100
137 110 rgb255=159,168,107
138 110 rgb255=164,175,108
139 110 rgb255=159,171,105
140 110 rgb255=158,169,98
141 110 rgb255=157,170,86
142 110 rgb255=156,170,75
143 110 rgb255=166,181,87
144 110 rgb255=170,185,95
145 110 rgb255=168,182,94
146 110 rgb255=164,178,91
147 110 rgb255=162,176,88
148 110 rgb255=159,173,84
149 110 rgb255=158,173,83
150 110 rgb255=164,179,84
151 110 rgb255=170,186,85
152 110 rgb255=176,192,94
153 110 rgb255=170,186,88
154 110 rgb255=163,176,100
155 110 rgb255=255,255,255
156 110 rgb255=255,255,255
157 110 rgb255=255,255,255
158 110 rgb255=255,255,255
159 110 rgb255=255,255,255
160 110 rgb255=255,255,255
161 110 rgb255=255,255,255
162 110 rgb255=255,255,255
163 110 rgb255=255,255,255
164 110 rgb255=255,255,255
165 110 rgb255=253,253,253
166 110 rgb255=254,254,254
167 110 rgb255=254,254,254
168 110 rgb255=253,253,253
169 110 rgb255=253,254,253
170 110 rgb255=251,250,251
171 110 rgb255=234,234,237
172 110 rgb255=218,221,224
173 110 rgb255=225,228,230
174 110 rgb255=239,240,240
175 110 rgb255=245,246,246
176 110 rgb255=254,253,253
177 110 rgb255=254,254,254
178 110 rgb255=254,254,254
179 110 rgb255=254,254,254
180 110 rgb255=253,253,253
181 110 rgb255=254,254,254
182 110 rgb255=254,254,254
183 110 rgb255=254,254,254
184 110 rgb255=254,254,254
185 110 rgb255=254,254,254
186 110 rgb255=253,253,254
187 110 rgb255=255,255,255
188 110 rgb255=230,233,235
189 110 rgb255=145,156,166
190 110 rgb255=228,230,232
191 110 rgb255=255,255,255
192 110 rgb255=253,253,253
193 110 rgb255=254,254,254
194 110 rgb255=254,254,254
195 110 rgb255=254,254,254
0 109 rgb255=75,13,17
1 109 rgb255=50,7,14
2 109 rgb255=54,6,14
3 109 rgb255=75,10,15
4 109 rgb255=116,49,18
5 109 rgb255=166,115,28
6 109 rgb255=200,166,92
7 109 rgb255=209,184,166
8 109 rgb255=206,187,183
9 109 rgb255=202,194,188
10 109 rgb255=196,193,190
11 109 rgb255=192,185,185
12 109 rgb255=186,184,178
13 109 rgb255=181,176,166
14 109 rgb255=177,156,148
15 109 rgb255=164,126,121
16 109 rgb255=141,101,94
17 109 rgb255=133,85,78
18 109 rgb255=138,83,74
19 109 rgb255=129,102,79
20 109 rgb255=140,113,85
21 109 rgb255=147,115,89
22 109 rgb255=131,112,91
23 109 rgb255=119,76,64
24 109 rgb255=135,74,49
25 109 rgb255=186,151,124
26 109 rgb255=185,173,163
27 109 rgb255=180,138,122
28 109 rgb255=122,51,36
29 109 rgb255=74,32,31
30 109 rgb255=144,109,91
31 109 rgb255=161,121,98
32 109 rgb255=255,255,255
33 109 rgb255=255,255,255
34 109 rgb255=255,255,255
35 109 rgb255=255,255,255
36 109 rgb255=255,255,255
37 109 rgb255=255,255,255
38 109 rgb255=255,255,255
39 109 rgb255=255,255,255
40 109 rgb255=255,255,255
41 109 rgb255=55,56,50
42 109 rgb255=59,60,54
43 109 rgb255=62,63,57
44 109 rgb255=63,65,58
45 109 rgb255=64,64,59
46 109 rgb255=60,61,57
47 109 rgb255=53,54,50
48 109 rgb255=48,49,45
49 109 rgb255=40,40,36
50 109 rgb255=44,45,41
51 109 rgb255=41,42,38
52 109 rgb255=25,26,22
53 109 rgb255=24,23,19
54 109 rgb255=31,27,24
55 109 rgb255=45,37,36
56 109 rgb255=34,25,20
57 109 rgb255=26,17,9
58 109 rgb255=31,23,17
59 109 rgb255=30,25,21
60 109 rgb255=23,20,17
61 109 rgb255=16,15,14
62 109 rgb255=14,14,14
63 109 rgb255=17,17,17
64 109 rgb255=38,38,35
65 109 rgb255=47,48,42
66 109 rgb255=47,48,41
67 109 rgb255=47,48,42
68 109 rgb255=43,44,39
69 109 rgb255=40,41,36
70 109 rgb255=34,35,30
71 109 rgb255=35,36,31
72 109 rgb255=36,37,32
73 109 rgb255=255,255,255
74 109 rgb255=255,255,255
75 109 rgb255=255,255,255
76 109 rgb255=255,255,255
77 109 rgb255=255,255,255
78 109 rgb255=255,255,255
79 109 rgb255=255,255,255
80 109 rgb255=255,255,255
81 109 rgb255=255,255,255
82 109 rgb255=236,236,235
83 109 rgb255=233,233,233
84 109 rgb255=225,225,225
85 109 rgb255=233,234,236
86 109 rgb255=234,235,236
87 109 rgb255=234,235,236
88 109 rgb255=237,238,234
89 109 rgb255=239,240,236
90 109 rgb255=239,239,235
91 109 rgb255=220,213,209
92 109 rgb255=239,238,232
93 109 rgb255=239,241,239
94 109 rgb255=241,239,241
95 109 rgb255=240,240,240
96 109 rgb255=240,240,240
97 109 rgb255=242,242,242
98 109 rgb255=241,241,240
99 109 rgb255=240,240,239
100 109 rgb255=240,240,239
101 109 rgb255=239,239,239
102 109 rgb255=238,238,238
103 109 rgb255=236,236,236
104 109 rgb255=236,236,236
105 109 rgb255=234,237,236
106 109 rgb255=232,235,234
107 109 rgb255=232,235,234
108 109 rgb255=229,232,231
109 109 rgb255=228,231,229
110 109 rgb255=229,233,231
111 109 rgb255=230,233,230
112 109 rgb255=230,231,226
113 109 rgb255=228,229,224
114 109 rgb255=255,255,255
115 109 rgb255=255,255,255
116 109 rgb255=255,255,255
117 109 rgb255=255,255,255
118 109 rgb255=255,255,255
119 109 rgb255=255,255,255
120 109 rgb255=255,255,255
121 109 rgb255=255,255,255
122 109 rgb255=255,255,255
123 109 rgb255=153,160,119
124 109 rgb255=172,183,136
125 109 rgb255=200,213,175
126 109 rgb255=198,211,170
127 109 rgb255=160,174,120
128 109 rgb255=130,144,77
129 109 rgb255=127,138,74
130 109 rgb255=135,143,81
131 109 rgb255=142,149,85
132 109 rgb255=168,170,135
133 109 rgb255=141,138,138
134 109 rgb255=119,113,113
135 109 rgb255=146,131,121
136 109 rgb255=143,132,101
137 109 rgb255=157,152,108
138 109 rgb255=164,160,119
139 109 rgb255=167,160,121
140 109 rgb255=163,160,111
141 109 rgb255=157,162,95
142 109 rgb255=156,167,86
143 109 rgb255=161,176,83
144 109 rgb255=166,181,89
145 109 rgb255=167,181,96
146 109 rgb255=166,178,100
147 109 rgb255=170,182,110
148 109 rgb255=171,182,114
149 109 rgb255=167,179,108
150 109 rgb255=159,173,89
151 109 rgb255=161,177,76
152 109 rgb255=167,185,77
153 109 rgb255=159,174,81
154 109 rgb255=167,177,114
155 109 rgb255=255,255,255
156 109 rgb255=255,255,255
157 109 rgb255=255,255,255
158 109 rgb255=255,255,255
159 109 rgb255=255,255,255
160 109 rgb255=255,255,255
161 109 rgb255=255,255,255
162 109 rgb255=255,255,255
163 109 rgb255=255,255,255
164 109 rgb255=255,255,254
165 109 rgb255=253,253,253
166 109 rgb255=253,253,253
167 109 rgb255=253,253,253
168 109 rgb255=252,253,253
169 109 rgb255=252,252,251
170 109 rgb255=247,247,246
171 109 rgb255=169,175,181
172 109 rgb255=127,135,143
173 109 rgb255=133,141,149
174 109 rgb255=159,165,171
175 109 rgb255=231,232,234
176 109 rgb255=255,255,255
177 109 rgb255=253,253,253
178 109 rgb255=253,253,253
179 109 rgb255=254,254,254
180 109 rgb255=253,253,253
181 109 rgb255=254,254,254
182 109 rgb255=253,253,253
183 109 rgb255=254,254,254
184 109 rgb255=254,254,254
185 109 rgb255=254,254,254
186 109 rgb255=252,252,253
187 109 rgb255=255,255,255
188 109 rgb255=213,219,224
189 109 rgb255=114,130,146
190 109 rgb255=196,202,206
191 109 rgb255=255,255,253
192 109 rgb255=252,253,252
193 109 rgb255=254,254,254
194 109 rgb255=254,254,254
195 109 rgb255=254,254,254
0 108 rgb255=33,6,9
1 108 rgb255=39,7,7
2 108 rgb255=87,34,8
3 108 rgb255=154,98,32
4 108 rgb255=195,150,81
5 108 rgb255=209,176,135
6 108 rgb255=207,190,172
7 108 rgb255=203,196,187
8 108 rgb255=199,192,190
9 108 rgb255=193,189,184
10 108 rgb255=192,183,176
11 108 rgb255=185,164,158
12 108 rgb255=167,132,123
13 108 rgb255=152,112,100
14 108 rgb255=145,106,94
15 108 rgb255=147,107,95
16 108 rgb255=169,137,126
17 108 rgb255=186,158,149
18 108 rgb255=186,157,143
19 108 rgb255=171,154,130
20 108 rgb255=185,147,123
21 108 rgb255=193,148,118
22 108 rgb255=193,152,127
23 108 rgb255=186,149,129
24 108 rgb255=156,123,97
25 108 rgb255=189,167,158
26 108 rgb255=178,169,153
27 108 rgb255=168,121,93
28 108 rgb255=112,33,27
29 108 rgb255=64,17,17
30 108 rgb255=179,131,106
31 108 rgb255=209,155,120
32 108 rgb255=255,255,255
33 108 rgb255=255,255,255
34 108 rgb255=255,255,255
35 108 rgb255=255,255,255
36 108 rgb255=255,255,255
37 108 rgb255=255,255,255
38 108 rgb255=255,255,255
39 108 rgb255=255,255,255
40 108 rgb255=255,255,255
41 108 rgb255=53,54,49
42 108 rgb255=53,54,48
43 108 rgb255=49,50,44
44 108 rgb255=45,46,40
45 108 rgb255=41,42,39
46 108 rgb255=36,35,38
47 108 rgb255=21,21,23
48 108 rgb255=18,17,19
49 108 rgb255=19,19,21
50 108 rgb255=27,27,29
51 108 rgb255=24,25,27
52 108 rgb255=25,25,27
53 108 rgb255=26,24,27
54 108 rgb255=44,39,42
55 108 rgb255=83,75,79
56 108 rgb255=51,41,39
57 108 rgb255=37,27,18
58 108 rgb255=53,45,37
59 108 rgb255=60,54,48
60 108 rgb255=56,51,47
61 108 rgb255=45,42,40
62 108 rgb255=31,31,31
63 108 rgb255=28,28,28
64 108 rgb255=43,43,40
65 108 rgb255=49,50,44
66 108 rgb255=50,51,44
67 108 rgb255=50,51,45
68 108 rgb255=47,48,43
69 108 rgb255=41,42,37
70 108 rgb255=16,17,13
71 108 rgb255=15,16,11
72 108 rgb255=20,21,16
73 108 rgb255=255,255,255
74 108 rgb255=255,255,255
75 108 rgb255=255,255,255
76 108 rgb255=255,255,255
77 108 rgb255=255,255,255
78 108 rgb255=255,255,255
79 108 rgb255=255,255,255
80 108 rgb255=255,255,255
81 108 rgb255=255,255,255
82 108 rgb255=236,236,236
83 108 rgb255=233,233,233
84 108 rgb255=189,188,188
85 108 rgb255=229,228,228
86 108 rgb255=237,236,237
87 108 rgb255=236,237,236
88 108 rgb255=234,240,234
89 108 rgb255=235,242,235
90 108 rgb255=235,242,235
91 108 rgb255=195,189,183
92 108 rgb255=234,232,225
93 108 rgb255=240,242,240
94 108 rgb255=242,239,241
95 108 rgb255=240,240,240
96 108 rgb255=240,240,240
97 108 rgb255=242,242,242
98 108 rgb255=241,241,241
99 108 rgb255=240,240,240
100 108 rgb255=240,240,240
101 108 rgb255=239,239,239
102 108 rgb255=238,238,238
103 108 rgb255=237,236,237
104 108 rgb255=236,237,236
105 108 rgb255=234,238,237
106 108 rgb255=231,235,234
107 108 rgb255=231,235,234
108 108 rgb255=228,232,231
109 108 rgb255=227,231,230
110 108 rgb255=229,233,232
111 108 rgb255=230,233,231
112 108 rgb255=230,231,226
113 108 rgb255=228,229,224
114 108 rgb255=255,255,255
115 108 rgb255=255,255,255
116 108 rgb255=255,255,255
117 108 rgb255=255,255,255
118 108 rgb255=255,255,255
119 108 rgb255=255,255,255
120 108 rgb255=255,255,255
121 108 rgb255=255,255,255
122 108 rgb255=255,255,255
123 108 rgb255=156,164,118
124 108 rgb255=182,194,144
125 108 rgb255=198,212,174
126 108 rgb255=176,191,145
127 108 rgb255=128,143,85
128 108 rgb255=119,131,65
129 108 rgb255=125,134,71
130 108 rgb255=136,142,78
131 108 rgb255=152,157,93
132 108 rgb255=170,171,142
133 108 rgb255=132,128,125
134 108 rgb255=109,103,86
135 108 rgb255=134,117,90
136 108 rgb255=156,138,103
137 108 rgb255=145,128,94
138 108 rgb255=139,123,98
139 108 rgb255=168,153,130
140 108 rgb255=174,162,127
141 108 rgb255=165,160,109
142 108 rgb255=158,161,97
143 108 rgb255=165,175,95
144 108 rgb255=168,181,91
145 108 rgb255=171,185,98
146 108 rgb255=168,181,106
147 108 rgb255=175,186,124
148 108 rgb255=178,187,132
149 108 rgb255=171,181,120
150 108 rgb255=156,169,89
151 108 rgb255=154,171,67
152 108 rgb255=158,177,65
153 108 rgb255=154,168,85
154 108 rgb255=187,195,147
155 108 rgb255=255,255,255
156 108 rgb255=255,255,255
157 108 rgb255=255,255,255
158 108 rgb255=255,255,255
159 108 rgb255=255,255,255
160 108 rgb255=255,255,255
161 108 rgb255=255,255,255
162 108 rgb255=255,255,255
163 108 rgb255=255,255,255
164 108 rgb255=255,255,255
165 108 rgb255=254,254,254
166 108 rgb255=254,254,254
167 108 rgb255=254,254,253
168 108 rgb255=252,253,253
169 108 rgb255=254,254,253
170 108 rgb255=230,234,235
171 108 rgb255=125,138,148
172 108 rgb255=98,111,122
173 108 rgb255=103,114,126
174 108 rgb255=117,129,141
175 108 rgb255=216,221,224
176 108 rgb255=247,249,250
177 108 rgb255=249,250,250
178 108 rgb255=252,252,252
179 108 rgb255=250,250,250
180 108 rgb255=242,242,242
181 108 rgb255=252,252,253
182 108 rgb255=254,254,254
183 108 rgb255=254,254,254
184 108 rgb255=254,254,254
185 108 rgb255=254,254,254
186 108 rgb255=254,254,255
187 108 rgb255=254,254,254
188 108 rgb255=184,192,201
189 108 rgb255=101,119,136
190 108 rgb255=151,162,170
191 108 rgb255=246,247,247
192 108 rgb255=254,253,252
193 108 rgb255=254,254,254
194 108 rgb255=254,254,254
195 108 rgb255=254,254,254
0 107 rgb255=120,64,52
1 107 rgb255=127,52,22
2 107 rgb255=184,132,68
3 107 rgb255=209,179,120
4 107 rgb255=209,189,162
5 107 rgb255=204,195,191
6 107 rgb255=201,198,202
7 107 rgb255=194,191,190
8 107 rgb255=186,182,178
9 107 rgb255=190,183,172
10 107 rgb255=170,146,130
11 107 rgb255=143,99,82
12 107 rgb255=155,104,96
13 107 rgb255=184,142,138
14 107 rgb255=198,170,165
15 107 rgb255=200,186,179
16 107 rgb255=166,165,158
17 107 rgb255=102,102,98
18 107 rgb255=53,51,44
19 107 rgb255=39,26,19
20 107 rgb255=96,26,27
21 107 rgb255=163,33,30
22 107 rgb255=182,47,45
23 107 rgb255=165,86,78
24 107 rgb255=160,125,111
25 107 rgb255=164,132,127
26 107 rgb255=176,157,108
27 107 rgb255=183,123,61
28 107 rgb255=121,31,21
29 107 rgb255=95,50,44
30 107 rgb255=192,148,113
31 107 rgb255=200,151,112
32 107 rgb255=255,255,255
33 107 rgb255=255,255,255
34 107 rgb255=255,255,255
35 107 rgb255=255,255,255
36 107 rgb255=255,255,255
37 107 rgb255=255,255,255
38 107 rgb255=255,255,255
39 107 rgb255=255,255,255
40 107 rgb255=255,255,255
41 107 rgb255=32,33,30
42 107 rgb255=30,31,28
43 107 rgb255=28,28,25
44 107 rgb255=27,28,25
45 107 rgb255=28,28,31
46 107 rgb255=28,28,35
47 107 rgb255=16,16,19
48 107 rgb255=10,10,12
49 107 rgb255=41,41,46
50 107 rgb255=88,88,95
51 107 rgb255=91,93,98
52 107 rgb255=101,103,107
53 107 rgb255=104,104,108
54 107 rgb255=111,111,115
55 107 rgb255=124,123,127
56 107 rgb255=91,86,83
57 107 rgb255=81,72,63
58 107 rgb255=86,78,69
59 107 rgb255=86,79,70
60 107 rgb255=83,77,69
61 107 rgb255=78,73,67
62 107 rgb255=73,72,69
63 107 rgb255=79,80,77
64 107 rgb255=68,69,65
65 107 rgb255=56,57,51
66 107 rgb255=54,55,50
67 107 rgb255=50,51,46
68 107 rgb255=48,49,44
69 107 rgb255=40,41,36
70 107 rgb255=10,11,6
71 107 rgb255=4,5,0
72 107 rgb255=4,5,1
73 107 rgb255=255,255,255
74 107 rgb255=255,255,255
75 107 rgb255=255,255,255
76 107 rgb255=255,255,255
77 107 rgb255=255,255,255
78 107 rgb255=255,255,255
79 107 rgb255=255,255,255
80 107 rgb255=255,255,255
81 107 rgb255=255,255,255
82 107 rgb255=237,237,237
83 107 rgb255=237,237,237
84 107 rgb255=196,194,192
85 107 rgb255=198,194,191
86 107 rgb255=248,244,241
87 107 rgb255=240,238,235
88 107 rgb255=233,241,234
89 107 rgb255=233,242,235
90 107 rgb255=237,245,238
91 107 rgb255=194,188,182
92 107 rgb255=221,218,212
93 107 rgb255=240,243,240
94 107 rgb255=242,239,242
95 107 rgb255=241,241,241
96 107 rgb255=241,241,241
97 107 rgb255=242,242,242
98 107 rgb255=241,241,241
99 107 rgb255=239,239,239
100 107 rgb255=239,239,239
101 107 rgb255=239,239,239
102 107 rgb255=239,239,239
103 107 rgb255=237,237,237
104 107 rgb255=235,236,236
105 107 rgb255=233,236,235
106 107 rgb255=231,235,234
107 107 rgb255=231,235,234
108 107 rgb255=230,234,233
109 107 rgb255=228,232,231
110 107 rgb255=228,232,231
111 107 rgb255=229,232,229
112 107 rgb255=229,230,225
113 107 rgb255=227,228,223
114 107 rgb255=255,255,255
115 107 rgb255=255,255,255
116 107 rgb255=255,255,255
117 107 rgb255=255,255,255
118 107 rgb255=255,255,255
119 107 rgb255=255,255,255
120 107 rgb255=255,255,255
121 107 rgb255=255,255,255
122 107 rgb255=255,255,255
123 107 rgb255=152,160,113
124 107 rgb255=173,186,130
125 107 rgb255=179,193,150
126 107 rgb255=146,162,113
127 107 rgb255=114,128,73
128 107 rgb255=128,137,78
129 107 rgb255=141,144,84
130 107 rgb255=148,148,85
131 107 rgb255=160,161,101
132 107 rgb255=129,130,102
133 107 rgb255=80,76,72
134 107 rgb255=97,90,71
135 107 rgb255=121,106,83
136 107 rgb255=156,135,108
137 107 rgb255=141,117,92
138 107 rgb255=116,96,75
139 107 rgb255=143,130,112
140 107 rgb255=172,158,132
141 107 rgb255=172,156,122
142 107 rgb255=159,147,110
143 107 rgb255=158,155,105
144 107 rgb255=171,177,102
145 107 rgb255=172,184,96
146 107 rgb255=166,180,104
147 107 rgb255=167,179,121
148 107 rgb255=168,177,124
149 107 rgb255=166,176,115
150 107 rgb255=156,169,89
151 107 rgb255=152,169,67
152 107 rgb255=149,167,67
153 107 rgb255=163,174,112
154 107 rgb255=209,214,189
155 107 rgb255=255,255,255
156 107 rgb255=255,255,255
157 107 rgb255=255,255,255
158 107 rgb255=255,255,255
159 107 rgb255=255,255,255
160 107 rgb255=255,255,255
161 107 rgb255=255,255,255
162 107 rgb255=255,255,255
163 107 rgb255=255,255,255
164 107 rgb255=252,252,252
165 107 rgb255=250,250,250
166 107 rgb255=252,252,253
167 107 rgb255=254,254,254
168 107 rgb255=253,253,253
169 107 rgb255=255,255,255
170 107 rgb255=196,204,209
171 107 rgb255=105,121,134
172 107 rgb255=114,124,133
173 107 rgb255=117,126,138
174 107 rgb255=115,129,142
175 107 rgb255=188,197,202
176 107 rgb255=199,205,209
177 107 rgb255=233,235,237
178 107 rgb255=251,250,250
179 107 rgb255=232,234,236
180 107 rgb255=197,204,209
181 107 rgb255=246,246,247
182 107 rgb255=254,253,253
183 107 rgb255=253,253,253
184 107 rgb255=254,254,254
185 107 rgb255=252,252,252
186 107 rgb255=236,238,239
187 107 rgb255=237,239,240
188 107 rgb255=157,169,180
189 107 rgb255=97,115,133
190 107 rgb255=117,131,146
191 107 rgb255=223,227,229
192 107 rgb255=255,255,254
193 107 rgb255=253,253,254
194 107 rgb255=254,254,254
195 107 rgb255=254,254,254
0 106 rgb255=178,85,55
1 106 rgb255=201,129,82
2 106 rgb255=216,183,152
3 106 rgb255=198,194,182
4 106 rgb255=201,199,199
5 106 rgb255=197,200,199
6 106 rgb255=191,193,186
7 106 rgb255=185,182,171
8 106 rgb255=186,179,164
9 106 rgb255=159,141,124
10 106 rgb255=161,130,109
11 106 rgb255=197,158,139
12 106 rgb255=207,185,175
13 106 rgb255=215,200,195
14 106 rgb255=216,196,193
15 106 rgb255=144,132,133
16 106 rgb255=43,37,42
17 106 rgb255=8,0,2
18 106 rgb255=25,14,13
19 106 rgb255=50,31,30
20 106 rgb255=101,45,42
21 106 rgb255=168,47,45
22 106 rgb255=163,21,21
23 106 rgb255=108,20,17
24 106 rgb255=42,23,22
25 106 rgb255=93,77,71
26 106 rgb255=151,113,67
27 106 rgb255=150,83,35
28 106 rgb255=88,22,12
29 106 rgb255=129,84,68
30 106 rgb255=205,155,108
31 106 rgb255=205,150,103
32 106 rgb255=255,255,255
33 106 rgb255=255,255,255
34 106 rgb255=255,255,255
35 106 rgb255=255,255,255
36 106 rgb255=255,255,255
37 106 rgb255=255,255,255
38 106 rgb255=255,255,255
39 106 rgb255=255,255,255
40 106 rgb255=255,255,255
41 106 rgb255=23,23,23
42 106 rgb255=24,24,24
43 106 rgb255=25,24,25
44 106 rgb255=26,26,26
45 106 rgb255=30,29,33
46 106 rgb255=30,29,36
47 106 rgb255=17,17,17
48 106 rgb255=5,5,2
49 106 rgb255=47,47,49
50 106 rgb255=118,118,125
51 106 rgb255=139,142,146
52 106 rgb255=151,155,158
53 106 rgb255=156,160,163
54 106 rgb255=160,164,167
55 106 rgb255=144,148,151
56 106 rgb255=113,112,108
57 106 rgb255=109,102,92
58 106 rgb255=104,97,87
59 106 rgb255=101,94,84
60 106 rgb255=99,92,81
61 106 rgb255=94,89,80
62 106 rgb255=93,93,88
63 106 rgb255=104,106,101
64 106 rgb255=90,91,86
65 106 rgb255=81,82,77
66 106 rgb255=71,72,67
67 106 rgb255=59,60,55
68 106 rgb255=54,55,50
69 106 rgb255=46,47,42
70 106 rgb255=25,26,21
71 106 rgb255=13,14,9
72 106 rgb255=4,5,2
73 106 rgb255=255,255,255
74 106 rgb255=255,255,255
75 106 rgb255=255,255,255
76 106 rgb255=255,255,255
77 106 rgb255=255,255,255
78 106 rgb255=255,255,255
79 106 rgb255=255,255,255
80 106 rgb255=255,255,255
81 106 rgb255=255,255,255
82 106 rgb255=238,238,238
83 106 rgb255=238,238,238
84 106 rgb255=223,219,216
85 106 rgb255=149,142,136
86 106 rgb255=194,187,181
87 106 rgb255=239,233,227
88 106 rgb255=240,238,234
89 106 rgb255=240,239,236
90 106 rgb255=247,245,242
91 106 rgb255=202,192,188
92 106 rgb255=198,196,189
93 106 rgb255=247,250,248
94 106 rgb255=244,241,244
95 106 rgb255=242,241,241
96 106 rgb255=242,242,242
97 106 rgb255=242,242,242
98 106 rgb255=241,241,241
99 106 rgb255=238,238,238
100 106 rgb255=238,238,238
101 106 rgb255=238,238,238
102 106 rgb255=238,238,238
103 106 rgb255=237,237,237
104 106 rgb255=235,236,236
105 106 rgb255=231,235,234
106 106 rgb255=231,235,234
107 106 rgb255=231,235,234
108 106 rgb255=230,235,234
109 106 rgb255=228,232,231
110 106 rgb255=227,231,230
111 106 rgb255=229,232,230
112 106 rgb255=230,231,226
113 106 rgb255=228,229,224
114 106 rgb255=255,255,255
115 106 rgb255=255,255,255
116 106 rgb255=255,255,255
117 106 rgb255=255,255,255
118 106 rgb255=255,255,255
119 106 rgb255=255,255,255
120 106 rgb255=255,255,255
121 106 rgb255=255,255,255
122 106 rgb255=255,255,255
123 106 rgb255=141,149,102
124 106 rgb255=159,171,115
125 106 rgb255=157,171,127
126 106 rgb255=127,139,92
127 106 rgb255=130,138,87
128 106 rgb255=147,151,97
129 106 rgb255=153,152,95
130 106 rgb255=150,148,87
131 106 rgb255=157,157,100
132 106 rgb255=104,105,78
133 106 rgb255=46,41,38
134 106 rgb255=91,82,66
135 106 rgb255=109,96,75
136 106 rgb255=147,126,102
137 106 rgb255=139,116,90
138 106 rgb255=105,86,62
139 106 rgb255=89,77,57
140 106 rgb255=145,130,105
141 106 rgb255=177,157,126
142 106 rgb255=160,143,112
143 106 rgb255=146,137,101
144 106 rgb255=159,159,100
145 106 rgb255=166,175,93
146 106 rgb255=160,172,94
147 106 rgb255=155,167,100
148 106 rgb255=153,164,101
149 106 rgb255=154,165,98
150 106 rgb255=152,165,85
151 106 rgb255=145,160,66
152 106 rgb255=137,151,68
153 106 rgb255=172,181,134
154 106 rgb255=222,224,209
155 106 rgb255=255,255,255
156 106 rgb255=255,255,255
157 106 rgb255=255,255,255
158 106 rgb255=255,255,255
159 106 rgb255=255,255,255
160 106 rgb255=255,255,255
161 106 rgb255=255,255,255
162 106 rgb255=255,255,255
163 106 rgb255=255,255,255
164 106 rgb255=255,255,255
165 106 rgb255=255,255,252
166 106 rgb255=253,255,253
167 106 rgb255=252,252,252
168 106 rgb255=253,251,252
169 106 rgb255=248,249,249
170 106 rgb255=157,166,172
171 106 rgb255=96,111,121
172 106 rgb255=127,134,137
173 106 rgb255=121,130,134
174 106 rgb255=108,123,133
175 106 rgb255=155,165,172
176 106 rgb255=185,188,192
177 106 rgb255=230,230,232
178 106 rgb255=251,249,249
179 106 rgb255=228,228,230
180 106 rgb255=171,179,184
181 106 rgb255=238,239,241
182 106 rgb255=245,245,245
183 106 rgb255=242,243,243
184 106 rgb255=252,253,253
185 106 rgb255=247,247,247
186 106 rgb255=180,184,186
187 106 rgb255=195,199,202
188 106 rgb255=144,158,170
189 106 rgb255=96,114,130
190 106 rgb255=99,114,130
191 106 rgb255=186,192,197
192 106 rgb255=255,255,255
193 106 rgb255=253,253,253
194 106 rgb255=254,254,254
195 106 rgb255=254,254,254
0 105 rgb255=178,77,37
1 105 rgb255=202,181,125
2 105 rgb255=213,194,182
3 105 rgb255=206,203,201
4 105 rgb255=201,204,206
5 105 rgb255=189,188,195
6 105 rgb255=184,182,183
7 105 rgb255=186,183,171
8 105 rgb255=158,148,127
9 105 rgb255=104,81,65
10 105 rgb255=198,172,157
11 105 rgb255=211,201,192
12 105 rgb255=198,195,190
13 105 rgb255=221,207,201
14 105 rgb255=209,185,177
15 105 rgb255=65,52,48
16 105 rgb255=11,4,3
17 105 rgb255=80,59,48
18 105 rgb255=142,110,94
19 105 rgb255=185,150,144
20 105 rgb255=174,141,120
21 105 rgb255=186,148,131
22 105 rgb255=184,126,110
23 105 rgb255=161,106,86
24 105 rgb255=66,51,40
25 105 rgb255=17,14,9
26 105 rgb255=72,40,33
27 105 rgb255=73,20,21
28 105 rgb255=72,24,28
29 105 rgb255=164,118,95
30 105 rgb255=205,153,109
31 105 rgb255=205,151,106
32 105 rgb255=255,255,255
33 105 rgb255=255,255,255
34 105 rgb255=255,255,255
35 105 rgb255=255,255,255
36 105 rgb255=255,255,255
37 105 rgb255=255,255,255
38 105 rgb255=255,255,255
39 105 rgb255=255,255,255
40 105 rgb255=255,255,255
41 105 rgb255=22,22,22
42 105 rgb255=24,24,24
43 105 rgb255=25,25,25
44 105 rgb255=26,26,26
45 105 rgb255=29,27,30
46 105 rgb255=33,28,31
47 105 rgb255=38,33,30
48 105 rgb255=51,47,41
49 105 rgb255=84,80,78
50 105 rgb255=121,116,121
51 105 rgb255=135,135,138
52 105 rgb255=147,149,150
53 105 rgb255=156,158,160
54 105 rgb255=154,155,157
55 105 rgb255=139,140,142
56 105 rgb255=125,123,120
57 105 rgb255=122,118,109
58 105 rgb255=118,114,104
59 105 rgb255=116,111,102
60 105 rgb255=114,109,100
61 105 rgb255=109,106,98
62 105 rgb255=108,108,103
63 105 rgb255=113,114,109
64 105 rgb255=102,103,98
65 105 rgb255=95,96,91
66 105 rgb255=89,90,85
67 105 rgb255=86,87,82
68 105 rgb255=70,71,66
69 105 rgb255=54,55,50
70 105 rgb255=50,51,46
71 105 rgb255=42,43,38
72 105 rgb255=32,33,28
73 105 rgb255=255,255,255
74 105 rgb255=255,255,255
75 105 rgb255=255,255,255
76 105 rgb255=255,255,255
77 105 rgb255=255,255,255
78 105 rgb255=255,255,255
79 105 rgb255=255,255,255
80 105 rgb255=255,255,255
81 105 rgb255=255,255,255
82 105 rgb255=238,238,238
83 105 rgb255=236,236,236
84 105 rgb255=240,237,233
85 105 rgb255=194,188,179
86 105 rgb255=124,117,109
87 105 rgb255=132,125,118
88 105 rgb255=145,130,127
89 105 rgb255=164,146,144
90 105 rgb255=184,169,167
91 105 rgb255=187,172,167
92 105 rgb255=138,134,126
93 105 rgb255=194,190,187
94 105 rgb255=242,239,239
95 105 rgb255=245,246,245
96 105 rgb255=242,242,241
97 105 rgb255=242,242,241
98 105 rgb255=242,241,242
99 105 rgb255=239,239,240
100 105 rgb255=237,238,238
101 105 rgb255=237,238,236
102 105 rgb255=238,238,236
103 105 rgb255=236,236,236
104 105 rgb255=236,236,236
105 105 rgb255=233,235,234
106 105 rgb255=232,236,234
107 105 rgb255=232,235,233
108 105 rgb255=232,234,232
109 105 rgb255=231,233,230
110 105 rgb255=229,231,229
111 105 rgb255=224,225,222
112 105 rgb255=219,220,215
113 105 rgb255=220,221,216
114 105 rgb255=255,255,255
115 105 rgb255=255,255,255
116 105 rgb255=255,255,255
117 105 rgb255=255,255,255
118 105 rgb255=255,255,255
119 105 rgb255=255,255,255
120 105 rgb255=255,255,255
121 105 rgb255=255,255,255
122 105 rgb255=255,255,255
123 105 rgb255=125,134,86
124 105 rgb255=142,153,97
125 105 rgb255=147,159,115
126 105 rgb255=128,134,92
127 105 rgb255=142,143,98
128 105 rgb255=155,153,104
129 105 rgb255=160,155,102
130 105 rgb255=151,146,90
131 105 rgb255=152,152,99
132 105 rgb255=94,95,69
133 105 rgb255=32,27,26
134 105 rgb255=81,72,60
135 105 rgb255=107,95,75
136 105 rgb255=149,131,106
137 105 rgb255=146,125,96
138 105 rgb255=131,114,88
139 105 rgb255=111,98,78
140 105 rgb255=131,114,88
141 105 rgb255=180,159,127
142 105 rgb255=166,149,116
143 105 rgb255=138,126,97
144 105 rgb255=137,132,88
145 105 rgb255=157,161,92
146 105 rgb255=152,162,83
147 105 rgb255=149,161,84
148 105 rgb255=149,161,87
149 105 rgb255=143,155,80
150 105 rgb255=140,153,73
151 105 rgb255=129,142,59
152 105 rgb255=121,129,64
153 105 rgb255=164,167,134
154 105 rgb255=223,224,214
155 105 rgb255=255,255,255
156 105 rgb255=255,255,255
157 105 rgb255=255,255,255
158 105 rgb255=255,255,255
159 105 rgb255=255,255,255
160 105 rgb255=255,255,255
161 105 rgb255=255,255,255
162 105 rgb255=255,255,255
163 105 rgb255=255,255,255
164 105 rgb255=217,221,223
165 105 rgb255=235,236,238
166 105 rgb255=241,242,243
167 105 rgb255=250,252,250
168 105 rgb255=255,255,254
169 105 rgb255=204,208,211
170 105 rgb255=116,128,135
171 105 rgb255=105,116,125
172 105 rgb255=132,139,143
173 105 rgb255=126,132,135
174 105 rgb255=115,123,130
175 105 rgb255=126,138,144
176 105 rgb255=178,185,188
177 105 rgb255=204,206,208
178 105 rgb255=191,193,195
179 105 rgb255=209,211,212
180 105 rgb255=178,181,185
181 105 rgb255=234,236,238
182 105 rgb255=232,233,234
183 105 rgb255=230,231,232
184 105 rgb255=255,255,255
185 105 rgb255=217,220,223
186 105 rgb255=160,165,167
187 105 rgb255=179,183,187
188 105 rgb255=123,140,156
189 105 rgb255=99,116,132
190 105 rgb255=95,113,129
191 105 rgb255=150,162,173
192 105 rgb255=249,250,250
193 105 rgb255=255,255,255
194 105 rgb255=254,254,254
195 105 rgb255=253,253,253
0 104 rgb255=185,114,58
1 104 rgb255=188,188,135
2 104 rgb255=201,191,188
3 104 rgb255=225,215,221
4 104 rgb255=202,205,206
5 104 rgb255=186,185,192
6 104 rgb255=184,182,184
7 104 rgb255=191,187,177
8 104 rgb255=113,100,87
9 104 rgb255=107,88,73
10 104 rgb255=206,189,174
11 104 rgb255=201,197,190
12 104 rgb255=201,200,195
13 104 rgb255=200,187,183
14 104 rgb255=103,83,78
15 104 rgb255=34,19,15
16 104 rgb255=96,79,70
17 104 rgb255=187,157,128
18 104 rgb255=196,165,129
19 104 rgb255=170,141,123
20 104 rgb255=191,175,154
21 104 rgb255=192,180,171
22 104 rgb255=198,190,172
23 104 rgb255=200,189,151
24 104 rgb255=200,177,131
25 104 rgb255=116,85,66
26 104 rgb255=22,14,7
27 104 rgb255=46,15,20
28 104 rgb255=92,27,41
29 104 rgb255=157,116,91
30 104 rgb255=203,153,108
31 104 rgb255=205,151,106
32 104 rgb255=255,255,255
33 104 rgb255=255,255,255
34 104 rgb255=255,255,255
35 104 rgb255=255,255,255
36 104 rgb255=255,255,255
37 104 rgb255=255,255,255
38 104 rgb255=255,255,255
39 104 rgb255=255,255,255
40 104 rgb255=255,255,255
41 104 rgb255=21,21,21
42 104 rgb255=23,23,23
43 104 rgb255=24,24,24
44 104 rgb255=26,27,26
45 104 rgb255=28,24,26
46 104 rgb255=39,30,30
47 104 rgb255=96,88,83
48 104 rgb255=130,123,114
49 104 rgb255=137,128,125
50 104 rgb255=145,136,139
51 104 rgb255=143,141,142
52 104 rgb255=146,147,147
53 104 rgb255=155,155,156
54 104 rgb255=155,155,156
55 104 rgb255=147,147,147
56 104 rgb255=141,140,136
57 104 rgb255=137,134,127
58 104 rgb255=133,130,123
59 104 rgb255=130,127,120
60 104 rgb255=127,125,118
61 104 rgb255=123,121,114
62 104 rgb255=123,124,118
63 104 rgb255=126,127,122
64 104 rgb255=117,118,113
65 104 rgb255=111,112,107
66 104 rgb255=103,104,99
67 104 rgb255=111,112,107
68 104 rgb255=80,81,76
69 104 rgb255=49,50,45
70 104 rgb255=54,55,50
71 104 rgb255=52,53,48
72 104 rgb255=48,49,44
73 104 rgb255=255,255,255
74 104 rgb255=255,255,255
75 104 rgb255=255,255,255
76 104 rgb255=255,255,255
77 104 rgb255=255,255,255
78 104 rgb255=255,255,255
79 104 rgb255=255,255,255
80 104 rgb255=255,255,255
81 104 rgb255=255,255,255
82 104 rgb255=238,238,238
83 104 rgb255=236,236,236
84 104 rgb255=236,236,231
85 104 rgb255=239,240,229
86 104 rgb255=211,213,202
87 104 rgb255=145,143,132
88 104 rgb255=125,104,93
89 104 rgb255=153,119,112
90 104 rgb255=166,141,131
91 104 rgb255=145,126,118
92 104 rgb255=146,137,127
93 104 rgb255=112,88,83
94 104 rgb255=134,127,120
95 104 rgb255=201,204,199
96 104 rgb255=239,241,236
97 104 rgb255=241,242,238
98 104 rgb255=242,243,243
99 104 rgb255=239,240,241
100 104 rgb255=238,240,242
101 104 rgb255=237,238,233
102 104 rgb255=216,216,207
103 104 rgb255=233,234,232
104 104 rgb255=235,236,238
105 104 rgb255=236,237,233
106 104 rgb255=235,236,231
107 104 rgb255=235,236,231
108 104 rgb255=237,235,228
109 104 rgb255=225,222,213
110 104 rgb255=214,210,202
111 104 rgb255=216,214,207
112 104 rgb255=222,223,218
113 104 rgb255=227,228,223
114 104 rgb255=255,255,255
115 104 rgb255=255,255,255
116 104 rgb255=255,255,255
117 104 rgb255=255,255,255
118 104 rgb255=255,255,255
119 104 rgb255=255,255,255
120 104 rgb255=255,255,255
121 104 rgb255=255,255,255
122 104 rgb255=255,255,255
123 104 rgb255=113,124,76
124 104 rgb255=124,135,79
125 104 rgb255=141,150,108
126 104 rgb255=130,131,92
127 104 rgb255=143,139,99
128 104 rgb255=156,151,106
129 104 rgb255=162,156,107
130 104 rgb255=154,149,98
131 104 rgb255=149,148,100
132 104 rgb255=93,94,68
133 104 rgb255=28,23,24
134 104 rgb255=78,68,63
135 104 rgb255=92,81,67
136 104 rgb255=144,127,106
137 104 rgb255=163,143,117
138 104 rgb255=162,146,120
139 104 rgb255=151,138,116
140 104 rgb255=147,128,101
141 104 rgb255=172,149,116
142 104 rgb255=166,146,113
143 104 rgb255=142,126,100
144 104 rgb255=130,119,86
145 104 rgb255=157,155,101
146 104 rgb255=153,158,87
147 104 rgb255=148,158,81
148 104 rgb255=147,160,81
149 104 rgb255=133,146,66
150 104 rgb255=128,141,62
151 104 rgb255=127,138,65
152 104 rgb255=123,124,73
153 104 rgb255=164,163,139
154 104 rgb255=234,233,227
155 104 rgb255=255,255,255
156 104 rgb255=255,255,255
157 104 rgb255=255,255,255
158 104 rgb255=255,255,255
159 104 rgb255=255,255,255
160 104 rgb255=255,255,255
161 104 rgb255=255,255,255
162 104 rgb255=255,255,255
163 104 rgb255=255,255,255
164 104 rgb255=93,107,102
165 104 rgb255=114,131,127
166 104 rgb255=139,158,160
167 104 rgb255=186,196,202
168 104 rgb255=231,233,234
169 104 rgb255=171,179,180
170 104 rgb255=100,113,120
171 104 rgb255=108,116,120
172 104 rgb255=138,143,144
173 104 rgb255=124,129,131
174 104 rgb255=110,116,120
175 104 rgb255=110,121,127
176 104 rgb255=142,150,154
177 104 rgb255=150,155,159
178 104 rgb255=118,125,129
179 104 rgb255=151,156,158
180 104 rgb255=160,164,168
181 104 rgb255=209,212,215
182 104 rgb255=193,196,198
183 104 rgb255=198,201,202
184 104 rgb255=239,238,239
185 104 rgb255=171,175,180
186 104 rgb255=120,124,127
187 104 rgb255=145,151,153
188 104 rgb255=102,118,129
189 104 rgb255=98,112,123
190 104 rgb255=96,112,123
191 104 rgb255=122,135,146
192 104 rgb255=227,229,230
193 104 rgb255=255,255,255
194 104 rgb255=252,253,252
195 104 rgb255=252,252,252
0 103 rgb255=183,123,68
1 103 rgb255=190,169,132
2 103 rgb255=193,188,188
3 103 rgb255=212,207,211
4 103 rgb255=202,205,207
5 103 rgb255=188,188,195
6 103 rgb255=186,184,185
7 103 rgb255=193,185,175
8 103 rgb255=111,86,72
9 103 rgb255=141,118,98
10 103 rgb255=206,191,170
11 103 rgb255=202,195,184
12 103 rgb255=206,203,197
13 103 rgb255=157,149,147
14 103 rgb255=30,16,16
15 103 rgb255=56,39,33
16 103 rgb255=187,167,150
17 103 rgb255=192,167,133
18 103 rgb255=203,182,141
19 103 rgb255=208,194,182
20 103 rgb255=207,207,206
21 103 rgb255=195,199,209
22 103 rgb255=201,208,219
23 103 rgb255=193,195,188
24 103 rgb255=193,175,142
25 103 rgb255=202,169,135
26 103 rgb255=87,73,52
27 103 rgb255=22,6,6
28 103 rgb255=56,16,26
29 103 rgb255=149,108,85
30 103 rgb255=203,151,107
31 103 rgb255=204,150,105
32 103 rgb255=255,255,255
33 103 rgb255=255,255,255
34 103 rgb255=255,255,255
35 103 rgb255=255,255,255
36 103 rgb255=255,255,255
37 103 rgb255=255,255,255
38 103 rgb255=255,255,255
39 103 rgb255=255,255,255
40 103 rgb255=255,255,255
41 103 rgb255=23,23,23
42 103 rgb255=24,24,24
43 103 rgb255=24,24,24
44 103 rgb255=28,28,28
45 103 rgb255=30,26,28
46 103 rgb255=39,30,31
47 103 rgb255=114,106,100
48 103 rgb255=156,149,141
49 103 rgb255=156,148,145
50 103 rgb255=167,158,161
51 103 rgb255=163,161,162
52 103 rgb255=160,160,159
53 103 rgb255=160,160,159
54 103 rgb255=165,164,164
55 103 rgb255=163,163,162
56 103 rgb255=157,157,153
57 103 rgb255=149,149,143
58 103 rgb255=146,145,139
59 103 rgb255=143,142,137
60 103 rgb255=139,138,133
61 103 rgb255=136,135,130
62 103 rgb255=139,140,135
63 103 rgb255=141,142,137
64 103 rgb255=125,126,121
65 103 rgb255=97,98,93
66 103 rgb255=75,76,71
67 103 rgb255=129,130,125
68 103 rgb255=79,80,75
69 103 rgb255=26,27,22
70 103 rgb255=39,40,35
71 103 rgb255=44,45,40
72 103 rgb255=45,46,41
73 103 rgb255=255,255,255
74 103 rgb255=255,255,255
75 103 rgb255=255,255,255
76 103 rgb255=255,255,255
77 103 rgb255=255,255,255
78 103 rgb255=255,255,255
79 103 rgb255=255,255,255
80 103 rgb255=255,255,255
81 103 rgb255=255,255,255
82 103 rgb255=238,238,238
83 103 rgb255=236,236,236
84 103 rgb255=236,236,232
85 103 rgb255=237,239,231
86 103 rgb255=239,241,233
87 103 rgb255=234,236,227
88 103 rgb255=214,212,198
89 103 rgb255=192,174,165
90 103 rgb255=167,145,138
91 103 rgb255=133,113,107
92 103 rgb255=222,214,205
93 103 rgb255=176,152,148
94 103 rgb255=140,128,123
95 103 rgb255=138,129,128
96 103 rgb255=229,230,225
97 103 rgb255=238,247,240
98 103 rgb255=236,246,241
99 103 rgb255=241,244,242
100 103 rgb255=236,229,231
101 103 rgb255=196,186,185
102 103 rgb255=205,201,195
103 103 rgb255=234,237,232
104 103 rgb255=231,239,235
105 103 rgb255=236,238,233
106 103 rgb255=237,238,233
107 103 rgb255=228,229,224
108 103 rgb255=217,215,209
109 103 rgb255=213,211,204
110 103 rgb255=223,220,213
111 103 rgb255=233,231,225
112 103 rgb255=230,231,226
113 103 rgb255=229,230,225
114 103 rgb255=255,255,255
115 103 rgb255=255,255,255
116 103 rgb255=255,255,255
117 103 rgb255=255,255,255
118 103 rgb255=255,255,255
119 103 rgb255=255,255,255
120 103 rgb255=255,255,255
121 103 rgb255=255,255,255
122 103 rgb255=255,255,255
123 103 rgb255=116,129,80
124 103 rgb255=123,134,78
125 103 rgb255=135,142,100
126 103 rgb255=124,123,86
127 103 rgb255=140,134,99
128 103 rgb255=153,149,107
129 103 rgb255=158,154,107
130 103 rgb255=152,148,101
131 103 rgb255=148,146,102
132 103 rgb255=112,113,88
133 103 rgb255=39,33,36
134 103 rgb255=86,75,76
135 103 rgb255=81,70,64
136 103 rgb255=119,102,87
137 103 rgb255=166,148,126
138 103 rgb255=173,158,135
139 103 rgb255=160,146,124
140 103 rgb255=157,138,109
141 103 rgb255=174,150,115
142 103 rgb255=164,143,107
143 103 rgb255=147,130,99
144 103 rgb255=139,125,94
145 103 rgb255=149,141,101
146 103 rgb255=160,159,103
147 103 rgb255=146,152,84
148 103 rgb255=135,147,72
149 103 rgb255=123,136,57
150 103 rgb255=125,137,61
151 103 rgb255=139,148,80
152 103 rgb255=137,135,88
153 103 rgb255=180,176,155
154 103 rgb255=244,243,238
155 103 rgb255=255,255,255
156 103 rgb255=255,255,255
157 103 rgb255=255,255,255
158 103 rgb255=255,255,255
159 103 rgb255=255,255,255
160 103 rgb255=255,255,255
161 103 rgb255=255,255,255
162 103 rgb255=255,255,255
163 103 rgb255=255,255,255
164 103 rgb255=53,71,50
165 103 rgb255=55,76,58
166 103 rgb255=68,95,77
167 103 rgb255=90,111,114
168 103 rgb255=136,146,148
169 103 rgb255=129,135,131
170 103 rgb255=109,114,114
171 103 rgb255=114,119,119
172 103 rgb255=109,110,108
173 103 rgb255=107,110,103
174 103 rgb255=111,115,106
175 103 rgb255=114,119,110
176 103 rgb255=120,124,119
177 103 rgb255=127,129,126
178 103 rgb255=124,127,126
179 103 rgb255=128,131,130
180 103 rgb255=134,136,139
181 103 rgb255=165,168,172
182 103 rgb255=169,173,176
183 103 rgb255=167,172,173
184 103 rgb255=175,178,179
185 103 rgb255=153,157,160
186 103 rgb255=129,132,134
187 103 rgb255=108,115,118
188 103 rgb255=97,106,106
189 103 rgb255=107,112,113
190 103 rgb255=104,110,113
191 103 rgb255=114,121,125
192 103 rgb255=212,215,215
193 103 rgb255=255,255,255
194 103 rgb255=247,248,247
195 103 rgb255=222,225,225
0 102 rgb255=179,109,65
1 102 rgb255=191,145,120
2 102 rgb255=193,186,181
3 102 rgb255=194,195,190
4 102 rgb255=194,197,195
5 102 rgb255=192,190,195
6 102 rgb255=188,186,187
7 102 rgb255=197,186,175
8 102 rgb255=127,86,67
9 102 rgb255=168,137,105
10 102 rgb255=203,184,151
11 102 rgb255=203,189,170
12 102 rgb255=210,204,197
13 102 rgb255=99,95,95
14 102 rgb255=7,0,0
15 102 rgb255=100,81,69
16 102 rgb255=210,189,168
17 102 rgb255=207,195,163
18 102 rgb255=193,185,150
19 102 rgb255=228,225,233
20 102 rgb255=203,208,232
21 102 rgb255=162,164,196
22 102 rgb255=160,154,195
23 102 rgb255=167,158,190
24 102 rgb255=178,172,177
25 102 rgb255=170,155,121
26 102 rgb255=180,148,103
27 102 rgb255=46,34,23
28 102 rgb255=9,6,12
29 102 rgb255=137,93,78
30 102 rgb255=206,150,109
31 102 rgb255=204,150,106
32 102 rgb255=255,255,255
33 102 rgb255=255,255,255
34 102 rgb255=255,255,255
35 102 rgb255=255,255,255
36 102 rgb255=255,255,255
37 102 rgb255=255,255,255
38 102 rgb255=255,255,255
39 102 rgb255=255,255,255
40 102 rgb255=255,255,255
41 102 rgb255=27,27,27
42 102 rgb255=25,25,25
43 102 rgb255=27,27,27
44 102 rgb255=30,31,30
45 102 rgb255=34,32,34
46 102 rgb255=38,32,36
47 102 rgb255=119,115,112
48 102 rgb255=165,161,155
49 102 rgb255=138,134,133
50 102 rgb255=172,167,171
51 102 rgb255=181,178,178
52 102 rgb255=180,178,176
53 102 rgb255=177,176,174
54 102 rgb255=180,178,176
55 102 rgb255=177,175,173
56 102 rgb255=168,167,164
57 102 rgb255=162,162,158
58 102 rgb255=158,158,154
59 102 rgb255=157,157,153
60 102 rgb255=158,158,154
61 102 rgb255=158,158,154
62 102 rgb255=148,149,144
63 102 rgb255=118,119,114
64 102 rgb255=73,74,69
65 102 rgb255=32,33,28
66 102 rgb255=46,47,42
67 102 rgb255=135,136,131
68 102 rgb255=67,68,63
69 102 rgb255=9,10,5
70 102 rgb255=16,17,12
71 102 rgb255=20,21,16
72 102 rgb255=27,28,24
73 102 rgb255=255,255,255
74 102 rgb255=255,255,255
75 102 rgb255=255,255,255
76 102 rgb255=255,255,255
77 102 rgb255=255,255,255
78 102 rgb255=255,255,255
79 102 rgb255=255,255,255
80 102 rgb255=255,255,255
81 102 rgb255=255,255,255
82 102 rgb255=238,238,238
83 102 rgb255=237,237,237
84 102 rgb255=237,238,236
85 102 rgb255=239,239,236
86 102 rgb255=246,246,243
87 102 rgb255=247,250,245
88 102 rgb255=237,248,238
89 102 rgb255=214,214,207
90 102 rgb255=121,105,104
91 102 rgb255=121,104,103
92 102 rgb255=241,237,231
93 102 rgb255=193,174,172
94 102 rgb255=132,119,117
95 102 rgb255=162,145,146
96 102 rgb255=252,249,246
97 102 rgb255=242,252,244
98 102 rgb255=243,254,245
99 102 rgb255=220,221,216
100 102 rgb255=165,150,150
101 102 rgb255=182,167,168
102 102 rgb255=241,236,234
103 102 rgb255=237,241,235
104 102 rgb255=235,243,235
105 102 rgb255=233,235,230
106 102 rgb255=215,216,211
107 102 rgb255=206,207,202
108 102 rgb255=221,222,218
109 102 rgb255=232,234,230
110 102 rgb255=235,236,233
111 102 rgb255=233,234,230
112 102 rgb255=230,231,226
113 102 rgb255=229,230,225
114 102 rgb255=255,255,255
115 102 rgb255=255,255,255
116 102 rgb255=255,255,255
117 102 rgb255=255,255,255
118 102 rgb255=255,255,255
119 102 rgb255=255,255,255
120 102 rgb255=255,255,255
121 102 rgb255=255,255,255
122 102 rgb255=255,255,255
123 102 rgb255=123,136,87
124 102 rgb255=131,142,86
125 102 rgb255=130,136,94
126 102 rgb255=119,118,83
127 102 rgb255=137,133,98
128 102 rgb255=149,146,106
129 102 rgb255=150,150,104
130 102 rgb255=150,147,104
131 102 rgb255=153,151,111
132 102 rgb255=115,115,92
133 102 rgb255=35,29,33
134 102 rgb255=67,56,61
135 102 rgb255=97,86,87
136 102 rgb255=116,100,91
137 102 rgb255=167,149,132
138 102 rgb255=184,169,150
139 102 rgb255=169,154,132
140 102 rgb255=164,143,114
141 102 rgb255=178,154,119
142 102 rgb255=169,147,111
143 102 rgb255=154,135,98
144 102 rgb255=150,134,101
145 102 rgb255=131,119,88
146 102 rgb255=151,146,105
147 102 rgb255=146,150,94
148 102 rgb255=123,133,65
149 102 rgb255=119,131,55
150 102 rgb255=127,139,65
151 102 rgb255=140,148,83
152 102 rgb255=135,130,82
153 102 rgb255=177,172,149
154 102 rgb255=238,236,231
155 102 rgb255=255,255,255
156 102 rgb255=255,255,255
157 102 rgb255=255,255,255
158 102 rgb255=255,255,255
159 102 rgb255=255,255,255
160 102 rgb255=255,255,255
161 102 rgb255=255,255,255
162 102 rgb255=255,255,255
163 102 rgb255=255,255,255
164 102 rgb255=53,70,41
165 102 rgb255=47,63,44
166 102 rgb255=58,80,54
167 102 rgb255=67,92,71
168 102 rgb255=65,81,75
169 102 rgb255=117,113,100
170 102 rgb255=108,107,101
171 102 rgb255=114,115,115
172 102 rgb255=80,78,72
173 102 rgb255=75,80,63
174 102 rgb255=82,87,67
175 102 rgb255=90,95,72
176 102 rgb255=88,94,70
177 102 rgb255=91,96,80
178 102 rgb255=114,116,107
179 102 rgb255=127,127,124
180 102 rgb255=130,130,129
181 102 rgb255=144,144,142
182 102 rgb255=150,150,148
183 102 rgb255=147,147,143
184 102 rgb255=146,147,143
185 102 rgb255=145,147,144
186 102 rgb255=140,141,139
187 102 rgb255=109,113,111
188 102 rgb255=111,117,116
189 102 rgb255=125,129,128
190 102 rgb255=125,129,128
191 102 rgb255=131,135,138
192 102 rgb255=217,220,218
193 102 rgb255=248,249,249
194 102 rgb255=187,192,195
195 102 rgb255=135,146,147
0 101 rgb255=174,97,51
1 101 rgb255=177,166,123
2 101 rgb255=181,181,167
3 101 rgb255=190,187,177
4 101 rgb255=189,187,179
5 101 rgb255=192,184,183
6 101 rgb255=198,185,181
7 101 rgb255=202,175,162
8 101 rgb255=140,86,55
9 101 rgb255=187,152,97
10 101 rgb255=198,181,127
11 101 rgb255=202,185,157
12 101 rgb255=205,199,193
13 101 rgb255=72,74,71
14 101 rgb255=5,0,0
15 101 rgb255=127,105,86
16 101 rgb255=190,161,136
17 101 rgb255=183,165,130
18 101 rgb255=205,201,169
19 101 rgb255=206,207,225
20 101 rgb255=174,180,206
21 101 rgb255=172,166,204
22 101 rgb255=168,162,192
23 101 rgb255=179,181,193
24 101 rgb255=197,205,215
25 101 rgb255=175,165,150
26 101 rgb255=200,174,110
27 101 rgb255=102,91,51
28 101 rgb255=0,0,5
29 101 rgb255=82,49,41
30 101 rgb255=199,139,107
31 101 rgb255=201,145,106
32 101 rgb255=255,255,255
33 101 rgb255=255,255,255
34 101 rgb255=255,255,255
35 101 rgb255=255,255,255
36 101 rgb255=255,255,255
37 101 rgb255=255,255,255
38 101 rgb255=255,255,255
39 101 rgb255=255,255,255
40 101 rgb255=255,255,255
41 101 rgb255=40,39,40
42 101 rgb255=36,36,36
43 101 rgb255=36,36,36
44 101 rgb255=33,33,33
45 101 rgb255=31,31,35
46 101 rgb255=28,26,33
47 101 rgb255=112,112,112
48 101 rgb255=166,167,164
49 101 rgb255=74,74,77
50 101 rgb255=113,112,119
51 101 rgb255=169,167,167
52 101 rgb255=193,190,187
53 101 rgb255=194,191,188
54 101 rgb255=190,186,184
55 101 rgb255=186,182,180
56 101 rgb255=177,176,173
57 101 rgb255=174,175,172
58 101 rgb255=176,177,174
59 101 rgb255=179,179,177
60 101 rgb255=171,171,169
61 101 rgb255=137,137,134
62 101 rgb255=89,89,84
63 101 rgb255=44,44,40
64 101 rgb255=20,20,15
65 101 rgb255=8,9,4
66 101 rgb255=57,58,53
67 101 rgb255=134,135,130
68 101 rgb255=59,60,55
69 101 rgb255=18,19,14
70 101 rgb255=16,16,12
71 101 rgb255=11,12,7
72 101 rgb255=11,12,8
73 101 rgb255=255,255,255
74 101 rgb255=255,255,255
75 101 rgb255=255,255,255
76 101 rgb255=255,255,255
77 101 rgb255=255,255,255
78 101 rgb255=255,255,255
79 101 rgb255=255,255,255
80 101 rgb255=255,255,255
81 101 rgb255=255,255,255
82 101 rgb255=240,240,240
83 101 rgb255=239,239,239
84 101 rgb255=243,243,244
85 101 rgb255=238,238,239
86 101 rgb255=187,187,188
87 101 rgb255=121,120,121
88 101 rgb255=91,88,89
89 101 rgb255=79,82,81
90 101 rgb255=71,61,64
91 101 rgb255=98,83,85
92 101 rgb255=153,153,149
93 101 rgb255=142,126,127
94 101 rgb255=48,42,40
95 101 rgb255=74,63,63
96 101 rgb255=131,124,122
97 101 rgb255=206,204,200
98 101 rgb255=188,186,179
99 101 rgb255=159,153,146
100 101 rgb255=181,169,163
101 101 rgb255=227,224,222
102 101 rgb255=239,244,242
103 101 rgb255=242,241,235
104 101 rgb255=224,220,212
105 101 rgb255=200,200,195
106 101 rgb255=214,215,210
107 101 rgb255=234,235,230
108 101 rgb255=235,239,237
109 101 rgb255=230,235,234
110 101 rgb255=231,236,235
111 101 rgb255=231,235,233
112 101 rgb255=230,231,226
113 101 rgb255=229,230,225
114 101 rgb255=255,255,255
115 101 rgb255=255,255,255
116 101 rgb255=255,255,255
117 101 rgb255=255,255,255
118 101 rgb255=255,255,255
119 101 rgb255=255,255,255
120 101 rgb255=255,255,255
121 101 rgb255=255,255,255
122 101 rgb255=255,255,255
123 101 rgb255=126,139,90
124 101 rgb255=131,141,82
125 101 rgb255=127,133,85
126 101 rgb255=130,128,89
127 101 rgb255=143,138,98
128 101 rgb255=147,144,98
129 101 rgb255=142,140,96
130 101 rgb255=154,150,116
131 101 rgb255=160,155,132
132 101 rgb255=102,99,89
133 101 rgb255=61,55,60
134 101 rgb255=64,57,61
135 101 rgb255=84,77,75
136 101 rgb255=121,110,101
137 101 rgb255=168,152,137
138 101 rgb255=190,173,155
139 101 rgb255=175,159,138
140 101 rgb255=178,159,133
141 101 rgb255=178,155,123
142 101 rgb255=165,142,106
143 101 rgb255=156,136,96
144 101 rgb255=165,147,105
145 101 rgb255=143,129,97
146 101 rgb255=142,132,102
147 101 rgb255=154,152,109
148 101 rgb255=136,140,85
149 101 rgb255=129,136,70
150 101 rgb255=131,140,71
151 101 rgb255=140,146,82
152 101 rgb255=130,125,76
153 101 rgb255=160,155,125
154 101 rgb255=214,213,195
155 101 rgb255=255,255,255
156 101 rgb255=255,255,255
157 101 rgb255=255,255,255
158 101 rgb255=255,255,255
159 101 rgb255=255,255,255
160 101 rgb255=255,255,255
161 101 rgb255=255,255,255
162 101 rgb255=255,255,255
163 101 rgb255=255,255,255
164 101 rgb255=51,68,33
165 101 rgb255=50,68,37
166 101 rgb255=54,76,45
167 101 rgb255=57,80,50
168 101 rgb255=53,68,58
169 101 rgb255=115,109,93
170 101 rgb255=111,108,102
171 101 rgb255=121,121,119
172 101 rgb255=86,85,74
173 101 rgb255=55,63,49
174 101 rgb255=50,61,37
175 101 rgb255=56,66,42
176 101 rgb255=58,68,42
177 101 rgb255=57,66,45
178 101 rgb255=86,91,71
179 101 rgb255=110,108,101
180 101 rgb255=121,117,113
181 101 rgb255=126,121,112
182 101 rgb255=123,117,106
183 101 rgb255=135,126,112
184 101 rgb255=133,125,113
185 101 rgb255=123,117,106
186 101 rgb255=129,121,106
187 101 rgb255=133,127,113
188 101 rgb255=127,123,115
189 101 rgb255=132,127,114
190 101 rgb255=130,128,118
191 101 rgb255=142,138,129
192 101 rgb255=220,223,220
193 101 rgb255=244,246,247
194 101 rgb255=178,184,190
195 101 rgb255=96,108,109
0 100 rgb255=184,104,55
1 100 rgb255=183,161,116
2 100 rgb255=180,176,158
3 100 rgb255=185,180,172
4 100 rgb255=195,190,188
5 100 rgb255=208,205,198
6 100 rgb255=222,200,186
7 100 rgb255=188,140,115
8 100 rgb255=149,94,45
9 100 rgb255=196,162,82
10 100 rgb255=194,178,100
11 100 rgb255=191,181,134
12 100 rgb255=205,201,187
13 100 rgb255=95,95,93
14 100 rgb255=7,0,0
15 100 rgb255=118,97,80
16 100 rgb255=199,174,148
17 100 rgb255=207,190,159
18 100 rgb255=183,172,142
19 100 rgb255=207,205,205
20 100 rgb255=207,211,227
21 100 rgb255=198,197,220
22 100 rgb255=162,160,181
23 100 rgb255=154,156,172
24 100 rgb255=191,194,215
25 100 rgb255=192,191,186
26 100 rgb255=193,171,113
27 100 rgb255=148,123,69
28 100 rgb255=20,14,6
29 100 rgb255=24,11,7
30 100 rgb255=153,108,87
31 100 rgb255=202,150,116
32 100 rgb255=255,255,255
33 100 rgb255=255,255,255
34 100 rgb255=255,255,255
35 100 rgb255=255,255,255
36 100 rgb255=255,255,255
37 100 rgb255=255,255,255
38 100 rgb255=255,255,255
39 100 rgb255=255,255,255
40 100 rgb255=255,255,255
41 100 rgb255=55,50,52
42 100 rgb255=58,55,56
43 100 rgb255=50,49,50
44 100 rgb255=26,27,27
45 100 rgb255=16,18,20
46 100 rgb255=14,15,20
47 100 rgb255=100,101,103
48 100 rgb255=170,171,171
49 100 rgb255=46,47,50
50 100 rgb255=33,33,38
51 100 rgb255=84,83,83
52 100 rgb255=161,159,157
53 100 rgb255=199,197,196
54 100 rgb255=200,198,197
55 100 rgb255=195,193,192
56 100 rgb255=194,194,190
57 100 rgb255=195,196,191
58 100 rgb255=189,189,185
59 100 rgb255=158,158,155
60 100 rgb255=100,99,97
61 100 rgb255=53,49,47
62 100 rgb255=37,25,21
63 100 rgb255=41,29,25
64 100 rgb255=33,26,22
65 100 rgb255=10,8,3
66 100 rgb255=70,72,67
67 100 rgb255=130,131,127
68 100 rgb255=51,51,49
69 100 rgb255=27,27,25
70 100 rgb255=24,24,22
71 100 rgb255=20,20,18
72 100 rgb255=16,16,14
73 100 rgb255=255,255,255
74 100 rgb255=255,255,255
75 100 rgb255=255,255,255
76 100 rgb255=255,255,255
77 100 rgb255=255,255,255
78 100 rgb255=255,255,255
79 100 rgb255=255,255,255
80 100 rgb255=255,255,255
81 100 rgb255=255,255,255
82 100 rgb255=240,240,240
83 100 rgb255=226,226,226
84 100 rgb255=216,216,217
85 100 rgb255=113,113,114
86 100 rgb255=43,43,44
87 100 rgb255=23,20,23
88 100 rgb255=20,12,19
89 100 rgb255=41,41,45
90 100 rgb255=96,89,95
91 100 rgb255=86,74,79
92 100 rgb255=107,102,103
93 100 rgb255=102,86,88
94 100 rgb255=131,122,121
95 100 rgb255=98,85,85
96 100 rgb255=73,57,58
97 100 rgb255=122,106,107
98 100 rgb255=63,49,48
99 100 rgb255=99,92,88
100 100 rgb255=219,215,209
101 100 rgb255=244,247,244
102 100 rgb255=232,239,237
103 100 rgb255=208,206,201
104 100 rgb255=206,200,194
105 100 rgb255=225,226,221
106 100 rgb255=237,239,234
107 100 rgb255=238,240,235
108 100 rgb255=234,238,236
109 100 rgb255=230,235,235
110 100 rgb255=230,236,236
111 100 rgb255=231,235,234
112 100 rgb255=231,231,228
113 100 rgb255=230,230,227
114 100 rgb255=255,255,255
115 100 rgb255=255,255,255
116 100 rgb255=255,255,255
117 100 rgb255=255,255,255
118 100 rgb255=255,255,255
119 100 rgb255=255,255,255
120 100 rgb255=255,255,255
121 100 rgb255=255,255,255
122 100 rgb255=255,255,255
123 100 rgb255=129,139,91
124 100 rgb255=127,137,75
125 100 rgb255=128,135,81
126 100 rgb255=137,137,91
127 100 rgb255=143,140,92
128 100 rgb255=142,140,86
129 100 rgb255=140,137,89
130 100 rgb255=151,146,115
131 100 rgb255=133,125,115
132 100 rgb255=92,85,84
133 100 rgb255=75,70,72
134 100 rgb255=52,49,47
135 100 rgb255=48,45,37
136 100 rgb255=110,103,91
137 100 rgb255=173,160,144
138 100 rgb255=186,169,149
139 100 rgb255=186,169,149
140 100 rgb255=207,188,165
141 100 rgb255=185,165,135
142 100 rgb255=157,135,101
143 100 rgb255=157,135,97
144 100 rgb255=161,142,96
145 100 rgb255=164,149,115
146 100 rgb255=161,149,126
147 100 rgb255=149,142,112
148 100 rgb255=140,137,100
149 100 rgb255=139,140,89
150 100 rgb255=137,141,83
151 100 rgb255=145,147,89
152 100 rgb255=144,138,90
153 100 rgb255=150,145,106
154 100 rgb255=186,185,152
155 100 rgb255=255,255,255
156 100 rgb255=255,255,255
157 100 rgb255=255,255,255
158 100 rgb255=255,255,255
159 100 rgb255=255,255,255
160 100 rgb255=255,255,255
161 100 rgb255=255,255,255
162 100 rgb255=255,255,255
163 100 rgb255=255,255,255
164 100 rgb255=38,52,27
165 100 rgb255=45,61,30
166 100 rgb255=52,72,34
167 100 rgb255=58,78,42
168 100 rgb255=69,80,68
169 100 rgb255=105,104,97
170 100 rgb255=110,107,102
171 100 rgb255=124,125,125
172 100 rgb255=91,93,85
173 100 rgb255=45,54,39
174 100 rgb255=43,54,35
175 100 rgb255=42,50,33
176 100 rgb255=46,54,35
177 100 rgb255=40,49,31
178 100 rgb255=52,59,40
179 100 rgb255=90,92,81
180 100 rgb255=111,109,104
181 100 rgb255=119,116,109
182 100 rgb255=118,112,100
183 100 rgb255=134,124,111
184 100 rgb255=137,127,114
185 100 rgb255=119,110,101
186 100 rgb255=124,115,100
187 100 rgb255=128,122,111
188 100 rgb255=138,128,115
189 100 rgb255=134,123,106
190 100 rgb255=119,116,108
191 100 rgb255=151,144,124
192 100 rgb255=200,201,200
193 100 rgb255=168,175,172
194 100 rgb255=144,153,144
195 100 rgb255=74,85,77
0 99 rgb255=166,82,52
1 99 rgb255=191,122,95
2 99 rgb255=216,164,152
3 99 rgb255=212,178,168
4 99 rgb255=213,183,177
5 99 rgb255=200,159,149
6 99 rgb255=165,112,87
7 99 rgb255=182,126,86
8 99 rgb255=189,147,86
9 99 rgb255=186,155,57
10 99 rgb255=187,167,64
11 99 rgb255=186,173,103
12 99 rgb255=206,198,173
13 99 rgb255=129,124,124
14 99 rgb255=7,0,3
15 99 rgb255=100,81,70
16 99 rgb255=174,154,127
17 99 rgb255=199,185,161
18 99 rgb255=187,170,142
19 99 rgb255=197,189,164
20 99 rgb255=228,231,236
21 99 rgb255=203,208,223
22 99 rgb255=170,172,192
23 99 rgb255=170,168,194
24 99 rgb255=181,178,205
25 99 rgb255=157,153,161
26 99 rgb255=82,59,45
27 99 rgb255=81,55,39
28 99 rgb255=27,22,20
29 99 rgb255=7,0,8
30 99 rgb255=89,62,54
31 99 rgb255=185,139,111
32 99 rgb255=255,255,255
33 99 rgb255=255,255,255
34 99 rgb255=255,255,255
35 99 rgb255=255,255,255
36 99 rgb255=255,255,255
37 99 rgb255=255,255,255
38 99 rgb255=255,255,255
39 99 rgb255=255,255,255
40 99 rgb255=255,255,255
41 99 rgb255=50,41,44
42 99 rgb255=61,56,58
43 99 rgb255=39,38,38
44 99 rgb255=13,15,14
45 99 rgb255=12,14,14
46 99 rgb255=12,12,14
47 99 rgb255=94,95,95
48 99 rgb255=173,173,174
49 99 rgb255=52,52,53
50 99 rgb255=16,16,17
51 99 rgb255=18,18,18
52 99 rgb255=58,58,58
53 99 rgb255=141,141,141
54 99 rgb255=198,198,197
55 99 rgb255=210,210,210
56 99 rgb255=207,207,204
57 99 rgb255=177,176,172
58 99 rgb255=112,111,108
59 99 rgb255=51,50,48
60 99 rgb255=25,23,23
61 99 rgb255=19,12,11
62 99 rgb255=51,28,25
63 99 rgb255=79,58,54
64 99 rgb255=42,30,26
65 99 rgb255=11,8,3
66 99 rgb255=83,85,81
67 99 rgb255=123,124,123
68 99 rgb255=42,42,42
69 99 rgb255=27,27,27
70 99 rgb255=25,25,25
71 99 rgb255=22,22,22
72 99 rgb255=19,19,19
73 99 rgb255=255,255,255
74 99 rgb255=255,255,255
75 99 rgb255=255,255,255
76 99 rgb255=255,255,255
77 99 rgb255=255,255,255
78 99 rgb255=255,255,255
79 99 rgb255=255,255,255
80 99 rgb255=255,255,255
81 99 rgb255=255,255,255
82 99 rgb255=240,240,240
83 99 rgb255=175,175,175
84 99 rgb255=102,102,102
85 99 rgb255=19,19,19
86 99 rgb255=42,42,42
87 99 rgb255=43,44,44
88 99 rgb255=44,48,51
89 99 rgb255=86,86,90
90 99 rgb255=112,106,112
91 99 rgb255=108,99,107
92 99 rgb255=124,111,119
93 99 rgb255=112,94,97
94 99 rgb255=149,129,131
95 99 rgb255=194,172,175
96 99 rgb255=189,167,170
97 99 rgb255=167,145,148
98 99 rgb255=96,81,85
99 99 rgb255=17,17,17
100 99 rgb255=136,137,137
101 99 rgb255=216,212,212
102 99 rgb255=204,201,198
103 99 rgb255=206,208,203
104 99 rgb255=235,241,234
105 99 rgb255=238,243,237
106 99 rgb255=234,239,233
107 99 rgb255=235,240,234
108 99 rgb255=235,239,236
109 99 rgb255=232,236,235
110 99 rgb255=231,235,234
111 99 rgb255=232,235,234
112 99 rgb255=232,232,232
113 99 rgb255=230,230,230
114 99 rgb255=255,255,255
115 99 rgb255=255,255,255
116 99 rgb255=255,255,255
117 99 rgb255=255,255,255
118 99 rgb255=255,255,255
119 99 rgb255=255,255,255
120 99 rgb255=255,255,255
121 99 rgb255=255,255,255
122 99 rgb255=255,255,255
123 99 rgb255=130,139,92
124 99 rgb255=126,136,74
125 99 rgb255=132,137,84
126 99 rgb255=131,134,85
127 99 rgb255=132,134,82
128 99 rgb255=134,138,78
129 99 rgb255=139,143,82
130 99 rgb255=146,145,102
131 99 rgb255=116,108,92
132 99 rgb255=84,77,69
133 99 rgb255=62,56,52
134 99 rgb255=33,30,22
135 99 rgb255=52,48,38
136 99 rgb255=114,106,94
137 99 rgb255=173,161,145
138 99 rgb255=188,173,155
139 99 rgb255=204,188,169
140 99 rgb255=221,205,183
141 99 rgb255=201,183,156
142 99 rgb255=151,131,100
143 99 rgb255=152,130,99
144 99 rgb255=152,134,95
145 99 rgb255=192,177,149
146 99 rgb255=202,190,173
147 99 rgb255=161,153,134
148 99 rgb255=133,128,108
149 99 rgb255=125,122,87
150 99 rgb255=144,144,98
151 99 rgb255=146,143,95
152 99 rgb255=147,141,92
153 99 rgb255=145,141,96
154 99 rgb255=161,162,121
155 99 rgb255=255,255,255
156 99 rgb255=255,255,255
157 99 rgb255=255,255,255
158 99 rgb255=255,255,255
159 99 rgb255=255,255,255
160 99 rgb255=255,255,255
161 99 rgb255=255,255,255
162 99 rgb255=255,255,255
163 99 rgb255=255,255,255
164 99 rgb255=25,37,22
165 99 rgb255=35,47,28
166 99 rgb255=43,60,28
167 99 rgb255=46,64,28
168 99 rgb255=69,79,57
169 99 rgb255=83,85,81
170 99 rgb255=63,64,62
171 99 rgb255=79,81,81
172 99 rgb255=61,65,56
173 99 rgb255=39,48,32
174 99 rgb255=35,44,29
175 99 rgb255=37,45,30
176 99 rgb255=37,45,29
177 99 rgb255=36,44,29
178 99 rgb255=45,53,38
179 99 rgb255=78,82,73
180 99 rgb255=99,98,94
181 99 rgb255=128,126,119
182 99 rgb255=122,116,111
183 99 rgb255=121,115,110
184 99 rgb255=126,120,113
185 99 rgb255=120,114,110
186 99 rgb255=121,115,109
187 99 rgb255=121,120,116
188 99 rgb255=138,131,114
189 99 rgb255=139,132,117
190 99 rgb255=125,126,125
191 99 rgb255=153,144,127
192 99 rgb255=149,155,154
193 99 rgb255=73,88,83
194 99 rgb255=54,70,53
195 99 rgb255=44,59,46
0 98 rgb255=209,163,141
1 98 rgb255=181,110,93
2 98 rgb255=175,107,95
3 98 rgb255=170,109,92
4 98 rgb255=159,63,58
5 98 rgb255=157,21,22
6 98 rgb255=146,20,4
7 98 rgb255=169,88,47
8 98 rgb255=200,172,112
9 98 rgb255=189,164,68
10 98 rgb255=183,156,43
11 98 rgb255=190,165,81
12 98 rgb255=201,187,153
13 98 rgb255=163,155,156
14 98 rgb255=17,9,21
15 98 rgb255=54,38,33
16 98 rgb255=170,156,129
17 98 rgb255=190,178,158
18 98 rgb255=219,199,173
19 98 rgb255=199,186,145
20 98 rgb255=210,209,206
21 98 rgb255=212,216,231
22 98 rgb255=194,195,216
23 98 rgb255=202,198,223
24 98 rgb255=204,198,215
25 98 rgb255=127,113,111
26 98 rgb255=46,21,23
27 98 rgb255=18,7,14
28 98 rgb255=8,9,8
29 98 rgb255=10,0,3
30 98 rgb255=42,25,24
31 98 rgb255=154,112,90
32 98 rgb255=255,255,255
33 98 rgb255=255,255,255
34 98 rgb255=255,255,255
35 98 rgb255=255,255,255
36 98 rgb255=255,255,255
37 98 rgb255=255,255,255
38 98 rgb255=255,255,255
39 98 rgb255=255,255,255
40 98 rgb255=255,255,255
41 98 rgb255=50,42,45
42 98 rgb255=54,50,51
43 98 rgb255=39,38,38
44 98 rgb255=16,17,17
45 98 rgb255=16,17,17
46 98 rgb255=15,15,14
47 98 rgb255=88,88,88
48 98 rgb255=173,173,173
49 98 rgb255=57,57,57
50 98 rgb255=16,16,16
51 98 rgb255=12,12,12
52 98 rgb255=18,18,18
53 98 rgb255=41,41,41
54 98 rgb255=143,143,143
55 98 rgb255=222,222,222
56 98 rgb255=158,157,157
57 98 rgb255=55,54,54
58 98 rgb255=22,22,22
59 98 rgb255=12,12,13
60 98 rgb255=10,12,13
61 98 rgb255=14,11,11
62 98 rgb255=50,30,27
63 98 rgb255=68,48,45
64 98 rgb255=31,21,17
65 98 rgb255=9,8,4
66 98 rgb255=90,94,90
67 98 rgb255=112,114,113
68 98 rgb255=34,34,34
69 98 rgb255=27,28,27
70 98 rgb255=27,27,27
71 98 rgb255=24,24,24
72 98 rgb255=22,22,22
73 98 rgb255=255,255,255
74 98 rgb255=255,255,255
75 98 rgb255=255,255,255
76 98 rgb255=255,255,255
77 98 rgb255=255,255,255
78 98 rgb255=255,255,255
79 98 rgb255=255,255,255
80 98 rgb255=255,255,255
81 98 rgb255=255,255,255
82 98 rgb255=246,246,246
83 98 rgb255=162,162,162
84 98 rgb255=40,40,40
85 98 rgb255=35,35,35
86 98 rgb255=46,46,46
87 98 rgb255=30,31,31
88 98 rgb255=30,35,38
89 98 rgb255=90,90,94
90 98 rgb255=116,110,117
91 98 rgb255=118,111,118
92 98 rgb255=184,175,182
93 98 rgb255=168,154,156
94 98 rgb255=151,133,134
95 98 rgb255=165,146,148
96 98 rgb255=187,167,169
97 98 rgb255=187,168,170
98 98 rgb255=133,119,123
99 98 rgb255=46,46,46
100 98 rgb255=82,83,82
101 98 rgb255=114,109,109
102 98 rgb255=221,218,215
103 98 rgb255=239,242,237
104 98 rgb255=236,243,236
105 98 rgb255=235,240,234
106 98 rgb255=234,239,233
107 98 rgb255=235,240,234
108 98 rgb255=235,239,236
109 98 rgb255=232,236,235
110 98 rgb255=231,235,234
111 98 rgb255=232,235,234
112 98 rgb255=232,232,232
113 98 rgb255=230,230,230
114 98 rgb255=255,255,255
115 98 rgb255=255,255,255
116 98 rgb255=255,255,255
117 98 rgb255=255,255,255
118 98 rgb255=255,255,255
119 98 rgb255=255,255,255
120 98 rgb255=255,255,255
121 98 rgb255=255,255,255
122 98 rgb255=255,255,255
123 98 rgb255=129,137,90
124 98 rgb255=128,136,75
125 98 rgb255=142,145,93
126 98 rgb255=140,145,93
127 98 rgb255=126,133,79
128 98 rgb255=121,129,67
129 98 rgb255=131,141,72
130 98 rgb255=148,150,97
131 98 rgb255=135,127,104
132 98 rgb255=98,90,77
133 98 rgb255=71,65,54
134 98 rgb255=52,48,35
135 98 rgb255=75,68,57
136 98 rgb255=128,118,106
137 98 rgb255=165,153,139
138 98 rgb255=176,163,146
139 98 rgb255=207,194,175
140 98 rgb255=219,206,184
141 98 rgb255=208,193,169
142 98 rgb255=152,135,108
143 98 rgb255=134,114,88
144 98 rgb255=144,126,93
145 98 rgb255=185,170,149
146 98 rgb255=183,172,160
147 98 rgb255=185,178,167
148 98 rgb255=186,179,172
149 98 rgb255=125,120,97
150 98 rgb255=141,135,102
151 98 rgb255=150,143,104
152 98 rgb255=143,136,87
153 98 rgb255=136,134,83
154 98 rgb255=144,146,98
155 98 rgb255=255,255,255
156 98 rgb255=255,255,255
157 98 rgb255=255,255,255
158 98 rgb255=255,255,255
159 98 rgb255=255,255,255
160 98 rgb255=255,255,255
161 98 rgb255=255,255,255
162 98 rgb255=255,255,255
163 98 rgb255=255,255,255
164 98 rgb255=29,42,19
165 98 rgb255=29,41,21
166 98 rgb255=24,36,14
167 98 rgb255=30,44,20
168 98 rgb255=64,71,58
169 98 rgb255=78,74,64
170 98 rgb255=54,56,54
171 98 rgb255=53,55,50
172 98 rgb255=39,44,31
173 98 rgb255=30,37,25
174 98 rgb255=25,31,22
175 98 rgb255=31,39,25
176 98 rgb255=36,45,26
177 98 rgb255=24,32,20
178 98 rgb255=45,52,43
179 98 rgb255=90,96,91
180 98 rgb255=100,99,98
181 98 rgb255=114,111,104
182 98 rgb255=84,77,71
183 98 rgb255=98,92,82
184 98 rgb255=90,87,77
185 98 rgb255=98,96,84
186 98 rgb255=88,84,74
187 98 rgb255=124,120,111
188 98 rgb255=141,130,111
189 98 rgb255=139,130,115
190 98 rgb255=132,135,134
191 98 rgb255=145,135,115
192 98 rgb255=92,100,90
193 98 rgb255=39,56,48
194 98 rgb255=37,53,41
195 98 rgb255=39,56,41
0 97 rgb255=220,208,197
1 97 rgb255=220,197,187
2 97 rgb255=212,189,180
3 97 rgb255=206,184,169
4 97 rgb255=185,94,90
5 97 rgb255=165,3,8
6 97 rgb255=163,13,2
7 97 rgb255=175,65,19
8 97 rgb255=187,146,64
9 97 rgb255=201,172,98
10 97 rgb255=183,158,66
11 97 rgb255=186,161,74
12 97 rgb255=193,175,130
13 97 rgb255=188,180,174
14 97 rgb255=44,40,56
15 97 rgb255=8,4,6
16 97 rgb255=112,103,85
17 97 rgb255=163,148,129
18 97 rgb255=209,194,174
19 97 rgb255=200,186,161
20 97 rgb255=167,155,143
21 97 rgb255=178,158,153
22 97 rgb255=190,174,173
23 97 rgb255=194,182,182
24 97 rgb255=164,147,137
25 97 rgb255=150,132,113
26 97 rgb255=167,140,126
27 97 rgb255=76,59,50
28 97 rgb255=14,8,3
29 97 rgb255=38,15,16
30 97 rgb255=78,47,44
31 97 rgb255=139,93,82
32 97 rgb255=255,255,255
33 97 rgb255=255,255,255
34 97 rgb255=255,255,255
35 97 rgb255=255,255,255
36 97 rgb255=255,255,255
37 97 rgb255=255,255,255
38 97 rgb255=255,255,255
39 97 rgb255=255,255,255
40 97 rgb255=255,255,255
41 97 rgb255=38,33,35
42 97 rgb255=41,37,38
43 97 rgb255=34,32,33
44 97 rgb255=16,14,15
45 97 rgb255=19,18,18
46 97 rgb255=17,16,14
47 97 rgb255=82,81,80
48 97 rgb255=173,172,171
49 97 rgb255=63,62,60
50 97 rgb255=14,13,12
51 97 rgb255=10,9,9
52 97 rgb255=21,21,21
53 97 rgb255=23,23,23
54 97 rgb255=122,122,122
55 97 rgb255=228,228,228
56 97 rgb255=125,124,127
57 97 rgb255=16,14,19
58 97 rgb255=12,12,16
59 97 rgb255=16,16,19
60 97 rgb255=9,12,13
61 97 rgb255=9,8,7
62 97 rgb255=38,25,21
63 97 rgb255=36,22,20
64 97 rgb255=15,8,6
65 97 rgb255=9,9,6
66 97 rgb255=94,98,96
67 97 rgb255=98,100,99
68 97 rgb255=26,26,26
69 97 rgb255=26,26,26
70 97 rgb255=28,28,28
71 97 rgb255=25,25,25
72 97 rgb255=23,23,23
73 97 rgb255=255,255,255
74 97 rgb255=255,255,255
75 97 rgb255=255,255,255
76 97 rgb255=255,255,255
77 97 rgb255=255,255,255
78 97 rgb255=255,255,255
79 97 rgb255=255,255,255
80 97 rgb255=255,255,255
81 97 rgb255=255,255,255
82 97 rgb255=244,244,244
83 97 rgb255=144,143,144
84 97 rgb255=21,21,21
85 97 rgb255=22,22,22
86 97 rgb255=25,25,25
87 97 rgb255=20,21,22
88 97 rgb255=17,21,24
89 97 rgb255=49,49,54
90 97 rgb255=81,75,81
91 97 rgb255=103,99,106
92 97 rgb255=143,139,143
93 97 rgb255=132,123,123
94 97 rgb255=127,113,112
95 97 rgb255=141,125,126
96 97 rgb255=130,114,115
97 97 rgb255=142,125,127
98 97 rgb255=113,99,103
99 97 rgb255=31,30,30
100 97 rgb255=58,59,59
101 97 rgb255=94,89,89
102 97 rgb255=236,233,230
103 97 rgb255=241,244,238
104 97 rgb255=236,243,236
105 97 rgb255=236,241,235
106 97 rgb255=234,239,233
107 97 rgb255=235,240,234
108 97 rgb255=234,238,236
109 97 rgb255=233,237,236
110 97 rgb255=232,237,236
111 97 rgb255=233,236,235
112 97 rgb255=234,234,234
113 97 rgb255=232,232,232
114 97 rgb255=255,255,255
115 97 rgb255=255,255,255
116 97 rgb255=255,255,255
117 97 rgb255=255,255,255
118 97 rgb255=255,255,255
119 97 rgb255=255,255,255
120 97 rgb255=255,255,255
121 97 rgb255=255,255,255
122 97 rgb255=255,255,255
123 97 rgb255=128,134,88
124 97 rgb255=129,135,74
125 97 rgb255=150,151,100
126 97 rgb255=151,157,105
127 97 rgb255=121,129,77
128 97 rgb255=107,116,60
129 97 rgb255=125,135,70
130 97 rgb255=150,153,100
131 97 rgb255=139,129,104
132 97 rgb255=95,86,71
133 97 rgb255=71,64,52
134 97 rgb255=61,55,41
135 97 rgb255=91,83,69
136 97 rgb255=139,130,116
137 97 rgb255=166,155,140
138 97 rgb255=177,166,150
139 97 rgb255=206,197,178
140 97 rgb255=216,206,185
141 97 rgb255=209,197,175
142 97 rgb255=154,140,118
143 97 rgb255=113,95,72
144 97 rgb255=134,118,86
145 97 rgb255=170,157,137
146 97 rgb255=187,178,168
147 97 rgb255=199,194,183
148 97 rgb255=152,147,137
149 97 rgb255=110,104,82
150 97 rgb255=152,142,114
151 97 rgb255=156,145,112
152 97 rgb255=145,137,92
153 97 rgb255=131,129,77
154 97 rgb255=140,143,91
155 97 rgb255=255,255,255
156 97 rgb255=255,255,255
157 97 rgb255=255,255,255
158 97 rgb255=255,255,255
159 97 rgb255=255,255,255
160 97 rgb255=255,255,255
161 97 rgb255=255,255,255
162 97 rgb255=255,255,255
163 97 rgb255=255,255,255
164 97 rgb255=21,33,14
165 97 rgb255=30,43,18
166 97 rgb255=29,40,23
167 97 rgb255=59,67,59
168 97 rgb255=93,95,95
169 97 rgb255=86,80,66
170 97 rgb255=49,49,43
171 97 rgb255=60,58,49
172 97 rgb255=58,60,52
173 97 rgb255=48,51,42
174 97 rgb255=26,29,21
175 97 rgb255=20,27,20
176 97 rgb255=30,38,28
177 97 rgb255=24,30,24
178 97 rgb255=44,50,49
179 97 rgb255=103,110,111
180 97 rgb255=120,124,123
181 97 rgb255=102,101,95
182 97 rgb255=63,58,54
183 97 rgb255=94,86,78
184 97 rgb255=78,72,65
185 97 rgb255=98,93,86
186 97 rgb255=75,69,59
187 97 rgb255=125,122,114
188 97 rgb255=136,129,116
189 97 rgb255=140,121,94
190 97 rgb255=137,126,108
191 97 rgb255=137,126,101
192 97 rgb255=71,81,71
193 97 rgb255=29,45,35
194 97 rgb255=35,49,34
195 97 rgb255=38,55,30
0 96 rgb255=215,207,200
1 96 rgb255=211,204,197
2 96 rgb255=215,208,201
3 96 rgb255=214,208,197
4 96 rgb255=218,184,171
5 96 rgb255=180,71,68
6 96 rgb255=162,5,0
7 96 rgb255=176,56,13
8 96 rgb255=178,125,19
9 96 rgb255=195,160,69
10 96 rgb255=195,167,105
11 96 rgb255=182,159,76
12 96 rgb255=184,168,91
13 96 rgb255=204,195,166
14 96 rgb255=107,105,109
15 96 rgb255=0,0,4
16 96 rgb255=52,48,40
17 96 rgb255=183,174,159
18 96 rgb255=198,189,173
19 96 rgb255=186,177,162
20 96 rgb255=215,204,187
21 96 rgb255=178,158,137
22 96 rgb255=180,165,146
23 96 rgb255=156,145,127
24 96 rgb255=196,185,162
25 96 rgb255=180,163,135
26 96 rgb255=146,124,107
27 96 rgb255=48,38,37
28 96 rgb255=27,11,12
29 96 rgb255=109,61,61
30 96 rgb255=152,112,109
31 96 rgb255=133,83,85
32 96 rgb255=255,255,255
33 96 rgb255=255,255,255
34 96 rgb255=255,255,255
35 96 rgb255=255,255,255
36 96 rgb255=255,255,255
37 96 rgb255=255,255,255
38 96 rgb255=255,255,255
39 96 rgb255=255,255,255
40 96 rgb255=255,255,255
41 96 rgb255=14,12,13
42 96 rgb255=17,14,15
43 96 rgb255=20,16,17
44 96 rgb255=20,16,18
45 96 rgb255=23,19,19
46 96 rgb255=18,14,11
47 96 rgb255=76,73,70
48 96 rgb255=172,169,166
49 96 rgb255=72,68,65
50 96 rgb255=21,18,15
51 96 rgb255=13,13,12
52 96 rgb255=19,19,19
53 96 rgb255=24,24,24
54 96 rgb255=123,123,123
55 96 rgb255=227,227,228
56 96 rgb255=116,116,119
57 96 rgb255=14,13,20
58 96 rgb255=14,12,17
59 96 rgb255=13,9,11
60 96 rgb255=18,12,11
61 96 rgb255=22,16,13
62 96 rgb255=19,11,7
63 96 rgb255=12,5,2
64 96 rgb255=7,5,2
65 96 rgb255=13,16,14
66 96 rgb255=98,103,103
67 96 rgb255=79,81,81
68 96 rgb255=18,18,18
69 96 rgb255=19,19,19
70 96 rgb255=23,23,23
71 96 rgb255=26,26,26
72 96 rgb255=22,22,22
73 96 rgb255=255,255,255
74 96 rgb255=255,255,255
75 96 rgb255=255,255,255
76 96 rgb255=255,255,255
77 96 rgb255=255,255,255
78 96 rgb255=255,255,255
79 96 rgb255=255,255,255
80 96 rgb255=255,255,255
81 96 rgb255=255,255,255
82 96 rgb255=239,239,239
83 96 rgb255=140,141,140
84 96 rgb255=23,24,24
85 96 rgb255=17,17,16
86 96 rgb255=17,17,17
87 96 rgb255=18,19,19
88 96 rgb255=15,19,22
89 96 rgb255=21,21,26
90 96 rgb255=31,25,32
91 96 rgb255=48,47,53
92 96 rgb255=17,15,19
93 96 rgb255=19,14,12
94 96 rgb255=29,19,18
95 96 rgb255=29,17,16
96 96 rgb255=37,25,24
97 96 rgb255=70,56,56
98 96 rgb255=92,78,81
99 96 rgb255=14,14,14
100 96 rgb255=17,18,18
101 96 rgb255=67,62,61
102 96 rgb255=221,217,214
103 96 rgb255=244,247,241
104 96 rgb255=236,243,236
105 96 rgb255=235,241,235
106 96 rgb255=234,239,233
107 96 rgb255=235,240,234
108 96 rgb255=234,238,235
109 96 rgb255=233,237,236
110 96 rgb255=233,237,236
111 96 rgb255=233,236,236
112 96 rgb255=234,234,234
113 96 rgb255=233,233,233
114 96 rgb255=255,255,255
115 96 rgb255=255,255,255
116 96 rgb255=255,255,255
117 96 rgb255=255,255,255
118 96 rgb255=255,255,255
119 96 rgb255=255,255,255
120 96 rgb255=255,255,255
121 96 rgb255=255,255,255
122 96 rgb255=255,255,255
123 96 rgb255=128,133,86
124 96 rgb255=129,133,72
125 96 rgb255=146,147,95
126 96 rgb255=145,149,98
127 96 rgb255=120,126,80
128 96 rgb255=117,121,78
129 96 rgb255=133,140,89
130 96 rgb255=152,152,106
131 96 rgb255=143,131,107
132 96 rgb255=91,80,65
133 96 rgb255=56,48,37
134 96 rgb255=72,64,51
135 96 rgb255=113,102,88
136 96 rgb255=151,142,127
137 96 rgb255=165,156,142
138 96 rgb255=177,168,154
139 96 rgb255=197,190,172
140 96 rgb255=204,198,177
141 96 rgb255=197,187,168
142 96 rgb255=137,124,107
143 96 rgb255=103,87,66
144 96 rgb255=141,127,94
145 96 rgb255=155,144,122
146 96 rgb255=184,175,165
147 96 rgb255=164,161,144
148 96 rgb255=105,103,79
149 96 rgb255=129,123,91
150 96 rgb255=168,157,125
151 96 rgb255=167,152,122
152 96 rgb255=151,143,103
153 96 rgb255=133,131,79
154 96 rgb255=141,145,91
155 96 rgb255=255,255,255
156 96 rgb255=255,255,255
157 96 rgb255=255,255,255
158 96 rgb255=255,255,255
159 96 rgb255=255,255,255
160 96 rgb255=255,255,255
161 96 rgb255=255,255,255
162 96 rgb255=255,255,255
163 96 rgb255=255,255,255
164 96 rgb255=8,14,8
165 96 rgb255=16,23,12
166 96 rgb255=32,44,25
167 96 rgb255=60,70,52
168 96 rgb255=89,92,90
169 96 rgb255=90,90,85
170 96 rgb255=79,79,73
171 96 rgb255=84,85,79
172 96 rgb255=81,81,76
173 96 rgb255=74,75,69
174 96 rgb255=46,47,43
175 96 rgb255=25,33,24
176 96 rgb255=28,36,26
177 96 rgb255=30,38,26
178 96 rgb255=53,61,54
179 96 rgb255=120,126,129
180 96 rgb255=139,142,143
181 96 rgb255=116,116,112
182 96 rgb255=88,85,78
183 96 rgb255=105,100,94
184 96 rgb255=88,84,77
185 96 rgb255=112,109,103
186 96 rgb255=93,89,80
187 96 rgb255=135,133,127
188 96 rgb255=131,129,122
189 96 rgb255=132,117,94
190 96 rgb255=130,117,96
191 96 rgb255=130,120,98
192 96 rgb255=76,82,71
193 96 rgb255=32,48,34
194 96 rgb255=39,54,31
195 96 rgb255=39,51,29
0 95 rgb255=217,208,201
1 95 rgb255=213,204,197
2 95 rgb255=214,205,198
3 95 rgb255=214,203,195
4 95 rgb255=206,208,192
5 95 rgb255=209,165,154
6 95 rgb255=171,42,39
7 95 rgb255=166,44,10
8 95 rgb255=182,114,15
9 95 rgb255=185,142,32
10 95 rgb255=198,166,101
11 95 rgb255=189,167,90
12 95 rgb255=183,165,75
13 95 rgb255=195,182,133
14 95 rgb255=175,172,160
15 95 rgb255=45,44,48
16 95 rgb255=4,3,3
17 95 rgb255=76,73,68
18 95 rgb255=160,154,146
19 95 rgb255=165,156,144
20 95 rgb255=195,184,169
21 95 rgb255=172,158,135
22 95 rgb255=199,185,161
23 95 rgb255=183,170,150
24 95 rgb255=154,146,130
25 95 rgb255=156,145,124
26 95 rgb255=58,45,38
27 95 rgb255=0,0,9
28 95 rgb255=33,18,22
29 95 rgb255=126,70,69
30 95 rgb255=126,90,88
31 95 rgb255=127,79,83
32 95 rgb255=255,255,255
33 95 rgb255=255,255,255
34 95 rgb255=255,255,255
35 95 rgb255=255,255,255
36 95 rgb255=255,255,255
37 95 rgb255=255,255,255
38 95 rgb255=255,255,255
39 95 rgb255=255,255,255
40 95 rgb255=255,255,255
41 95 rgb255=12,12,12
42 95 rgb255=16,13,14
43 95 rgb255=21,16,17
44 95 rgb255=23,15,18
45 95 rgb255=23,16,16
46 95 rgb255=20,14,10
47 95 rgb255=73,68,64
48 95 rgb255=169,164,160
49 95 rgb255=89,84,79
50 95 rgb255=34,30,26
51 95 rgb255=15,14,12
52 95 rgb255=15,15,15
53 95 rgb255=18,18,18
54 95 rgb255=122,122,122
55 95 rgb255=224,224,224
56 95 rgb255=108,110,112
57 95 rgb255=8,10,13
58 95 rgb255=15,11,12
59 95 rgb255=32,20,18
60 95 rgb255=62,41,37
61 95 rgb255=57,37,32
62 95 rgb255=14,9,4
63 95 rgb255=6,6,2
64 95 rgb255=5,6,4
65 95 rgb255=15,19,20
66 95 rgb255=64,70,72
67 95 rgb255=47,50,50
68 95 rgb255=16,16,15
69 95 rgb255=16,16,16
70 95 rgb255=16,16,16
71 95 rgb255=22,22,22
72 95 rgb255=20,20,20
73 95 rgb255=255,255,255
74 95 rgb255=255,255,255
75 95 rgb255=255,255,255
76 95 rgb255=255,255,255
77 95 rgb255=255,255,255
78 95 rgb255=255,255,255
79 95 rgb255=255,255,255
80 95 rgb255=255,255,255
81 95 rgb255=255,255,255
82 95 rgb255=238,238,238
83 95 rgb255=134,126,129
84 95 rgb255=36,29,34
85 95 rgb255=19,17,22
86 95 rgb255=15,17,20
87 95 rgb255=13,18,20
88 95 rgb255=13,18,18
89 95 rgb255=18,18,20
90 95 rgb255=23,18,21
91 95 rgb255=22,22,25
92 95 rgb255=19,19,22
93 95 rgb255=19,14,15
94 95 rgb255=33,23,22
95 95 rgb255=54,41,40
96 95 rgb255=81,71,74
97 95 rgb255=65,59,63
98 95 rgb255=27,20,24
99 95 rgb255=16,15,17
100 95 rgb255=33,33,35
101 95 rgb255=120,118,117
102 95 rgb255=199,198,194
103 95 rgb255=212,211,207
104 95 rgb255=241,239,236
105 95 rgb255=238,239,234
106 95 rgb255=235,238,233
107 95 rgb255=233,240,233
108 95 rgb255=234,238,235
109 95 rgb255=234,236,236
110 95 rgb255=234,236,235
111 95 rgb255=233,235,234
112 95 rgb255=233,233,233
113 95 rgb255=232,232,232
114 95 rgb255=255,255,255
115 95 rgb255=255,255,255
116 95 rgb255=255,255,255
117 95 rgb255=255,255,255
118 95 rgb255=255,255,255
119 95 rgb255=255,255,255
120 95 rgb255=255,255,255
121 95 rgb255=255,255,255
122 95 rgb255=255,255,255
123 95 rgb255=129,131,89
124 95 rgb255=130,131,76
125 95 rgb255=137,136,88
126 95 rgb255=137,137,91
127 95 rgb255=133,133,95
128 95 rgb255=141,139,108
129 95 rgb255=135,135,99
130 95 rgb255=128,123,89
131 95 rgb255=112,99,79
132 95 rgb255=102,89,77
133 95 rgb255=94,84,74
134 95 rgb255=95,87,74
135 95 rgb255=133,121,106
136 95 rgb255=165,155,140
137 95 rgb255=168,158,145
138 95 rgb255=166,157,144
139 95 rgb255=170,165,146
140 95 rgb255=180,175,156
141 95 rgb255=162,154,138
142 95 rgb255=112,101,88
143 95 rgb255=110,95,74
144 95 rgb255=140,127,92
145 95 rgb255=137,127,104
146 95 rgb255=146,138,126
147 95 rgb255=112,109,84
148 95 rgb255=119,117,81
149 95 rgb255=150,144,105
150 95 rgb255=181,168,133
151 95 rgb255=177,161,131
152 95 rgb255=159,149,115
153 95 rgb255=145,141,94
154 95 rgb255=141,143,94
155 95 rgb255=255,255,255
156 95 rgb255=255,255,255
157 95 rgb255=255,255,255
158 95 rgb255=255,255,255
159 95 rgb255=255,255,255
160 95 rgb255=255,255,255
161 95 rgb255=255,255,255
162 95 rgb255=255,255,255
163 95 rgb255=255,255,255
164 95 rgb255=22,31,16
165 95 rgb255=16,22,17
166 95 rgb255=26,35,25
167 95 rgb255=44,56,36
168 95 rgb255=77,85,78
169 95 rgb255=87,91,93
170 95 rgb255=78,81,78
171 95 rgb255=78,82,81
172 95 rgb255=68,71,69
173 95 rgb255=70,72,69
174 95 rgb255=48,51,45
175 95 rgb255=30,38,23
176 95 rgb255=29,38,22
177 95 rgb255=32,40,25
178 95 rgb255=62,69,64
179 95 rgb255=128,133,138
180 95 rgb255=130,134,136
181 95 rgb255=122,124,122
182 95 rgb255=124,124,122
183 95 rgb255=131,131,131
184 95 rgb255=126,126,124
185 95 rgb255=130,132,129
186 95 rgb255=124,126,122
187 95 rgb255=138,139,137
188 95 rgb255=127,128,127
189 95 rgb255=116,116,113
190 95 rgb255=115,118,117
191 95 rgb255=128,124,113
192 95 rgb255=66,71,61
193 95 rgb255=27,41,25
194 95 rgb255=29,40,23
195 95 rgb255=26,33,21
0 94 rgb255=218,209,202
1 94 rgb255=213,204,197
2 94 rgb255=215,206,199
3 94 rgb255=215,207,199
4 94 rgb255=211,206,200
5 94 rgb255=214,206,198
6 94 rgb255=195,142,123
7 94 rgb255=164,48,19
8 94 rgb255=174,82,23
9 94 rgb255=178,122,29
10 94 rgb255=183,155,48
11 94 rgb255=192,172,100
12 94 rgb255=190,164,104
13 94 rgb255=187,168,119
14 94 rgb255=200,194,179
15 94 rgb255=91,91,94
16 94 rgb255=0,0,3
17 94 rgb255=2,0,1
18 94 rgb255=34,23,24
19 94 rgb255=91,72,68
20 94 rgb255=125,103,94
21 94 rgb255=141,120,107
22 94 rgb255=140,115,100
23 94 rgb255=141,116,104
24 94 rgb255=73,57,56
25 94 rgb255=19,17,17
26 94 rgb255=6,3,3
27 94 rgb255=6,4,4
28 94 rgb255=12,7,6
29 94 rgb255=95,65,67
30 94 rgb255=124,92,87
31 94 rgb255=137,97,87
32 94 rgb255=255,255,255
33 94 rgb255=255,255,255
34 94 rgb255=255,255,255
35 94 rgb255=255,255,255
36 94 rgb255=255,255,255
37 94 rgb255=255,255,255
38 94 rgb255=255,255,255
39 94 rgb255=255,255,255
40 94 rgb255=255,255,255
41 94 rgb255=12,13,13
42 94 rgb255=16,14,14
43 94 rgb255=20,13,15
44 94 rgb255=25,15,18
45 94 rgb255=34,25,24
46 94 rgb255=39,32,26
47 94 rgb255=79,72,67
48 94 rgb255=167,161,155
49 94 rgb255=95,89,83
50 94 rgb255=30,24,19
51 94 rgb255=13,12,10
52 94 rgb255=9,9,10
53 94 rgb255=11,11,11
54 94 rgb255=121,121,121
55 94 rgb255=221,221,221
56 94 rgb255=100,105,104
57 94 rgb255=5,10,7
58 94 rgb255=17,11,7
59 94 rgb255=58,37,32
60 94 rgb255=97,61,55
61 94 rgb255=70,36,30
62 94 rgb255=12,8,3
63 94 rgb255=3,8,4
64 94 rgb255=5,9,8
65 94 rgb255=15,21,22
66 94 rgb255=20,27,30
67 94 rgb255=20,23,24
68 94 rgb255=18,18,18
69 94 rgb255=16,16,16
70 94 rgb255=14,14,14
71 94 rgb255=13,13,13
72 94 rgb255=13,13,13
73 94 rgb255=255,255,255
74 94 rgb255=255,255,255
75 94 rgb255=255,255,255
76 94 rgb255=255,255,255
77 94 rgb255=255,255,255
78 94 rgb255=255,255,255
79 94 rgb255=255,255,255
80 94 rgb255=255,255,255
81 94 rgb255=255,255,255
82 94 rgb255=232,231,231
83 94 rgb255=160,146,151
84 94 rgb255=86,71,78
85 94 rgb255=23,16,22
86 94 rgb255=16,16,20
87 94 rgb255=12,18,19
88 94 rgb255=12,20,19
89 94 rgb255=15,18,19
90 94 rgb255=18,16,19
91 94 rgb255=17,17,19
92 94 rgb255=23,22,24
93 94 rgb255=23,17,21
94 94 rgb255=40,29,32
95 94 rgb255=37,25,27
96 94 rgb255=32,22,27
97 94 rgb255=29,23,29
98 94 rgb255=20,13,16
99 94 rgb255=48,41,42
100 94 rgb255=145,138,139
101 94 rgb255=211,210,208
102 94 rgb255=225,227,222
103 94 rgb255=197,192,189
104 94 rgb255=211,202,201
105 94 rgb255=242,237,234
106 94 rgb255=236,237,232
107 94 rgb255=232,238,232
108 94 rgb255=234,237,235
109 94 rgb255=236,236,236
110 94 rgb255=234,234,234
111 94 rgb255=233,233,233
112 94 rgb255=232,232,232
113 94 rgb255=232,232,232
114 94 rgb255=255,255,255
115 94 rgb255=255,255,255
116 94 rgb255=255,255,255
117 94 rgb255=255,255,255
118 94 rgb255=255,255,255
119 94 rgb255=255,255,255
120 94 rgb255=255,255,255
121 94 rgb255=255,255,255
122 94 rgb255=255,255,255
123 94 rgb255=127,124,103
124 94 rgb255=131,126,97
125 94 rgb255=132,128,100
126 94 rgb255=138,133,105
127 94 rgb255=135,129,104
128 94 rgb255=128,121,100
129 94 rgb255=111,104,83
130 94 rgb255=89,81,63
131 94 rgb255=71,60,48
132 94 rgb255=75,64,54
133 94 rgb255=136,126,114
134 94 rgb255=155,146,132
135 94 rgb255=167,159,143
136 94 rgb255=173,165,149
137 94 rgb255=167,160,145
138 94 rgb255=158,151,135
139 94 rgb255=147,142,123
140 94 rgb255=137,131,117
141 94 rgb255=106,99,91
142 94 rgb255=77,69,60
143 94 rgb255=101,89,69
144 94 rgb255=123,110,82
145 94 rgb255=104,94,72
146 94 rgb255=94,86,71
147 94 rgb255=112,104,84
148 94 rgb255=146,135,107
149 94 rgb255=154,141,112
150 94 rgb255=165,151,123
151 94 rgb255=158,141,117
152 94 rgb255=155,137,113
153 94 rgb255=148,135,106
154 94 rgb255=138,131,105
155 94 rgb255=255,255,255
156 94 rgb255=255,255,255
157 94 rgb255=255,255,255
158 94 rgb255=255,255,255
159 94 rgb255=255,255,255
160 94 rgb255=255,255,255
161 94 rgb255=255,255,255
162 94 rgb255=255,255,255
163 94 rgb255=255,255,255
164 94 rgb255=33,45,19
165 94 rgb255=38,47,31
166 94 rgb255=51,56,52
167 94 rgb255=62,70,66
168 94 rgb255=83,91,89
169 94 rgb255=78,82,83
170 94 rgb255=43,44,43
171 94 rgb255=42,46,46
172 94 rgb255=33,37,37
173 94 rgb255=43,44,44
174 94 rgb255=28,31,27
175 94 rgb255=31,38,26
176 94 rgb255=35,43,30
177 94 rgb255=41,46,39
178 94 rgb255=68,72,70
179 94 rgb255=116,120,125
180 94 rgb255=109,113,113
181 94 rgb255=113,114,111
182 94 rgb255=104,103,102
183 94 rgb255=114,113,109
184 94 rgb255=107,107,103
185 94 rgb255=115,115,111
186 94 rgb255=105,107,102
187 94 rgb255=119,122,119
188 94 rgb255=126,129,128
189 94 rgb255=112,117,116
190 94 rgb255=91,96,94
191 94 rgb255=98,102,96
192 94 rgb255=62,71,60
193 94 rgb255=21,33,18
194 94 rgb255=18,27,16
195 94 rgb255=15,21,16
0 93 rgb255=218,207,205
1 93 rgb255=216,203,200
2 93 rgb255=215,206,200
3 93 rgb255=213,209,200
4 93 rgb255=218,208,202
5 93 rgb255=215,209,201
6 93 rgb255=218,205,189
7 93 rgb255=203,138,121
8 93 rgb255=163,68,34
9 93 rgb255=174,105,29
10 93 rgb255=178,145,29
11 93 rgb255=179,158,70
12 93 rgb255=192,168,117
13 93 rgb255=181,167,114
14 93 rgb255=194,189,169
15 93 rgb255=175,165,170
16 93 rgb255=111,102,99
17 93 rgb255=125,109,106
18 93 rgb255=133,103,105
19 93 rgb255=58,40,43
20 93 rgb255=19,6,11
21 93 rgb255=25,12,12
22 93 rgb255=35,20,17
23 93 rgb255=25,11,10
24 93 rgb255=8,0,4
25 93 rgb255=4,2,6
26 93 rgb255=6,4,4
27 93 rgb255=4,5,3
28 93 rgb255=0,2,2
29 93 rgb255=48,41,43
30 93 rgb255=163,132,123
31 93 rgb255=124,86,75
32 93 rgb255=255,255,255
33 93 rgb255=255,255,255
34 93 rgb255=255,255,255
35 93 rgb255=255,255,255
36 93 rgb255=255,255,255
37 93 rgb255=255,255,255
38 93 rgb255=255,255,255
39 93 rgb255=255,255,255
40 93 rgb255=255,255,255
41 93 rgb255=13,12,9
42 93 rgb255=21,16,12
43 93 rgb255=33,23,19
44 93 rgb255=46,33,28
45 93 rgb255=54,44,38
46 93 rgb255=50,46,39
47 93 rgb255=67,63,57
48 93 rgb255=130,128,122
49 93 rgb255=70,68,63
50 93 rgb255=20,19,15
51 93 rgb255=14,14,13
52 93 rgb255=11,11,11
53 93 rgb255=10,10,10
54 93 rgb255=121,121,121
55 93 rgb255=218,218,218
56 93 rgb255=98,99,98
57 93 rgb255=6,6,4
58 93 rgb255=21,12,9
59 93 rgb255=62,41,39
60 93 rgb255=76,44,41
61 93 rgb255=49,20,18
62 93 rgb255=10,6,4
63 93 rgb255=2,6,3
64 93 rgb255=6,11,10
65 93 rgb255=17,23,23
66 93 rgb255=16,24,25
67 93 rgb255=17,21,21
68 93 rgb255=17,19,18
69 93 rgb255=16,17,17
70 93 rgb255=15,16,16
71 93 rgb255=12,13,13
72 93 rgb255=11,12,12
73 93 rgb255=255,255,255
74 93 rgb255=255,255,255
75 93 rgb255=255,255,255
76 93 rgb255=255,255,255
77 93 rgb255=255,255,255
78 93 rgb255=255,255,255
79 93 rgb255=255,255,255
80 93 rgb255=255,255,255
81 93 rgb255=255,255,255
82 93 rgb255=235,235,235
83 93 rgb255=225,217,220
84 93 rgb255=169,156,156
85 93 rgb255=78,67,63
86 93 rgb255=32,24,18
87 93 rgb255=17,14,10
88 93 rgb255=10,19,23
89 93 rgb255=13,18,25
90 93 rgb255=17,17,25
91 93 rgb255=18,17,19
92 93 rgb255=20,16,15
93 93 rgb255=27,18,19
94 93 rgb255=21,13,16
95 93 rgb255=18,15,20
96 93 rgb255=25,15,15
97 93 rgb255=54,39,35
98 93 rgb255=69,55,49
99 93 rgb255=117,103,97
100 93 rgb255=210,197,191
101 93 rgb255=243,236,231
102 93 rgb255=241,239,235
103 93 rgb255=230,225,223
104 93 rgb255=196,189,187
105 93 rgb255=216,209,207
106 93 rgb255=240,238,235
107 93 rgb255=235,237,232
108 93 rgb255=235,237,235
109 93 rgb255=236,236,236
110 93 rgb255=234,234,234
111 93 rgb255=233,233,233
112 93 rgb255=232,232,232
113 93 rgb255=232,232,232
114 93 rgb255=255,255,255
115 93 rgb255=255,255,255
116 93 rgb255=255,255,255
117 93 rgb255=255,255,255
118 93 rgb255=255,255,255
119 93 rgb255=255,255,255
120 93 rgb255=255,255,255
121 93 rgb255=255,255,255
122 93 rgb255=255,255,255
123 93 rgb255=121,115,106
124 93 rgb255=122,113,98
125 93 rgb255=120,114,98
126 93 rgb255=123,116,98
127 93 rgb255=114,105,87
128 93 rgb255=98,89,73
129 93 rgb255=88,79,66
130 93 rgb255=81,71,61
131 93 rgb255=65,55,46
132 93 rgb255=60,50,40
133 93 rgb255=151,142,128
134 93 rgb255=215,206,191
135 93 rgb255=199,192,176
136 93 rgb255=183,176,160
137 93 rgb255=168,161,145
138 93 rgb255=158,151,135
139 93 rgb255=132,126,109
140 93 rgb255=97,90,79
141 93 rgb255=72,65,60
142 93 rgb255=57,50,42
143 93 rgb255=87,77,58
144 93 rgb255=116,103,81
145 93 rgb255=86,76,58
146 93 rgb255=63,55,42
147 93 rgb255=98,90,74
148 93 rgb255=125,114,93
149 93 rgb255=138,127,106
150 93 rgb255=126,115,94
151 93 rgb255=117,105,85
152 93 rgb255=125,108,92
153 93 rgb255=120,108,90
154 93 rgb255=116,109,95
155 93 rgb255=255,255,255
156 93 rgb255=255,255,255
157 93 rgb255=255,255,255
158 93 rgb255=255,255,255
159 93 rgb255=255,255,255
160 93 rgb255=255,255,255
161 93 rgb255=255,255,255
162 93 rgb255=255,255,255
163 93 rgb255=255,255,255
164 93 rgb255=26,38,15
165 93 rgb255=34,46,24
166 93 rgb255=52,58,50
167 93 rgb255=72,75,77
168 93 rgb255=78,81,81
169 93 rgb255=78,77,73
170 93 rgb255=67,65,58
171 93 rgb255=44,45,43
172 93 rgb255=24,27,27
173 93 rgb255=31,32,31
174 93 rgb255=29,32,24
175 93 rgb255=39,47,33
176 93 rgb255=47,56,43
177 93 rgb255=56,63,52
178 93 rgb255=78,80,79
179 93 rgb255=114,117,120
180 93 rgb255=107,110,109
181 93 rgb255=112,112,108
182 93 rgb255=81,79,74
183 93 rgb255=98,95,85
184 93 rgb255=83,79,71
185 93 rgb255=113,110,100
186 93 rgb255=89,86,76
187 93 rgb255=112,110,101
188 93 rgb255=128,128,124
189 93 rgb255=97,103,99
190 93 rgb255=58,67,55
191 93 rgb255=65,72,60
192 93 rgb255=43,53,40
193 93 rgb255=17,26,16
194 93 rgb255=11,17,11
195 93 rgb255=9,14,10
0 92 rgb255=223,210,214
1 92 rgb255=216,200,202
2 92 rgb255=215,205,202
3 92 rgb255=212,208,200
4 92 rgb255=213,208,199
5 92 rgb255=218,209,201
6 92 rgb255=222,211,205
7 92 rgb255=229,209,204
8 92 rgb255=197,142,118
9 92 rgb255=167,104,28
10 92 rgb255=180,130,15
11 92 rgb255=177,148,32
12 92 rgb255=183,161,85
13 92 rgb255=181,169,104
14 92 rgb255=183,180,148
15 92 rgb255=200,195,201
16 92 rgb255=202,192,190
17 92 rgb255=185,152,145
18 92 rgb255=188,142,141
19 92 rgb255=121,104,106
20 92 rgb255=20,15,25
21 92 rgb255=2,0,6
22 92 rgb255=1,1,4
23 92 rgb255=1,2,5
24 92 rgb255=0,1,4
25 92 rgb255=0,0,2
26 92 rgb255=0,0,0
27 92 rgb255=12,7,4
28 92 rgb255=38,22,17
29 92 rgb255=82,41,32
30 92 rgb255=133,52,45
31 92 rgb255=83,16,14
32 92 rgb255=255,255,255
33 92 rgb255=255,255,255
34 92 rgb255=255,255,255
35 92 rgb255=255,255,255
36 92 rgb255=255,255,255
37 92 rgb255=255,255,255
38 92 rgb255=255,255,255
39 92 rgb255=255,255,255
40 92 rgb255=255,255,255
41 92 rgb255=33,27,19
42 92 rgb255=46,38,28
43 92 rgb255=56,45,33
44 92 rgb255=62,47,34
45 92 rgb255=53,44,32
46 92 rgb255=36,36,28
47 92 rgb255=35,36,29
48 92 rgb255=51,54,48
49 92 rgb255=33,39,35
50 92 rgb255=17,24,21
51 92 rgb255=12,13,13
52 92 rgb255=10,10,10
53 92 rgb255=9,9,9
54 92 rgb255=121,121,121
55 92 rgb255=215,215,215
56 92 rgb255=97,93,94
57 92 rgb255=10,3,5
58 92 rgb255=19,10,12
59 92 rgb255=40,29,31
60 92 rgb255=33,19,21
61 92 rgb255=18,6,8
62 92 rgb255=7,5,5
63 92 rgb255=2,3,3
64 92 rgb255=8,11,10
65 92 rgb255=18,24,22
66 92 rgb255=16,25,23
67 92 rgb255=16,22,21
68 92 rgb255=17,20,19
69 92 rgb255=15,19,18
70 92 rgb255=13,17,16
71 92 rgb255=12,15,14
72 92 rgb255=10,13,12
73 92 rgb255=255,255,255
74 92 rgb255=255,255,255
75 92 rgb255=255,255,255
76 92 rgb255=255,255,255
77 92 rgb255=255,255,255
78 92 rgb255=255,255,255
79 92 rgb255=255,255,255
80 92 rgb255=255,255,255
81 92 rgb255=255,255,255
82 92 rgb255=236,239,238
83 92 rgb255=234,235,235
84 92 rgb255=221,218,213
85 92 rgb255=178,172,161
86 92 rgb255=127,118,109
87 92 rgb255=75,66,60
88 92 rgb255=40,41,43
89 92 rgb255=34,32,37
90 92 rgb255=26,18,25
91 92 rgb255=40,34,33
92 92 rgb255=53,46,42
93 92 rgb255=63,50,48
94 92 rgb255=55,44,45
95 92 rgb255=49,46,46
96 92 rgb255=112,103,99
97 92 rgb255=154,140,132
98 92 rgb255=173,159,153
99 92 rgb255=169,156,151
100 92 rgb255=163,150,144
101 92 rgb255=184,174,171
102 92 rgb255=233,228,225
103 92 rgb255=240,237,233
104 92 rgb255=225,222,219
105 92 rgb255=196,186,185
106 92 rgb255=228,221,219
107 92 rgb255=238,237,233
108 92 rgb255=236,236,234
109 92 rgb255=236,236,236
110 92 rgb255=234,234,234
111 92 rgb255=234,234,234
112 92 rgb255=232,232,232
113 92 rgb255=231,231,231
114 92 rgb255=255,255,255
115 92 rgb255=255,255,255
116 92 rgb255=255,255,255
117 92 rgb255=255,255,255
118 92 rgb255=255,255,255
119 92 rgb255=255,255,255
120 92 rgb255=255,255,255
121 92 rgb255=255,255,255
122 92 rgb255=255,255,255
123 92 rgb255=113,106,101
124 92 rgb255=106,95,84
125 92 rgb255=100,92,80
126 92 rgb255=100,92,78
127 92 rgb255=95,85,71
128 92 rgb255=84,74,63
129 92 rgb255=76,66,57
130 92 rgb255=82,71,63
131 92 rgb255=71,61,52
132 92 rgb255=73,63,53
133 92 rgb255=132,123,109
134 92 rgb255=222,213,198
135 92 rgb255=215,208,192
136 92 rgb255=194,187,171
137 92 rgb255=181,174,158
138 92 rgb255=164,158,141
139 92 rgb255=122,116,100
140 92 rgb255=69,63,53
141 92 rgb255=60,53,47
142 92 rgb255=62,56,46
143 92 rgb255=86,76,59
144 92 rgb255=113,102,84
145 92 rgb255=77,68,54
146 92 rgb255=49,42,33
147 92 rgb255=68,62,52
148 92 rgb255=85,79,64
149 92 rgb255=108,102,87
150 92 rgb255=99,94,78
151 92 rgb255=76,69,56
152 92 rgb255=79,71,60
153 92 rgb255=80,75,61
154 92 rgb255=83,81,71
155 92 rgb255=255,255,255
156 92 rgb255=255,255,255
157 92 rgb255=255,255,255
158 92 rgb255=255,255,255
159 92 rgb255=255,255,255
160 92 rgb255=255,255,255
161 92 rgb255=255,255,255
162 92 rgb255=255,255,255
163 92 rgb255=255,255,255
164 92 rgb255=20,31,12
165 92 rgb255=28,40,19
166 92 rgb255=54,61,52
167 92 rgb255=63,64,63
168 92 rgb255=61,61,57
169 92 rgb255=84,86,81
170 92 rgb255=98,93,85
171 92 rgb255=71,68,61
172 92 rgb255=38,38,34
173 92 rgb255=37,38,35
174 92 rgb255=34,37,28
175 92 rgb255=38,46,32
176 92 rgb255=43,52,38
177 92 rgb255=62,70,57
178 92 rgb255=102,105,103
179 92 rgb255=128,131,132
180 92 rgb255=125,127,124
181 92 rgb255=118,119,114
182 92 rgb255=95,94,90
183 92 rgb255=89,88,80
184 92 rgb255=95,95,88
185 92 rgb255=120,120,111
186 92 rgb255=96,96,88
187 92 rgb255=96,94,87
188 92 rgb255=93,95,83
189 92 rgb255=72,78,63
190 92 rgb255=47,55,40
191 92 rgb255=52,58,50
192 92 rgb255=29,36,27
193 92 rgb255=14,20,13
194 92 rgb255=8,13,8
195 92 rgb255=7,11,7
0 91 rgb255=208,194,201
1 91 rgb255=221,204,209
2 91 rgb255=216,206,205
3 91 rgb255=213,208,203
4 91 rgb255=214,208,203
5 91 rgb255=216,210,205
6 91 rgb255=219,212,207
7 91 rgb255=218,214,212
8 91 rgb255=219,212,201
9 91 rgb255=197,158,98
10 91 rgb255=179,126,18
11 91 rgb255=179,141,18
12 91 rgb255=182,154,51
13 91 rgb255=185,164,84
14 91 rgb255=180,172,122
15 91 rgb255=192,197,188
16 91 rgb255=201,197,206
17 91 rgb255=170,131,134
18 91 rgb255=167,125,126
19 91 rgb255=156,144,143
20 91 rgb255=71,64,72
21 91 rgb255=1,0,6
22 91 rgb255=0,0,4
23 91 rgb255=1,0,1
24 91 rgb255=8,3,4
25 91 rgb255=22,17,18
26 91 rgb255=62,53,45
27 91 rgb255=112,86,63
28 91 rgb255=143,88,59
29 91 rgb255=144,52,31
30 91 rgb255=131,8,3
31 91 rgb255=98,16,18
32 91 rgb255=255,255,255
33 91 rgb255=255,255,255
34 91 rgb255=255,255,255
35 91 rgb255=255,255,255
36 91 rgb255=255,255,255
37 91 rgb255=255,255,255
38 91 rgb255=255,255,255
39 91 rgb255=255,255,255
40 91 rgb255=255,255,255
41 91 rgb255=55,46,36
42 91 rgb255=57,49,38
43 91 rgb255=58,50,39
44 91 rgb255=54,45,34
45 91 rgb255=42,37,28
46 91 rgb255=30,30,23
47 91 rgb255=23,25,19
48 91 rgb255=23,27,22
49 91 rgb255=23,30,27
50 91 rgb255=19,27,26
51 91 rgb255=12,14,13
52 91 rgb255=9,8,9
53 91 rgb255=9,9,9
54 91 rgb255=119,119,119
55 91 rgb255=209,209,209
56 91 rgb255=89,88,88
57 91 rgb255=6,3,4
58 91 rgb255=13,10,11
59 91 rgb255=15,11,12
60 91 rgb255=11,7,9
61 91 rgb255=9,6,7
62 91 rgb255=5,4,5
63 91 rgb255=3,3,3
64 91 rgb255=10,12,11
65 91 rgb255=19,25,23
66 91 rgb255=17,26,23
67 91 rgb255=17,23,21
68 91 rgb255=16,20,19
69 91 rgb255=15,19,18
70 91 rgb255=13,17,16
71 91 rgb255=11,15,14
72 91 rgb255=9,13,12
73 91 rgb255=255,255,255
74 91 rgb255=255,255,255
75 91 rgb255=255,255,255
76 91 rgb255=255,255,255
77 91 rgb255=255,255,255
78 91 rgb255=255,255,255
79 91 rgb255=255,255,255
80 91 rgb255=255,255,255
81 91 rgb255=255,255,255
82 91 rgb255=233,237,236
83 91 rgb255=231,238,235
84 91 rgb255=230,238,231
85 91 rgb255=223,228,219
86 91 rgb255=215,212,206
87 91 rgb255=191,183,179
88 91 rgb255=153,142,139
89 91 rgb255=116,100,98
90 91 rgb255=65,44,44
91 91 rgb255=103,90,86
92 91 rgb255=164,154,148
93 91 rgb255=169,153,149
94 91 rgb255=163,147,141
95 91 rgb255=117,107,99
96 91 rgb255=204,196,190
97 91 rgb255=238,233,229
98 91 rgb255=240,234,234
99 91 rgb255=234,227,228
100 91 rgb255=218,212,213
101 91 rgb255=200,191,192
102 91 rgb255=192,183,182
103 91 rgb255=232,231,227
104 91 rgb255=234,235,230
105 91 rgb255=223,210,210
106 91 rgb255=206,196,195
107 91 rgb255=238,234,231
108 91 rgb255=237,237,235
109 91 rgb255=236,236,236
110 91 rgb255=234,234,234
111 91 rgb255=234,234,234
112 91 rgb255=232,232,232
113 91 rgb255=230,230,230
114 91 rgb255=255,255,255
115 91 rgb255=255,255,255
116 91 rgb255=255,255,255
117 91 rgb255=255,255,255
118 91 rgb255=255,255,255
119 91 rgb255=255,255,255
120 91 rgb255=255,255,255
121 91 rgb255=255,255,255
122 91 rgb255=255,255,255
123 91 rgb255=109,100,97
124 91 rgb255=102,88,80
125 91 rgb255=97,86,77
126 91 rgb255=92,83,73
127 91 rgb255=93,83,71
128 91 rgb255=86,76,67
129 91 rgb255=76,65,58
130 91 rgb255=71,60,53
131 91 rgb255=62,52,43
132 91 rgb255=69,59,49
133 91 rgb255=104,94,80
134 91 rgb255=200,191,176
135 91 rgb255=226,219,203
136 91 rgb255=199,192,176
137 91 rgb255=187,180,164
138 91 rgb255=166,159,143
139 91 rgb255=112,106,92
140 91 rgb255=68,61,52
141 91 rgb255=62,54,48
142 91 rgb255=69,62,50
143 91 rgb255=95,86,70
144 91 rgb255=102,92,78
145 91 rgb255=60,52,42
146 91 rgb255=46,40,34
147 91 rgb255=56,52,46
148 91 rgb255=63,61,52
149 91 rgb255=74,72,63
150 91 rgb255=73,72,62
151 91 rgb255=54,52,44
152 91 rgb255=48,46,40
153 91 rgb255=50,50,40
154 91 rgb255=58,59,51
155 91 rgb255=255,255,255
156 91 rgb255=255,255,255
157 91 rgb255=255,255,255
158 91 rgb255=255,255,255
159 91 rgb255=255,255,255
160 91 rgb255=255,255,255
161 91 rgb255=255,255,255
162 91 rgb255=255,255,255
163 91 rgb255=255,255,255
164 91 rgb255=13,20,8
165 91 rgb255=25,35,18
166 91 rgb255=64,71,59
167 91 rgb255=73,77,67
168 91 rgb255=67,69,60
169 91 rgb255=96,100,100
170 91 rgb255=106,92,92
171 91 rgb255=94,83,72
172 91 rgb255=65,66,58
173 91 rgb255=62,60,55
174 91 rgb255=55,56,50
175 91 rgb255=48,53,44
176 91 rgb255=55,62,51
177 91 rgb255=81,86,78
178 91 rgb255=119,123,120
179 91 rgb255=139,142,141
180 91 rgb255=133,135,131
181 91 rgb255=130,133,123
182 91 rgb255=108,110,93
183 91 rgb255=89,90,87
184 91 rgb255=101,101,101
185 91 rgb255=93,95,87
186 91 rgb255=103,105,102
187 91 rgb255=99,100,103
188 91 rgb255=78,81,71
189 91 rgb255=63,67,44
190 91 rgb255=55,58,46
191 91 rgb255=58,62,60
192 91 rgb255=27,32,30
193 91 rgb255=10,14,10
194 91 rgb255=6,9,8
195 91 rgb255=8,10,8
0 90 rgb255=191,178,188
1 90 rgb255=202,186,194
2 90 rgb255=219,209,212
3 90 rgb255=214,207,207
4 90 rgb255=216,209,208
5 90 rgb255=216,212,210
6 90 rgb255=217,216,213
7 90 rgb255=216,219,214
8 90 rgb255=217,218,214
9 90 rgb255=224,210,193
10 90 rgb255=194,162,107
11 90 rgb255=175,135,33
12 90 rgb255=177,145,23
13 90 rgb255=182,154,58
14 90 rgb255=183,163,87
15 90 rgb255=191,186,149
16 90 rgb255=204,204,212
17 90 rgb255=190,177,187
18 90 rgb255=169,155,160
19 90 rgb255=175,180,183
20 90 rgb255=130,126,139
21 90 rgb255=28,22,28
22 90 rgb255=30,23,21
23 90 rgb255=59,45,41
24 90 rgb255=108,89,81
25 90 rgb255=136,113,97
26 90 rgb255=150,124,88
27 90 rgb255=154,113,63
28 90 rgb255=145,74,34
29 90 rgb255=137,43,22
30 90 rgb255=139,56,48
31 90 rgb255=169,125,129
32 90 rgb255=255,255,255
33 90 rgb255=255,255,255
34 90 rgb255=255,255,255
35 90 rgb255=255,255,255
36 90 rgb255=255,255,255
37 90 rgb255=255,255,255
38 90 rgb255=255,255,255
39 90 rgb255=255,255,255
40 90 rgb255=255,255,255
41 90 rgb255=49,39,28
42 90 rgb255=46,39,30
43 90 rgb255=64,61,54
44 90 rgb255=65,65,60
45 90 rgb255=63,62,58
46 90 rgb255=53,53,47
47 90 rgb255=26,28,23
48 90 rgb255=26,30,27
49 90 rgb255=25,32,32
50 90 rgb255=22,29,30
51 90 rgb255=12,13,13
52 90 rgb255=9,9,9
53 90 rgb255=8,8,8
54 90 rgb255=117,117,117
55 90 rgb255=203,203,203
56 90 rgb255=81,83,82
57 90 rgb255=1,4,3
58 90 rgb255=7,10,9
59 90 rgb255=6,9,8
60 90 rgb255=3,7,6
61 90 rgb255=3,5,4
62 90 rgb255=4,3,3
63 90 rgb255=3,4,3
64 90 rgb255=12,14,13
65 90 rgb255=21,26,25
66 90 rgb255=18,27,24
67 90 rgb255=17,23,21
68 90 rgb255=16,20,19
69 90 rgb255=15,19,18
70 90 rgb255=13,17,16
71 90 rgb255=11,15,14
72 90 rgb255=10,14,13
73 90 rgb255=255,255,255
74 90 rgb255=255,255,255
75 90 rgb255=255,255,255
76 90 rgb255=255,255,255
77 90 rgb255=255,255,255
78 90 rgb255=255,255,255
79 90 rgb255=255,255,255
80 90 rgb255=255,255,255
81 90 rgb255=255,255,255
82 90 rgb255=231,236,235
83 90 rgb255=229,235,233
84 90 rgb255=228,236,230
85 90 rgb255=230,236,230
86 90 rgb255=230,234,235
87 90 rgb255=232,234,235
88 90 rgb255=231,229,220
89 90 rgb255=206,190,183
90 90 rgb255=140,110,109
91 90 rgb255=139,125,121
92 90 rgb255=240,233,228
93 90 rgb255=223,208,206
94 90 rgb255=140,124,122
95 90 rgb255=136,129,124
96 90 rgb255=228,225,222
97 90 rgb255=243,244,243
98 90 rgb255=242,242,244
99 90 rgb255=243,243,245
100 90 rgb255=241,241,243
101 90 rgb255=239,236,236
102 90 rgb255=216,212,209
103 90 rgb255=225,225,220
104 90 rgb255=238,240,235
105 90 rgb255=235,233,229
106 90 rgb255=213,206,204
107 90 rgb255=220,208,208
108 90 rgb255=239,236,234
109 90 rgb255=234,236,233
110 90 rgb255=230,236,231
111 90 rgb255=229,235,231
112 90 rgb255=230,233,232
113 90 rgb255=228,231,230
114 90 rgb255=255,255,255
115 90 rgb255=255,255,255
116 90 rgb255=255,255,255
117 90 rgb255=255,255,255
118 90 rgb255=255,255,255
119 90 rgb255=255,255,255
120 90 rgb255=255,255,255
121 90 rgb255=255,255,255
122 90 rgb255=255,255,255
123 90 rgb255=112,101,97
124 90 rgb255=107,92,82
125 90 rgb255=109,98,87
126 90 rgb255=106,97,83
127 90 rgb255=99,90,75
128 90 rgb255=88,78,66
129 90 rgb255=82,72,63
130 90 rgb255=77,67,58
131 90 rgb255=70,60,51
132 90 rgb255=65,55,44
133 90 rgb255=83,74,60
134 90 rgb255=170,161,146
135 90 rgb255=219,211,195
136 90 rgb255=202,195,179
137 90 rgb255=183,176,160
138 90 rgb255=151,144,128
139 90 rgb255=81,74,62
140 90 rgb255=56,50,42
141 90 rgb255=62,55,47
142 90 rgb255=70,64,50
143 90 rgb255=83,75,58
144 90 rgb255=80,71,56
145 90 rgb255=58,51,40
146 90 rgb255=57,53,46
147 90 rgb255=48,45,40
148 90 rgb255=40,40,34
149 90 rgb255=47,47,41
150 90 rgb255=48,47,41
151 90 rgb255=52,52,47
152 90 rgb255=36,36,33
153 90 rgb255=30,32,24
154 90 rgb255=41,44,36
155 90 rgb255=255,255,255
156 90 rgb255=255,255,255
157 90 rgb255=255,255,255
158 90 rgb255=255,255,255
159 90 rgb255=255,255,255
160 90 rgb255=255,255,255
161 90 rgb255=255,255,255
162 90 rgb255=255,255,255
163 90 rgb255=255,255,255
164 90 rgb255=18,22,11
165 90 rgb255=32,39,25
166 90 rgb255=70,74,56
167 90 rgb255=84,89,65
168 90 rgb255=97,94,74
169 90 rgb255=124,115,108
170 90 rgb255=101,97,81
171 90 rgb255=93,92,70
172 90 rgb255=104,102,81
173 90 rgb255=104,100,79
174 90 rgb255=115,113,105
175 90 rgb255=124,124,119
176 90 rgb255=124,127,117
177 90 rgb255=118,127,109
178 90 rgb255=143,147,139
179 90 rgb255=161,162,162
180 90 rgb255=154,154,152
181 90 rgb255=143,143,130
182 90 rgb255=119,132,82
183 90 rgb255=98,106,101
184 90 rgb255=98,97,98
185 90 rgb255=114,112,99
186 90 rgb255=120,120,111
187 90 rgb255=120,117,109
188 90 rgb255=105,102,88
189 90 rgb255=85,85,66
190 90 rgb255=71,68,59
191 90 rgb255=57,57,49
192 90 rgb255=31,33,29
193 90 rgb255=16,21,18
194 90 rgb255=18,24,16
195 90 rgb255=32,38,21
0 89 rgb255=187,161,171
1 89 rgb255=182,160,169
2 89 rgb255=205,189,196
3 89 rgb255=219,208,211
4 89 rgb255=215,208,207
5 89 rgb255=214,213,210
6 89 rgb255=214,214,211
7 89 rgb255=219,215,212
8 89 rgb255=221,214,212
9 89 rgb255=221,218,222
10 89 rgb255=223,214,200
11 89 rgb255=198,175,120
12 89 rgb255=174,140,36
13 89 rgb255=178,140,35
14 89 rgb255=181,154,60
15 89 rgb255=183,166,109
16 89 rgb255=195,192,187
17 89 rgb255=192,200,209
18 89 rgb255=189,194,199
19 89 rgb255=178,189,193
20 89 rgb255=169,168,178
21 89 rgb255=135,128,128
22 89 rgb255=143,133,121
23 89 rgb255=159,140,117
24 89 rgb255=165,140,107
25 89 rgb255=161,125,78
26 89 rgb255=150,110,50
27 89 rgb255=140,103,45
28 89 rgb255=157,112,73
29 89 rgb255=190,143,125
30 89 rgb255=199,177,172
31 89 rgb255=200,194,198
32 89 rgb255=255,255,255
33 89 rgb255=255,255,255
34 89 rgb255=255,255,255
35 89 rgb255=255,255,255
36 89 rgb255=255,255,255
37 89 rgb255=255,255,255
38 89 rgb255=255,255,255
39 89 rgb255=255,255,255
40 89 rgb255=255,255,255
41 89 rgb255=28,21,11
42 89 rgb255=40,36,30
43 89 rgb255=72,73,69
44 89 rgb255=59,64,64
45 89 rgb255=75,78,77
46 89 rgb255=72,72,68
47 89 rgb255=28,29,27
48 89 rgb255=26,29,29
49 89 rgb255=25,31,34
50 89 rgb255=22,29,32
51 89 rgb255=10,11,12
52 89 rgb255=7,7,6
53 89 rgb255=6,6,6
54 89 rgb255=114,114,114
55 89 rgb255=198,198,198
56 89 rgb255=73,77,76
57 89 rgb255=0,4,1
58 89 rgb255=3,11,8
59 89 rgb255=1,8,5
60 89 rgb255=0,8,5
61 89 rgb255=1,6,4
62 89 rgb255=5,5,5
63 89 rgb255=5,5,5
64 89 rgb255=15,17,16
65 89 rgb255=22,27,25
66 89 rgb255=18,26,23
67 89 rgb255=17,23,21
68 89 rgb255=17,20,19
69 89 rgb255=15,19,18
70 89 rgb255=14,18,17
71 89 rgb255=12,16,15
72 89 rgb255=11,15,14
73 89 rgb255=255,255,255
74 89 rgb255=255,255,255
75 89 rgb255=255,255,255
76 89 rgb255=255,255,255
77 89 rgb255=255,255,255
78 89 rgb255=255,255,255
79 89 rgb255=255,255,255
80 89 rgb255=255,255,255
81 89 rgb255=255,255,255
82 89 rgb255=231,235,234
83 89 rgb255=229,233,232
84 89 rgb255=230,233,231
85 89 rgb255=234,234,233
86 89 rgb255=240,236,239
87 89 rgb255=235,231,233
88 89 rgb255=219,217,210
89 89 rgb255=210,196,192
90 89 rgb255=166,140,140
91 89 rgb255=156,145,143
92 89 rgb255=202,198,195
93 89 rgb255=117,105,105
94 89 rgb255=139,128,129
95 89 rgb255=212,211,212
96 89 rgb255=241,241,241
97 89 rgb255=240,240,240
98 89 rgb255=240,240,240
99 89 rgb255=240,240,240
100 89 rgb255=239,239,239
101 89 rgb255=237,238,235
102 89 rgb255=239,240,235
103 89 rgb255=237,237,232
104 89 rgb255=235,238,233
105 89 rgb255=232,239,232
106 89 rgb255=234,231,227
107 89 rgb255=211,198,198
108 89 rgb255=229,223,221
109 89 rgb255=233,236,230
110 89 rgb255=227,236,228
111 89 rgb255=226,235,229
112 89 rgb255=229,233,232
113 89 rgb255=228,232,231
114 89 rgb255=255,255,255
115 89 rgb255=255,255,255
116 89 rgb255=255,255,255
117 89 rgb255=255,255,255
118 89 rgb255=255,255,255
119 89 rgb255=255,255,255
120 89 rgb255=255,255,255
121 89 rgb255=255,255,255
122 89 rgb255=255,255,255
123 89 rgb255=113,102,94
124 89 rgb255=112,96,82
125 89 rgb255=119,106,92
126 89 rgb255=118,109,91
127 89 rgb255=110,101,83
128 89 rgb255=91,82,66
129 89 rgb255=84,75,62
130 89 rgb255=91,81,71
131 89 rgb255=83,73,64
132 89 rgb255=79,69,59
133 89 rgb255=91,82,68
134 89 rgb255=142,133,118
135 89 rgb255=194,187,171
136 89 rgb255=207,200,184
137 89 rgb255=189,182,166
138 89 rgb255=138,131,116
139 89 rgb255=79,72,61
140 89 rgb255=51,44,38
141 89 rgb255=64,56,50
142 89 rgb255=77,71,56
143 89 rgb255=86,80,60
144 89 rgb255=70,64,45
145 89 rgb255=60,55,41
146 89 rgb255=67,64,54
147 89 rgb255=53,52,45
148 89 rgb255=42,41,34
149 89 rgb255=48,47,40
150 89 rgb255=42,42,34
151 89 rgb255=51,51,45
152 89 rgb255=29,30,27
153 89 rgb255=24,25,17
154 89 rgb255=36,37,27
155 89 rgb255=255,255,255
156 89 rgb255=255,255,255
157 89 rgb255=255,255,255
158 89 rgb255=255,255,255
159 89 rgb255=255,255,255
160 89 rgb255=255,255,255
161 89 rgb255=255,255,255
162 89 rgb255=255,255,255
163 89 rgb255=255,255,255
164 89 rgb255=40,45,27
165 89 rgb255=52,58,38
166 89 rgb255=53,60,39
167 89 rgb255=74,83,49
168 89 rgb255=102,111,68
169 89 rgb255=111,118,81
170 89 rgb255=86,95,63
171 89 rgb255=75,90,59
172 89 rgb255=79,99,59
173 89 rgb255=84,94,62
174 89 rgb255=96,97,83
175 89 rgb255=107,108,101
176 89 rgb255=116,120,106
177 89 rgb255=79,94,68
178 89 rgb255=130,137,121
179 89 rgb255=146,146,145
180 89 rgb255=145,143,142
181 89 rgb255=137,135,127
182 89 rgb255=116,121,95
183 89 rgb255=97,98,84
184 89 rgb255=93,92,77
185 89 rgb255=111,115,88
186 89 rgb255=106,112,76
187 89 rgb255=108,112,77
188 89 rgb255=107,108,72
189 89 rgb255=93,100,59
190 89 rgb255=91,97,62
191 89 rgb255=74,77,51
192 89 rgb255=69,69,50
193 89 rgb255=55,59,42
194 89 rgb255=43,52,32
195 89 rgb255=46,54,33
0 88 rgb255=179,148,157
1 88 rgb255=209,192,201
2 88 rgb255=184,167,179
3 88 rgb255=213,198,205
4 88 rgb255=217,211,209
5 88 rgb255=212,211,208
6 88 rgb255=218,213,211
7 88 rgb255=223,212,213
8 88 rgb255=220,215,214
9 88 rgb255=221,218,214
10 88 rgb255=223,221,213
11 88 rgb255=222,219,206
12 88 rgb255=203,179,133
13 88 rgb255=179,140,54
14 88 rgb255=174,143,45
15 88 rgb255=178,158,88
16 88 rgb255=181,176,150
17 88 rgb255=184,189,188
18 88 rgb255=179,181,175
19 88 rgb255=176,173,163
20 88 rgb255=172,163,150
21 88 rgb255=178,161,137
22 88 rgb255=171,150,117
23 88 rgb255=161,137,94
24 88 rgb255=156,127,75
25 88 rgb255=161,128,81
26 88 rgb255=177,147,112
27 88 rgb255=193,173,150
28 88 rgb255=205,196,184
29 88 rgb255=202,200,197
30 88 rgb255=194,193,197
31 88 rgb255=193,192,197
32 88 rgb255=255,255,255
33 88 rgb255=255,255,255
34 88 rgb255=255,255,255
35 88 rgb255=255,255,255
36 88 rgb255=255,255,255
37 88 rgb255=255,255,255
38 88 rgb255=255,255,255
39 88 rgb255=255,255,255
40 88 rgb255=255,255,255
41 88 rgb255=14,12,8
42 88 rgb255=44,45,42
43 88 rgb255=73,76,74
44 88 rgb255=31,36,36
45 88 rgb255=72,74,74
46 88 rgb255=73,72,70
47 88 rgb255=28,29,29
48 88 rgb255=28,31,33
49 88 rgb255=26,32,35
50 88 rgb255=23,29,33
51 88 rgb255=10,12,13
52 88 rgb255=6,6,6
53 88 rgb255=6,6,6
54 88 rgb255=111,111,111
55 88 rgb255=190,190,190
56 88 rgb255=66,69,68
57 88 rgb255=0,1,0
58 88 rgb255=3,9,7
59 88 rgb255=1,7,5
60 88 rgb255=1,7,5
61 88 rgb255=2,7,5
62 88 rgb255=6,6,6
63 88 rgb255=6,6,6
64 88 rgb255=17,19,18
65 88 rgb255=20,26,24
66 88 rgb255=16,24,22
67 88 rgb255=17,23,21
68 88 rgb255=17,21,20
69 88 rgb255=16,20,19
70 88 rgb255=13,17,16
71 88 rgb255=11,15,14
72 88 rgb255=10,14,13
73 88 rgb255=255,255,255
74 88 rgb255=255,255,255
75 88 rgb255=255,255,255
76 88 rgb255=255,255,255
77 88 rgb255=255,255,255
78 88 rgb255=255,255,255
79 88 rgb255=255,255,255
80 88 rgb255=255,255,255
81 88 rgb255=255,255,255
82 88 rgb255=231,235,234
83 88 rgb255=229,233,232
84 88 rgb255=231,233,236
85 88 rgb255=242,237,242
86 88 rgb255=220,204,204
87 88 rgb255=142,117,115
88 88 rgb255=105,85,85
89 88 rgb255=115,97,98
90 88 rgb255=145,128,128
91 88 rgb255=195,188,185
92 88 rgb255=165,161,158
93 88 rgb255=189,182,180
94 88 rgb255=242,237,235
95 88 rgb255=241,241,241
96 88 rgb255=237,237,237
97 88 rgb255=238,238,238
98 88 rgb255=238,238,238
99 88 rgb255=238,238,238
100 88 rgb255=237,237,237
101 88 rgb255=236,237,234
102 88 rgb255=236,237,232
103 88 rgb255=235,236,231
104 88 rgb255=233,235,230
105 88 rgb255=230,236,230
106 88 rgb255=236,236,231
107 88 rgb255=225,218,216
108 88 rgb255=210,205,202
109 88 rgb255=235,234,230
110 88 rgb255=230,234,228
111 88 rgb255=227,234,229
112 88 rgb255=229,233,232
113 88 rgb255=228,232,231
114 88 rgb255=255,255,255
115 88 rgb255=255,255,255
116 88 rgb255=255,255,255
117 88 rgb255=255,255,255
118 88 rgb255=255,255,255
119 88 rgb255=255,255,255
120 88 rgb255=255,255,255
121 88 rgb255=255,255,255
122 88 rgb255=255,255,255
123 88 rgb255=119,108,98
124 88 rgb255=123,107,90
125 88 rgb255=122,108,91
126 88 rgb255=122,111,90
127 88 rgb255=125,114,91
128 88 rgb255=102,93,72
129 88 rgb255=79,69,54
130 88 rgb255=98,87,75
131 88 rgb255=98,87,74
132 88 rgb255=99,88,74
133 88 rgb255=116,106,89
134 88 rgb255=132,121,105
135 88 rgb255=165,156,141
136 88 rgb255=186,177,163
137 88 rgb255=189,180,167
138 88 rgb255=147,138,125
139 88 rgb255=104,97,87
140 88 rgb255=70,64,57
141 88 rgb255=89,83,74
142 88 rgb255=106,101,86
143 88 rgb255=104,98,79
144 88 rgb255=72,66,47
145 88 rgb255=67,62,46
146 88 rgb255=73,70,56
147 88 rgb255=60,57,47
148 88 rgb255=52,48,41
149 88 rgb255=46,43,37
150 88 rgb255=41,39,33
151 88 rgb255=41,40,35
152 88 rgb255=33,33,29
153 88 rgb255=25,26,17
154 88 rgb255=35,35,27
155 88 rgb255=255,255,255
156 88 rgb255=255,255,255
157 88 rgb255=255,255,255
158 88 rgb255=255,255,255
159 88 rgb255=255,255,255
160 88 rgb255=255,255,255
161 88 rgb255=255,255,255
162 88 rgb255=255,255,255
163 88 rgb255=255,255,255
164 88 rgb255=61,67,54
165 88 rgb255=49,63,45
166 88 rgb255=42,59,33
167 88 rgb255=72,84,59
168 88 rgb255=91,97,85
169 88 rgb255=88,89,78
170 88 rgb255=104,99,87
171 88 rgb255=88,89,78
172 88 rgb255=95,99,89
173 88 rgb255=102,104,97
174 88 rgb255=94,95,91
175 88 rgb255=100,100,97
176 88 rgb255=95,96,92
177 88 rgb255=78,81,76
178 88 rgb255=113,115,113
179 88 rgb255=82,82,83
180 88 rgb255=98,98,96
181 88 rgb255=118,117,116
182 88 rgb255=98,98,97
183 88 rgb255=92,90,87
184 88 rgb255=94,93,89
185 88 rgb255=78,80,71
186 88 rgb255=75,78,64
187 88 rgb255=73,75,65
188 88 rgb255=60,60,55
189 88 rgb255=51,52,45
190 88 rgb255=55,58,48
191 88 rgb255=54,57,49
192 88 rgb255=51,55,46
193 88 rgb255=65,68,58
194 88 rgb255=63,65,55
195 88 rgb255=58,59,49
0 87 rgb255=210,203,215
1 87 rgb255=211,210,222
2 87 rgb255=199,193,208
3 87 rgb255=184,169,180
4 87 rgb255=216,203,207
5 87 rgb255=217,212,213
6 87 rgb255=217,211,212
7 87 rgb255=222,212,214
8 87 rgb255=219,214,213
9 87 rgb255=221,217,214
10 87 rgb255=222,219,215
11 87 rgb255=221,218,215
12 87 rgb255=223,220,221
13 87 rgb255=214,192,156
14 87 rgb255=184,147,68
15 87 rgb255=171,148,75
16 87 rgb255=177,176,139
17 87 rgb255=183,185,172
18 87 rgb255=175,170,152
19 87 rgb255=174,161,136
20 87 rgb255=174,154,123
21 87 rgb255=175,150,109
22 87 rgb255=171,146,108
23 87 rgb255=176,155,125
24 87 rgb255=190,171,147
25 87 rgb255=199,191,184
26 87 rgb255=203,203,209
27 87 rgb255=204,203,211
28 87 rgb255=198,197,208
29 87 rgb255=195,193,205
30 87 rgb255=195,193,199
31 87 rgb255=198,197,202
32 87 rgb255=255,255,255
33 87 rgb255=255,255,255
34 87 rgb255=255,255,255
35 87 rgb255=255,255,255
36 87 rgb255=255,255,255
37 87 rgb255=255,255,255
38 87 rgb255=255,255,255
39 87 rgb255=255,255,255
40 87 rgb255=255,255,255
41 87 rgb255=11,16,18
42 87 rgb255=34,39,39
43 87 rgb255=51,54,52
44 87 rgb255=25,26,24
45 87 rgb255=51,51,50
46 87 rgb255=49,49,49
47 87 rgb255=28,29,31
48 87 rgb255=29,32,36
49 87 rgb255=27,33,38
50 87 rgb255=24,30,35
51 87 rgb255=10,12,13
52 87 rgb255=6,6,6
53 87 rgb255=6,6,6
54 87 rgb255=108,108,108
55 87 rgb255=180,180,180
56 87 rgb255=59,60,60
57 87 rgb255=0,0,0
58 87 rgb255=4,6,6
59 87 rgb255=3,5,4
60 87 rgb255=4,6,5
61 87 rgb255=5,6,5
62 87 rgb255=6,5,6
63 87 rgb255=7,7,7
64 87 rgb255=19,22,21
65 87 rgb255=22,27,25
66 87 rgb255=17,26,23
67 87 rgb255=18,24,23
68 87 rgb255=19,23,22
69 87 rgb255=17,21,20
70 87 rgb255=14,18,17
71 87 rgb255=12,16,15
72 87 rgb255=11,15,14
73 87 rgb255=255,255,255
74 87 rgb255=255,255,255
75 87 rgb255=255,255,255
76 87 rgb255=255,255,255
77 87 rgb255=255,255,255
78 87 rgb255=255,255,255
79 87 rgb255=255,255,255
80 87 rgb255=255,255,255
81 87 rgb255=255,255,255
82 87 rgb255=230,234,233
83 87 rgb255=228,233,232
84 87 rgb255=236,237,237
85 87 rgb255=192,184,184
86 87 rgb255=146,127,125
87 87 rgb255=152,127,124
88 87 rgb255=166,152,155
89 87 rgb255=205,195,197
90 87 rgb255=234,228,229
91 87 rgb255=206,202,200
92 87 rgb255=202,199,196
93 87 rgb255=238,239,234
94 87 rgb255=235,237,233
95 87 rgb255=236,236,236
96 87 rgb255=236,236,236
97 87 rgb255=236,236,236
98 87 rgb255=238,238,238
99 87 rgb255=238,238,238
100 87 rgb255=238,238,238
101 87 rgb255=236,236,234
102 87 rgb255=236,237,232
103 87 rgb255=235,235,230
104 87 rgb255=233,235,230
105 87 rgb255=231,236,230
106 87 rgb255=232,235,230
107 87 rgb255=234,236,231
108 87 rgb255=213,209,206
109 87 rgb255=227,222,219
110 87 rgb255=235,236,231
111 87 rgb255=230,234,230
112 87 rgb255=227,231,230
113 87 rgb255=227,231,230
114 87 rgb255=255,255,255
115 87 rgb255=255,255,255
116 87 rgb255=255,255,255
117 87 rgb255=255,255,255
118 87 rgb255=255,255,255
119 87 rgb255=255,255,255
120 87 rgb255=255,255,255
121 87 rgb255=255,255,255
122 87 rgb255=255,255,255
123 87 rgb255=130,121,110
124 87 rgb255=138,123,104
125 87 rgb255=128,114,93
126 87 rgb255=137,122,99
127 87 rgb255=145,130,104
128 87 rgb255=128,116,91
129 87 rgb255=91,79,64
130 87 rgb255=101,89,76
131 87 rgb255=112,100,81
132 87 rgb255=109,97,78
133 87 rgb255=128,116,96
134 87 rgb255=133,121,102
135 87 rgb255=130,118,103
136 87 rgb255=154,142,129
137 87 rgb255=184,172,161
138 87 rgb255=159,147,139
139 87 rgb255=134,127,117
140 87 rgb255=102,96,86
141 87 rgb255=103,97,87
142 87 rgb255=107,101,90
143 87 rgb255=101,94,80
144 87 rgb255=83,76,59
145 87 rgb255=84,78,62
146 87 rgb255=82,76,60
147 87 rgb255=66,59,46
148 87 rgb255=56,50,42
149 87 rgb255=51,46,40
150 87 rgb255=40,38,34
151 87 rgb255=34,33,29
152 87 rgb255=40,40,33
153 87 rgb255=31,32,25
154 87 rgb255=37,38,33
155 87 rgb255=255,255,255
156 87 rgb255=255,255,255
157 87 rgb255=255,255,255
158 87 rgb255=255,255,255
159 87 rgb255=255,255,255
160 87 rgb255=255,255,255
161 87 rgb255=255,255,255
162 87 rgb255=255,255,255
163 87 rgb255=255,255,255
164 87 rgb255=33,43,29
165 87 rgb255=19,29,19
166 87 rgb255=26,37,25
167 87 rgb255=41,55,36
168 87 rgb255=56,64,51
169 87 rgb255=65,66,58
170 87 rgb255=98,87,83
171 87 rgb255=103,94,91
172 87 rgb255=74,72,66
173 87 rgb255=86,79,78
174 87 rgb255=80,77,75
175 87 rgb255=80,79,75
176 87 rgb255=77,77,73
177 87 rgb255=82,82,81
178 87 rgb255=90,91,90
179 87 rgb255=61,62,61
180 87 rgb255=76,76,75
181 87 rgb255=87,86,85
182 87 rgb255=81,80,75
183 87 rgb255=77,78,73
184 87 rgb255=77,77,73
185 87 rgb255=69,70,66
186 87 rgb255=64,64,62
187 87 rgb255=63,63,60
188 87 rgb255=54,54,52
189 87 rgb255=52,52,50
190 87 rgb255=48,51,44
191 87 rgb255=43,48,39
192 87 rgb255=37,45,34
193 87 rgb255=37,44,33
194 87 rgb255=44,50,35
195 87 rgb255=43,49,30
0 86 rgb255=200,200,215
1 86 rgb255=206,205,217
2 86 rgb255=212,199,213
3 86 rgb255=187,162,176
4 86 rgb255=189,167,177
5 86 rgb255=216,207,212
6 86 rgb255=216,210,214
7 86 rgb255=220,210,214
8 86 rgb255=218,213,210
9 86 rgb255=219,215,213
10 86 rgb255=222,217,218
11 86 rgb255=221,216,221
12 86 rgb255=216,216,230
13 86 rgb255=228,221,218
14 86 rgb255=212,195,159
15 86 rgb255=178,161,116
16 86 rgb255=180,170,138
17 86 rgb255=185,179,163
18 86 rgb255=173,165,148
19 86 rgb255=179,168,148
20 86 rgb255=187,176,154
21 86 rgb255=190,185,167
22 86 rgb255=198,198,186
23 86 rgb255=202,205,203
24 86 rgb255=202,208,215
25 86 rgb255=195,205,212
26 86 rgb255=191,202,206
27 86 rgb255=193,199,203
28 86 rgb255=198,198,202
29 86 rgb255=200,198,202
30 86 rgb255=198,197,202
31 86 rgb255=200,199,204
32 86 rgb255=255,255,255
33 86 rgb255=255,255,255
34 86 rgb255=255,255,255
35 86 rgb255=255,255,255
36 86 rgb255=255,255,255
37 86 rgb255=255,255,255
38 86 rgb255=255,255,255
39 86 rgb255=255,255,255
40 86 rgb255=255,255,255
41 86 rgb255=11,19,22
42 86 rgb255=18,25,25
43 86 rgb255=24,27,26
44 86 rgb255=20,21,17
45 86 rgb255=18,18,17
46 86 rgb255=22,23,24
47 86 rgb255=27,28,31
48 86 rgb255=28,31,36
49 86 rgb255=28,33,38
50 86 rgb255=27,32,38
51 86 rgb255=13,15,17
52 86 rgb255=5,6,7
53 86 rgb255=5,6,7
54 86 rgb255=68,69,70
55 86 rgb255=120,121,122
56 86 rgb255=35,35,36
57 86 rgb255=0,0,0
58 86 rgb255=4,4,4
59 86 rgb255=4,4,4
60 86 rgb255=4,4,4
61 86 rgb255=6,5,6
62 86 rgb255=5,5,6
63 86 rgb255=7,9,9
64 86 rgb255=22,25,25
65 86 rgb255=24,30,29
66 86 rgb255=21,28,27
67 86 rgb255=21,26,25
68 86 rgb255=20,24,23
69 86 rgb255=18,22,21
70 86 rgb255=16,20,19
71 86 rgb255=14,18,17
72 86 rgb255=12,16,15
73 86 rgb255=255,255,255
74 86 rgb255=255,255,255
75 86 rgb255=255,255,255
76 86 rgb255=255,255,255
77 86 rgb255=255,255,255
78 86 rgb255=255,255,255
79 86 rgb255=255,255,255
80 86 rgb255=255,255,255
81 86 rgb255=255,255,255
82 86 rgb255=228,232,231
83 86 rgb255=231,234,233
84 86 rgb255=213,212,206
85 86 rgb255=161,153,143
86 86 rgb255=199,189,184
87 86 rgb255=229,222,220
88 86 rgb255=234,240,239
89 86 rgb255=239,245,245
90 86 rgb255=239,242,243
91 86 rgb255=196,192,191
92 86 rgb255=225,222,219
93 86 rgb255=231,237,230
94 86 rgb255=230,237,232
95 86 rgb255=236,236,236
96 86 rgb255=236,236,236
97 86 rgb255=236,236,236
98 86 rgb255=238,238,238
99 86 rgb255=239,239,239
100 86 rgb255=238,238,238
101 86 rgb255=236,237,234
102 86 rgb255=236,237,232
103 86 rgb255=235,235,231
104 86 rgb255=234,235,230
105 86 rgb255=232,236,230
106 86 rgb255=230,236,230
107 86 rgb255=230,238,231
108 86 rgb255=230,227,223
109 86 rgb255=217,209,207
110 86 rgb255=230,229,225
111 86 rgb255=232,234,230
112 86 rgb255=227,231,230
113 86 rgb255=226,230,229
114 86 rgb255=255,255,255
115 86 rgb255=255,255,255
116 86 rgb255=255,255,255
117 86 rgb255=255,255,255
118 86 rgb255=255,255,255
119 86 rgb255=255,255,255
120 86 rgb255=255,255,255
121 86 rgb255=255,255,255
122 86 rgb255=255,255,255
123 86 rgb255=139,131,117
124 86 rgb255=148,133,112
125 86 rgb255=138,124,100
126 86 rgb255=151,133,110
127 86 rgb255=167,148,121
128 86 rgb255=151,135,108
129 86 rgb255=114,99,81
130 86 rgb255=101,88,74
131 86 rgb255=106,94,76
132 86 rgb255=109,98,79
133 86 rgb255=128,116,98
134 86 rgb255=131,120,102
135 86 rgb255=115,106,88
136 86 rgb255=135,126,109
137 86 rgb255=175,164,152
138 86 rgb255=170,160,149
139 86 rgb255=163,153,144
140 86 rgb255=130,121,112
141 86 rgb255=97,88,79
142 86 rgb255=92,83,74
143 86 rgb255=89,81,68
144 86 rgb255=85,78,62
145 86 rgb255=100,93,78
146 86 rgb255=89,82,66
147 86 rgb255=73,66,52
148 86 rgb255=65,59,48
149 86 rgb255=59,54,45
150 86 rgb255=46,45,37
151 86 rgb255=38,38,31
152 86 rgb255=42,43,35
153 86 rgb255=35,36,29
154 86 rgb255=40,40,37
155 86 rgb255=255,255,255
156 86 rgb255=255,255,255
157 86 rgb255=255,255,255
158 86 rgb255=255,255,255
159 86 rgb255=255,255,255
160 86 rgb255=255,255,255
161 86 rgb255=255,255,255
162 86 rgb255=255,255,255
163 86 rgb255=255,255,255
164 86 rgb255=22,30,22
165 86 rgb255=20,28,19
166 86 rgb255=19,27,18
167 86 rgb255=23,34,22
168 86 rgb255=39,45,36
169 86 rgb255=42,42,37
170 86 rgb255=67,58,55
171 86 rgb255=71,67,62
172 86 rgb255=42,48,33
173 86 rgb255=68,63,55
174 86 rgb255=89,79,74
175 86 rgb255=73,73,64
176 86 rgb255=71,70,64
177 86 rgb255=77,75,70
178 86 rgb255=77,75,71
179 86 rgb255=60,57,54
180 86 rgb255=67,64,61
181 86 rgb255=75,71,66
182 86 rgb255=73,69,62
183 86 rgb255=71,69,62
184 86 rgb255=71,69,63
185 86 rgb255=71,69,61
186 86 rgb255=72,70,61
187 86 rgb255=69,67,62
188 86 rgb255=63,65,58
189 86 rgb255=55,60,51
190 86 rgb255=39,48,35
191 86 rgb255=34,42,30
192 86 rgb255=27,34,24
193 86 rgb255=20,26,16
194 86 rgb255=28,34,20
195 86 rgb255=31,39,21
0 85 rgb255=230,225,235
1 85 rgb255=229,220,227
2 85 rgb255=197,177,184
3 85 rgb255=180,155,165
4 85 rgb255=211,192,202
5 85 rgb255=216,206,213
6 85 rgb255=236,230,235
7 85 rgb255=232,225,229
8 85 rgb255=233,230,227
9 85 rgb255=234,232,229
10 85 rgb255=235,231,234
11 85 rgb255=235,231,237
12 85 rgb255=237,230,230
13 85 rgb255=230,231,230
14 85 rgb255=231,236,236
15 85 rgb255=232,226,215
16 85 rgb255=224,210,193
17 85 rgb255=220,211,198
18 85 rgb255=221,215,206
19 85 rgb255=227,225,219
20 85 rgb255=227,229,225
21 85 rgb255=226,229,228
22 85 rgb255=225,228,228
23 85 rgb255=221,224,224
24 85 rgb255=218,222,222
25 85 rgb255=219,221,222
26 85 rgb255=221,221,223
27 85 rgb255=224,222,227
28 85 rgb255=225,221,227
29 85 rgb255=223,219,225
30 85 rgb255=220,219,223
31 85 rgb255=223,222,226
32 85 rgb255=255,255,255
33 85 rgb255=255,255,255
34 85 rgb255=255,255,255
35 85 rgb255=255,255,255
36 85 rgb255=255,255,255
37 85 rgb255=255,255,255
38 85 rgb255=255,255,255
39 85 rgb255=255,255,255
40 85 rgb255=255,255,255
41 85 rgb255=13,18,18
42 85 rgb255=17,22,21
43 85 rgb255=21,25,24
44 85 rgb255=17,20,18
45 85 rgb255=9,12,12
46 85 rgb255=10,13,16
47 85 rgb255=19,23,26
48 85 rgb255=27,31,34
49 85 rgb255=29,33,36
50 85 rgb255=31,35,39
51 85 rgb255=22,25,28
52 85 rgb255=6,9,11
53 85 rgb255=3,5,8
54 85 rgb255=14,17,19
55 85 rgb255=26,28,31
56 85 rgb255=7,8,9
57 85 rgb255=3,2,2
58 85 rgb255=3,3,3
59 85 rgb255=3,3,3
60 85 rgb255=5,4,4
61 85 rgb255=5,5,5
62 85 rgb255=5,8,10
63 85 rgb255=14,18,20
64 85 rgb255=24,29,31
65 85 rgb255=24,29,32
66 85 rgb255=22,28,30
67 85 rgb255=21,26,26
68 85 rgb255=19,23,22
69 85 rgb255=18,22,21
70 85 rgb255=16,20,19
71 85 rgb255=13,17,16
72 85 rgb255=10,14,13
73 85 rgb255=255,255,255
74 85 rgb255=255,255,255
75 85 rgb255=255,255,255
76 85 rgb255=255,255,255
77 85 rgb255=255,255,255
78 85 rgb255=255,255,255
79 85 rgb255=255,255,255
80 85 rgb255=255,255,255
81 85 rgb255=255,255,255
82 85 rgb255=229,231,227
83 85 rgb255=230,231,228
84 85 rgb255=175,175,168
85 85 rgb255=206,204,195
86 85 rgb255=234,234,228
87 85 rgb255=233,235,232
88 85 rgb255=229,238,236
89 85 rgb255=230,238,236
90 85 rgb255=230,235,234
91 85 rgb255=194,194,192
92 85 rgb255=232,232,227
93 85 rgb255=232,235,230
94 85 rgb255=233,236,232
95 85 rgb255=236,236,236
96 85 rgb255=236,236,236
97 85 rgb255=236,236,236
98 85 rgb255=238,238,238
99 85 rgb255=238,238,238
100 85 rgb255=238,238,238
101 85 rgb255=235,235,235
102 85 rgb255=234,235,233
103 85 rgb255=234,234,233
104 85 rgb255=234,234,232
105 85 rgb255=233,234,232
106 85 rgb255=232,234,232
107 85 rgb255=230,234,231
108 85 rgb255=235,234,231
109 85 rgb255=226,223,219
110 85 rgb255=214,214,210
111 85 rgb255=226,227,223
112 85 rgb255=229,231,227
113 85 rgb255=227,229,225
114 85 rgb255=255,255,255
115 85 rgb255=255,255,255
116 85 rgb255=255,255,255
117 85 rgb255=255,255,255
118 85 rgb255=255,255,255
119 85 rgb255=255,255,255
120 85 rgb255=255,255,255
121 85 rgb255=255,255,255
122 85 rgb255=255,255,255
123 85 rgb255=143,135,120
124 85 rgb255=147,133,109
125 85 rgb255=147,133,107
126 85 rgb255=166,147,123
127 85 rgb255=181,159,132
128 85 rgb255=167,147,120
129 85 rgb255=133,115,95
130 85 rgb255=109,94,79
131 85 rgb255=105,94,79
132 85 rgb255=113,102,87
133 85 rgb255=121,109,94
134 85 rgb255=122,112,96
135 85 rgb255=116,109,89
136 85 rgb255=119,112,93
137 85 rgb255=165,158,141
138 85 rgb255=183,174,161
139 85 rgb255=172,161,152
140 85 rgb255=138,126,118
141 85 rgb255=98,85,77
142 85 rgb255=91,79,70
143 85 rgb255=93,84,72
144 85 rgb255=110,102,89
145 85 rgb255=106,99,85
146 85 rgb255=96,88,75
147 85 rgb255=77,70,56
148 85 rgb255=71,65,50
149 85 rgb255=65,62,48
150 85 rgb255=56,55,43
151 85 rgb255=48,48,38
152 85 rgb255=35,35,27
153 85 rgb255=30,31,24
154 85 rgb255=37,37,34
155 85 rgb255=255,255,255
156 85 rgb255=255,255,255
157 85 rgb255=255,255,255
158 85 rgb255=255,255,255
159 85 rgb255=255,255,255
160 85 rgb255=255,255,255
161 85 rgb255=255,255,255
162 85 rgb255=255,255,255
163 85 rgb255=255,255,255
164 85 rgb255=10,13,10
165 85 rgb255=11,15,11
166 85 rgb255=11,16,11
167 85 rgb255=11,17,12
168 85 rgb255=16,21,17
169 85 rgb255=14,14,13
170 85 rgb255=25,25,21
171 85 rgb255=21,28,18
172 85 rgb255=43,44,32
173 85 rgb255=69,60,48
174 85 rgb255=64,58,47
175 85 rgb255=45,46,34
176 85 rgb255=40,36,31
177 85 rgb255=44,39,33
178 85 rgb255=44,39,34
179 85 rgb255=44,40,33
180 85 rgb255=46,42,34
181 85 rgb255=48,44,36
182 85 rgb255=49,44,36
183 85 rgb255=48,43,36
184 85 rgb255=47,42,35
185 85 rgb255=47,42,35
186 85 rgb255=44,40,34
187 85 rgb255=37,34,30
188 85 rgb255=36,38,30
189 85 rgb255=26,31,23
190 85 rgb255=16,22,17
191 85 rgb255=14,20,15
192 85 rgb255=15,20,15
193 85 rgb255=15,18,13
194 85 rgb255=14,16,11
195 85 rgb255=17,20,13
0 84 rgb255=255,255,255
1 84 rgb255=243,242,243
2 84 rgb255=234,232,233
3 84 rgb255=250,249,251
4 84 rgb255=251,249,253
5 84 rgb255=249,248,251
6 84 rgb255=252,251,253
7 84 rgb255=252,250,254
8 84 rgb255=240,238,245
9 84 rgb255=239,238,241
10 84 rgb255=240,239,241
11 84 rgb255=236,234,240
12 84 rgb255=253,250,251
13 84 rgb255=253,251,252
14 84 rgb255=249,247,253
15 84 rgb255=250,247,250
16 84 rgb255=253,251,249
17 84 rgb255=251,251,249
18 84 rgb255=252,251,250
19 84 rgb255=251,251,250
20 84 rgb255=243,243,244
21 84 rgb255=249,249,249
22 84 rgb255=252,252,251
23 84 rgb255=249,249,248
24 84 rgb255=250,250,249
25 84 rgb255=251,250,248
26 84 rgb255=254,254,253
27 84 rgb255=238,236,240
28 84 rgb255=245,244,247
29 84 rgb255=253,253,250
30 84 rgb255=255,253,254
31 84 rgb255=255,255,255
32 84 rgb255=255,255,255
33 84 rgb255=255,255,255
34 84 rgb255=255,255,255
35 84 rgb255=255,255,255
36 84 rgb255=255,255,255
37 84 rgb255=255,255,255
38 84 rgb255=255,255,255
39 84 rgb255=255,255,255
40 84 rgb255=255,255,255
41 84 rgb255=13,17,16
42 84 rgb255=16,20,19
43 84 rgb255=19,23,22
44 84 rgb255=20,24,23
45 84 rgb255=14,18,19
46 84 rgb255=8,12,15
47 84 rgb255=18,22,25
48 84 rgb255=27,31,34
49 84 rgb255=29,33,36
50 84 rgb255=31,35,38
51 84 rgb255=30,34,37
52 84 rgb255=17,21,24
53 84 rgb255=4,7,10
54 84 rgb255=2,5,8
55 84 rgb255=2,5,8
56 84 rgb255=3,4,6
57 84 rgb255=3,3,3
58 84 rgb255=3,3,3
59 84 rgb255=4,4,4
60 84 rgb255=5,5,5
61 84 rgb255=4,5,6
62 84 rgb255=13,17,19
63 84 rgb255=25,31,34
64 84 rgb255=26,31,34
65 84 rgb255=25,30,33
66 84 rgb255=22,27,30
67 84 rgb255=20,24,25
68 84 rgb255=18,22,21
69 84 rgb255=17,21,20
70 84 rgb255=14,18,17
71 84 rgb255=11,15,14
72 84 rgb255=8,12,11
73 84 rgb255=255,255,255
74 84 rgb255=255,255,255
75 84 rgb255=255,255,255
76 84 rgb255=255,255,255
77 84 rgb255=255,255,255
78 84 rgb255=255,255,255
79 84 rgb255=255,255,255
80 84 rgb255=255,255,255
81 84 rgb255=255,255,255
82 84 rgb255=231,232,227
83 84 rgb255=217,218,213
84 84 rgb255=175,176,171
85 84 rgb255=229,230,225
86 84 rgb255=232,233,228
87 84 rgb255=232,233,229
88 84 rgb255=229,233,232
89 84 rgb255=229,233,232
90 84 rgb255=229,233,232
91 84 rgb255=228,230,226
92 84 rgb255=232,233,228
93 84 rgb255=232,233,228
94 84 rgb255=232,233,229
95 84 rgb255=234,234,234
96 84 rgb255=234,234,234
97 84 rgb255=235,235,235
98 84 rgb255=236,236,236
99 84 rgb255=237,237,237
100 84 rgb255=236,236,236
101 84 rgb255=233,233,233
102 84 rgb255=232,232,232
103 84 rgb255=232,232,232
104 84 rgb255=232,232,232
105 84 rgb255=232,232,232
106 84 rgb255=231,231,231
107 84 rgb255=230,230,230
108 84 rgb255=231,231,228
109 84 rgb255=230,231,226
110 84 rgb255=225,226,221
111 84 rgb255=222,223,218
112 84 rgb255=228,229,224
113 84 rgb255=226,227,222
114 84 rgb255=255,255,255
115 84 rgb255=255,255,255
116 84 rgb255=255,255,255
117 84 rgb255=255,255,255
118 84 rgb255=255,255,255
119 84 rgb255=255,255,255
120 84 rgb255=255,255,255
121 84 rgb255=255,255,255
122 84 rgb255=255,255,255
123 84 rgb255=142,134,121
124 84 rgb255=132,118,96
125 84 rgb255=142,128,104
126 84 rgb255=169,149,129
127 84 rgb255=187,164,141
128 84 rgb255=172,152,127
129 84 rgb255=142,124,103
130 84 rgb255=117,102,88
131 84 rgb255=103,93,81
132 84 rgb255=105,95,83
133 84 rgb255=111,101,89
134 84 rgb255=112,103,90
135 84 rgb255=116,109,91
136 84 rgb255=123,116,99
137 84 rgb255=144,137,123
138 84 rgb255=168,160,149
139 84 rgb255=155,144,135
140 84 rgb255=129,116,108
141 84 rgb255=102,90,81
142 84 rgb255=106,94,86
143 84 rgb255=119,110,100
144 84 rgb255=114,106,95
145 84 rgb255=98,89,79
146 84 rgb255=93,84,74
147 84 rgb255=77,70,57
148 84 rgb255=74,69,54
149 84 rgb255=69,65,52
150 84 rgb255=52,52,40
151 84 rgb255=53,53,44
152 84 rgb255=37,38,30
153 84 rgb255=29,30,23
154 84 rgb255=35,36,32
155 84 rgb255=255,255,255
156 84 rgb255=255,255,255
157 84 rgb255=255,255,255
158 84 rgb255=255,255,255
159 84 rgb255=255,255,255
160 84 rgb255=255,255,255
161 84 rgb255=255,255,255
162 84 rgb255=255,255,255
163 84 rgb255=255,255,255
164 84 rgb255=36,35,30
165 84 rgb255=23,24,17
166 84 rgb255=28,28,22
167 84 rgb255=32,31,27
168 84 rgb255=36,37,30
169 84 rgb255=34,33,27
170 84 rgb255=28,27,21
171 84 rgb255=32,32,23
172 84 rgb255=46,41,33
173 84 rgb255=49,42,33
174 84 rgb255=50,49,39
175 84 rgb255=51,49,43
176 84 rgb255=57,51,46
177 84 rgb255=63,58,50
178 84 rgb255=61,56,48
179 84 rgb255=63,58,50
180 84 rgb255=66,59,52
181 84 rgb255=68,62,55
182 84 rgb255=70,64,54
183 84 rgb255=71,65,54
184 84 rgb255=72,66,56
185 84 rgb255=73,67,57
186 84 rgb255=72,66,57
187 84 rgb255=67,62,53
188 84 rgb255=65,61,50
189 84 rgb255=49,49,40
190 84 rgb255=39,38,33
191 84 rgb255=38,37,31
192 84 rgb255=38,38,31
193 84 rgb255=38,38,31
194 84 rgb255=36,34,28
195 84 rgb255=35,34,28
0 83 rgb255=255,255,255
1 83 rgb255=224,223,229
2 83 rgb255=167,165,181
3 83 rgb255=221,218,231
4 83 rgb255=198,195,209
5 83 rgb255=202,199,214
6 83 rgb255=195,192,208
7 83 rgb255=195,191,209
8 83 rgb255=171,166,195
9 83 rgb255=175,171,194
10 83 rgb255=208,204,220
11 83 rgb255=181,176,200
12 83 rgb255=186,183,210
13 83 rgb255=168,166,196
14 83 rgb255=178,175,207
15 83 rgb255=179,177,206
16 83 rgb255=179,177,200
17 83 rgb255=182,179,200
18 83 rgb255=178,175,196
19 83 rgb255=219,216,230
20 83 rgb255=193,190,207
21 83 rgb255=196,193,208
22 83 rgb255=221,219,230
23 83 rgb255=216,214,225
24 83 rgb255=194,191,205
25 83 rgb255=199,196,212
26 83 rgb255=198,194,213
27 83 rgb255=185,181,200
28 83 rgb255=235,234,241
29 83 rgb255=254,254,253
30 83 rgb255=254,251,252
31 83 rgb255=255,255,255
32 83 rgb255=255,255,255
33 83 rgb255=255,255,255
34 83 rgb255=255,255,255
35 83 rgb255=255,255,255
36 83 rgb255=255,255,255
37 83 rgb255=255,255,255
38 83 rgb255=255,255,255
39 83 rgb255=255,255,255
40 83 rgb255=255,255,255
41 83 rgb255=12,16,15
42 83 rgb255=15,19,18
43 83 rgb255=17,21,20
44 83 rgb255=19,23,22
45 83 rgb255=19,23,24
46 83 rgb255=19,23,26
47 83 rgb255=25,29,32
48 83 rgb255=27,31,34
49 83 rgb255=29,33,36
50 83 rgb255=31,35,38
51 83 rgb255=32,36,39
52 83 rgb255=31,35,38
53 83 rgb255=15,19,22
54 83 rgb255=3,6,9
55 83 rgb255=2,5,8
56 83 rgb255=2,4,5
57 83 rgb255=3,3,3
58 83 rgb255=3,3,3
59 83 rgb255=4,4,4
60 83 rgb255=6,6,6
61 83 rgb255=14,15,16
62 83 rgb255=24,29,31
63 83 rgb255=28,34,37
64 83 rgb255=28,33,36
65 83 rgb255=26,31,34
66 83 rgb255=21,26,29
67 83 rgb255=18,23,24
68 83 rgb255=17,21,20
69 83 rgb255=15,19,18
70 83 rgb255=13,17,16
71 83 rgb255=10,14,13
72 83 rgb255=7,11,10
73 83 rgb255=255,255,255
74 83 rgb255=255,255,255
75 83 rgb255=255,255,255
76 83 rgb255=255,255,255
77 83 rgb255=255,255,255
78 83 rgb255=255,255,255
79 83 rgb255=255,255,255
80 83 rgb255=255,255,255
81 83 rgb255=255,255,255
82 83 rgb255=229,230,225
83 83 rgb255=223,224,219
84 83 rgb255=219,220,215
85 83 rgb255=231,232,227
86 83 rgb255=230,231,226
87 83 rgb255=229,230,226
88 83 rgb255=225,229,228
89 83 rgb255=225,229,228
90 83 rgb255=227,231,230
91 83 rgb255=231,233,230
92 83 rgb255=230,231,226
93 83 rgb255=230,231,226
94 83 rgb255=230,230,227
95 83 rgb255=231,231,231
96 83 rgb255=232,232,232
97 83 rgb255=233,233,233
98 83 rgb255=234,234,234
99 83 rgb255=234,234,234
100 83 rgb255=234,234,234
101 83 rgb255=231,231,231
102 83 rgb255=229,229,229
103 83 rgb255=229,229,229
104 83 rgb255=229,229,229
105 83 rgb255=229,229,229
106 83 rgb255=229,229,229
107 83 rgb255=228,228,227
108 83 rgb255=229,229,226
109 83 rgb255=227,228,223
110 83 rgb255=228,229,224
111 83 rgb255=228,229,224
112 83 rgb255=226,227,222
113 83 rgb255=223,224,219
114 83 rgb255=255,255,255
115 83 rgb255=255,255,255
116 83 rgb255=255,255,255
117 83 rgb255=255,255,255
118 83 rgb255=255,255,255
119 83 rgb255=255,255,255
120 83 rgb255=255,255,255
121 83 rgb255=255,255,255
122 83 rgb255=255,255,255
123 83 rgb255=142,133,124
124 83 rgb255=132,117,99
125 83 rgb255=129,114,94
126 83 rgb255=156,137,122
127 83 rgb255=178,157,141
128 83 rgb255=163,146,124
129 83 rgb255=143,127,109
130 83 rgb255=119,107,94
131 83 rgb255=93,84,74
132 83 rgb255=83,74,64
133 83 rgb255=95,87,76
134 83 rgb255=105,97,85
135 83 rgb255=108,102,87
136 83 rgb255=120,114,101
137 83 rgb255=131,125,115
138 83 rgb255=156,149,141
139 83 rgb255=151,142,134
140 83 rgb255=129,120,111
141 83 rgb255=105,96,87
142 83 rgb255=111,101,92
143 83 rgb255=116,107,98
144 83 rgb255=101,92,83
145 83 rgb255=97,88,79
146 83 rgb255=95,86,77
147 83 rgb255=92,84,73
148 83 rgb255=83,77,65
149 83 rgb255=74,69,59
150 83 rgb255=48,47,39
151 83 rgb255=52,52,45
152 83 rgb255=34,35,27
153 83 rgb255=27,28,21
154 83 rgb255=36,36,33
155 83 rgb255=255,255,255
156 83 rgb255=255,255,255
157 83 rgb255=255,255,255
158 83 rgb255=255,255,255
159 83 rgb255=255,255,255
160 83 rgb255=255,255,255
161 83 rgb255=255,255,255
162 83 rgb255=255,255,255
163 83 rgb255=255,255,255
164 83 rgb255=109,107,94
165 83 rgb255=59,60,46
166 83 rgb255=91,89,77
167 83 rgb255=125,121,112
168 83 rgb255=122,117,107
169 83 rgb255=119,113,103
170 83 rgb255=113,107,98
171 83 rgb255=111,105,96
172 83 rgb255=110,104,94
173 83 rgb255=112,106,96
174 83 rgb255=119,112,102
175 83 rgb255=122,116,106
176 83 rgb255=127,120,111
177 83 rgb255=132,123,113
178 83 rgb255=132,123,113
179 83 rgb255=131,122,112
180 83 rgb255=131,122,113
181 83 rgb255=132,123,114
182 83 rgb255=133,125,114
183 83 rgb255=136,128,117
184 83 rgb255=139,131,120
185 83 rgb255=139,132,121
186 83 rgb255=141,133,124
187 83 rgb255=139,130,122
188 83 rgb255=134,126,117
189 83 rgb255=127,121,111
190 83 rgb255=121,115,106
191 83 rgb255=120,115,106
192 83 rgb255=121,116,106
193 83 rgb255=118,113,103
194 83 rgb255=115,111,101
195 83 rgb255=113,110,100
0 82 rgb255=255,255,255
1 82 rgb255=235,234,240
2 82 rgb255=203,200,214
3 82 rgb255=228,225,236
4 82 rgb255=207,204,217
5 82 rgb255=209,206,222
6 82 rgb255=200,197,213
7 82 rgb255=193,189,206
8 82 rgb255=193,188,213
9 82 rgb255=196,192,210
10 82 rgb255=226,223,236
11 82 rgb255=212,208,227
12 82 rgb255=197,195,220
13 82 rgb255=163,161,193
14 82 rgb255=175,172,204
15 82 rgb255=176,174,202
16 82 rgb255=190,188,210
17 82 rgb255=197,194,213
18 82 rgb255=199,195,215
19 82 rgb255=226,223,237
20 82 rgb255=215,211,226
21 82 rgb255=204,201,215
22 82 rgb255=224,222,233
23 82 rgb255=209,206,217
24 82 rgb255=194,191,204
25 82 rgb255=207,204,217
26 82 rgb255=195,192,211
27 82 rgb255=202,198,216
28 82 rgb255=243,242,248
29 82 rgb255=252,252,252
30 82 rgb255=254,253,254
31 82 rgb255=255,255,255
32 82 rgb255=255,255,255
33 82 rgb255=255,255,255
34 82 rgb255=255,255,255
35 82 rgb255=255,255,255
36 82 rgb255=255,255,255
37 82 rgb255=255,255,255
38 82 rgb255=255,255,255
39 82 rgb255=255,255,255
40 82 rgb255=255,255,255
41 82 rgb255=10,14,13
42 82 rgb255=13,16,15
43 82 rgb255=15,19,18
44 82 rgb255=18,22,20
45 82 rgb255=20,23,24
46 82 rgb255=21,25,28
47 82 rgb255=24,28,31
48 82 rgb255=26,30,33
49 82 rgb255=28,31,34
50 82 rgb255=30,33,36
51 82 rgb255=31,35,38
52 82 rgb255=32,36,39
53 82 rgb255=30,34,37
54 82 rgb255=16,19,22
55 82 rgb255=3,6,9
56 82 rgb255=2,4,5
57 82 rgb255=3,3,3
58 82 rgb255=3,3,3
59 82 rgb255=4,4,4
60 82 rgb255=15,15,15
61 82 rgb255=28,29,30
62 82 rgb255=27,32,34
63 82 rgb255=26,31,34
64 82 rgb255=25,30,33
65 82 rgb255=23,28,31
66 82 rgb255=20,25,27
67 82 rgb255=18,23,23
68 82 rgb255=17,21,20
69 82 rgb255=14,18,17
70 82 rgb255=12,16,15
71 82 rgb255=10,14,13
72 82 rgb255=10,14,13
73 82 rgb255=255,255,255
74 82 rgb255=255,255,255
75 82 rgb255=255,255,255
76 82 rgb255=255,255,255
77 82 rgb255=255,255,255
78 82 rgb255=255,255,255
79 82 rgb255=255,255,255
80 82 rgb255=255,255,255
81 82 rgb255=255,255,255
82 82 rgb255=227,228,223
83 82 rgb255=227,228,223
84 82 rgb255=230,231,226
85 82 rgb255=229,230,225
86 82 rgb255=228,229,224
87 82 rgb255=227,229,224
88 82 rgb255=223,227,226
89 82 rgb255=224,228,228
90 82 rgb255=227,231,230
91 82 rgb255=230,232,228
92 82 rgb255=231,232,227
93 82 rgb255=228,229,224
94 82 rgb255=229,229,226
95 82 rgb255=230,230,230
96 82 rgb255=231,231,231
97 82 rgb255=231,231,231
98 82 rgb255=231,231,231
99 82 rgb255=231,231,231
100 82 rgb255=231,231,231
101 82 rgb255=229,229,229
102 82 rgb255=228,228,228
103 82 rgb255=226,226,226
104 82 rgb255=226,226,226
105 82 rgb255=227,227,227
106 82 rgb255=227,227,227
107 82 rgb255=226,226,226
108 82 rgb255=228,228,225
109 82 rgb255=226,227,222
110 82 rgb255=226,227,222
111 82 rgb255=227,228,223
112 82 rgb255=224,225,220
113 82 rgb255=222,223,218
114 82 rgb255=255,255,255
115 82 rgb255=255,255,255
116 82 rgb255=255,255,255
117 82 rgb255=255,255,255
118 82 rgb255=255,255,255
119 82 rgb255=255,255,255
120 82 rgb255=255,255,255
121 82 rgb255=255,255,255
122 82 rgb255=255,255,255
123 82 rgb255=171,163,159
124 82 rgb255=165,151,140
125 82 rgb255=158,145,131
126 82 rgb255=177,162,154
127 82 rgb255=194,178,168
128 82 rgb255=184,172,155
129 82 rgb255=173,163,148
130 82 rgb255=157,148,138
131 82 rgb255=134,127,119
132 82 rgb255=122,116,107
133 82 rgb255=128,121,113
134 82 rgb255=141,135,127
135 82 rgb255=139,135,125
136 82 rgb255=139,136,127
137 82 rgb255=167,163,157
138 82 rgb255=184,179,175
139 82 rgb255=182,177,169
140 82 rgb255=166,160,150
141 82 rgb255=151,146,137
142 82 rgb255=154,149,139
143 82 rgb255=153,146,138
144 82 rgb255=145,138,129
145 82 rgb255=147,139,131
146 82 rgb255=144,136,128
147 82 rgb255=140,133,125
148 82 rgb255=133,127,120
149 82 rgb255=128,123,117
150 82 rgb255=106,104,100
151 82 rgb255=107,106,102
152 82 rgb255=95,95,88
153 82 rgb255=92,93,87
154 82 rgb255=95,95,92
155 82 rgb255=255,255,255
156 82 rgb255=255,255,255
157 82 rgb255=255,255,255
158 82 rgb255=255,255,255
159 82 rgb255=255,255,255
160 82 rgb255=255,255,255
161 82 rgb255=255,255,255
162 82 rgb255=255,255,255
163 82 rgb255=255,255,255
164 82 rgb255=69,70,57
165 82 rgb255=41,43,32
166 82 rgb255=120,117,106
167 82 rgb255=166,162,152
168 82 rgb255=162,156,146
169 82 rgb255=163,156,146
170 82 rgb255=162,156,146
171 82 rgb255=161,154,145
172 82 rgb255=161,154,145
173 82 rgb255=163,155,145
174 82 rgb255=161,153,144
175 82 rgb255=162,153,144
176 82 rgb255=162,153,147
177 82 rgb255=162,154,145
178 82 rgb255=165,156,146
179 82 rgb255=165,156,147
180 82 rgb255=161,154,145
181 82 rgb255=159,151,142
182 82 rgb255=158,149,141
183 82 rgb255=162,154,145
184 82 rgb255=161,153,144
185 82 rgb255=156,149,139
186 82 rgb255=154,146,139
187 82 rgb255=156,147,142
188 82 rgb255=155,147,140
189 82 rgb255=156,148,141
190 82 rgb255=156,148,141
191 82 rgb255=154,146,139
192 82 rgb255=154,146,139
193 82 rgb255=154,147,139
194 82 rgb255=153,146,137
195 82 rgb255=149,143,133
0 81 rgb255=255,255,255
1 81 rgb255=255,255,255
2 81 rgb255=255,255,255
3 81 rgb255=255,255,255
4 81 rgb255=255,255,255
5 81 rgb255=255,255,255
6 81 rgb255=255,255,255
7 81 rgb255=255,255,255
8 81 rgb255=255,255,255
9 81 rgb255=255,255,255
10 81 rgb255=255,255,255
11 81 rgb255=255,255,255
12 81 rgb255=255,255,255
13 81 rgb255=255,255,255
14 81 rgb255=255,255,255
15 81 rgb255=255,255,255
16 81 rgb255=255,255,255
17 81 rgb255=255,255,255
18 81 rgb255=255,255,255
19 81 rgb255=255,255,255
20 81 rgb255=255,255,255
21 81 rgb255=255,255,255
22 81 rgb255=255,255,255
23 81 rgb255=255,255,255
24 81 rgb255=255,255,255
25 81 rgb255=255,255,255
26 81 rgb255=255,255,255
27 81 rgb255=255,255,255
28 81 rgb255=255,255,255
29 81 rgb255=255,255,255
30 81 rgb255=255,255,255
31 81 rgb255=255,255,255
32 81 rgb255=255,255,255
33 81 rgb255=255,255,255
34 81 rgb255=255,255,255
35 81 rgb255=255,255,255
36 81 rgb255=255,255,255
37 81 rgb255=255,255,255
38 81 rgb255=255,255,255
39 81 rgb255=255,255,255
40 81 rgb255=255,255,255
41 81 rgb255=255,255,255
42 81 rgb255=255,255,255
43 81 rgb255=255,255,255
44 81 rgb255=255,255,255
45 81 rgb255=255,255,255
46 81 rgb255=255,255,255
47 81 rgb255=255,255,255
48 81 rgb255=255,255,255
49 81 rgb255=255,255,255
50 81 rgb255=255,255,255
51 81 rgb255=255,255,255
52 81 rgb255=255,255,255
53 81 rgb255=255,255,255
54 81 rgb255=255,255,255
55 81 rgb255=255,255,255
56 81 rgb255=255,255,255
57 81 rgb255=255,255,255
58 81 rgb255=255,255,255
59 81 rgb255=255,255,255
60 81 rgb255=255,255,255
61 81 rgb255=255,255,255
62 81 rgb255=255,255,255
63 81 rgb255=255,255,255
64 81 rgb255=255,255,255
65 81 rgb255=255,255,255
66 81 rgb255=255,255,255
67 81 rgb255=255,255,255
68 81 rgb255=255,255,255
69 81 rgb255=255,255,255
70 81 rgb255=255,255,255
71 81 rgb255=255,255,255
72 81 rgb255=255,255,255
73 81 rgb255=255,255,255
74 81 rgb255=255,255,255
75 81 rgb255=255,255,255
76 81 rgb255=255,255,255
77 81 rgb255=255,255,255
78 81 rgb255=255,255,255
79 81 rgb255=255,255,255
80 81 rgb255=255,255,255
81 81 rgb255=255,255,255
82 81 rgb255=255,255,255
83 81 rgb255=255,255,255
84 81 rgb255=255,255,255
85 81 rgb255=255,255,255
86 81 rgb255=255,255,255
87 81 rgb255=255,255,255
88 81 rgb255=255,255,255
89 81 rgb255=255,255,255
90 81 rgb255=255,255,255
91 81 rgb255=255,255,255
92 81 rgb255=255,255,255
93 81 rgb255=255,255,255
94 81 rgb255=255,255,255
95 81 rgb255=255,255,255
96 81 rgb255=255,255,255
97 81 rgb255=255,255,255
98 81 rgb255=255,255,255
99 81 rgb255=255,255,255
100 81 rgb255=255,255,255
101 81 rgb255=255,255,255
102 81 rgb255=255,255,255
103 81 rgb255=255,255,255
104 81 rgb255=255,255,255
105 81 rgb255=255,255,255
106 81 rgb255=255,255,255
107 81 rgb255=255,255,255
108 81 rgb255=255,255,255
109 81 rgb255=255,255,255
110 81 rgb255=255,255,255
111 81 rgb255=255,255,255
112 81 rgb255=255,255,255
113 81 rgb255=255,255,255
114 81 rgb255=255,255,255
115 81 rgb255=255,255,255
116 81 rgb255=255,255,255
117 81 rgb255=255,255,255
118 81 rgb255=255,255,255
119 81 rgb255=255,255,255
120 81 rgb255=255,255,255
121 81 rgb255=255,255,255
122 81 rgb255=255,255,255
123 81 rgb255=255,255,255
124 81 rgb255=255,255,255
125 81 rgb255=255,255,255
126 81 rgb255=255,255,255
127 81 rgb255=255,255,255
128 81 rgb255=255,255,255
129 81 rgb255=255,255,255
130 81 rgb255=255,255,255
131 81 rgb255=255,255,255
132 81 rgb255=255,255,255
133 81 rgb255=255,255,255
134 81 rgb255=255,255,255
135 81 rgb255=255,255,255
136 81 rgb255=255,255,255
137 81 rgb255=255,255,255
138 81 rgb255=255,255,255
139 81 rgb255=255,255,255
140 81 rgb255=255,255,255
141 81 rgb255=255,255,255
142 81 rgb255=255,255,255
143 81 rgb255=255,255,255
144 81 rgb255=255,255,255
145 81 rgb255=255,255,255
146 81 rgb255=255,255,255
147 81 rgb255=255,255,255
148 81 rgb255=255,255,255
149 81 rgb255=255,255,255
150 81 rgb255=255,255,255
151 81 rgb255=255,255,255
152 81 rgb255=255,255,255
153 81 rgb255=255,255,255
154 81 rgb255=255,255,255
155 81 rgb255=255,255,255
156 81 rgb255=255,255,255
157 81 rgb255=255,255,255
158 81 rgb255=255,255,255
159 81 rgb255=255,255,255
160 81 rgb255=255,255,255
161 81 rgb255=255,255,255
162 81 rgb255=255,255,255
163 81 rgb255=255,255,255
164 81 rgb255=255,255,255
165 81 rgb255=255,255,255
166 81 rgb255=255,255,255
167 81 rgb255=255,255,255
168 81 rgb255=255,255,255
169 81 rgb255=255,255,255
170 81 rgb255=255,255,255
171 81 rgb255=255,255,255
172 81 rgb255=255,255,255
173 81 rgb255=255,255,255
174 81 rgb255=255,255,255
175 81 rgb255=255,255,255
176 81 rgb255=255,255,255
177 81 rgb255=255,255,255
178 81 rgb255=255,255,255
179 81 rgb255=255,255,255
180 81 rgb255=255,255,255
181 81 rgb255=255,255,255
182 81 rgb255=255,255,255
183 81 rgb255=255,255,255
184 81 rgb255=255,255,255
185 81 rgb255=255,255,255
186 81 rgb255=255,255,255
187 81 rgb255=255,255,255
188 81 rgb255=255,255,255
189 81 rgb255=255,255,255
190 81 rgb255=255,255,255
191 81 rgb255=255,255,255
192 81 rgb255=255,255,255
193 81 rgb255=255,255,255
194 81 rgb255=255,255,255
195 81 rgb255=255,255,255
0 80 rgb255=255,255,255
1 80 rgb255=255,255,255
2 80 rgb255=255,255,255
3 80 rgb255=255,255,255
4 80 rgb255=255,255,255
5 80 rgb255=255,255,255
6 80 rgb255=255,255,255
7 80 rgb255=255,255,255
8 80 rgb255=255,255,255
9 80 rgb255=255,255,255
10 80 rgb255=255,255,255
11 80 rgb255=255,255,255
12 80 rgb255=255,255,255
13 80 rgb255=255,255,255
14 80 rgb255=255,255,255
15 80 rgb255=255,255,255
16 80 rgb255=255,255,255
17 80 rgb255=255,255,255
18 80 rgb255=255,255,255
19 80 rgb255=255,255,255
20 80 rgb255=255,255,255
21 80 rgb255=255,255,255
22 80 rgb255=255,255,255
23 80 rgb255=255,255,255
24 80 rgb255=255,255,255
25 80 rgb255=255,255,255
26 80 rgb255=255,255,255
27 80 rgb255=255,255,255
28 80 rgb255=255,255,255
29 80 rgb255=255,255,255
30 80 rgb255=255,255,255
31 80 rgb255=255,255,255
32 80 rgb255=255,255,255
33 80 rgb255=255,255,255
34 80 rgb255=255,255,255
35 80 rgb255=255,255,255
36 80 rgb255=255,255,255
37 80 rgb255=255,255,255
38 80 rgb255=255,255,255
39 80 rgb255=255,255,255
40 80 rgb255=255,255,255
41 80 rgb255=255,255,255
42 80 rgb255=255,255,255
43 80 rgb255=255,255,255
44 80 rgb255=255,255,255
45 80 rgb255=255,255,255
46 80 rgb255=255,255,255
47 80 rgb255=255,255,255
48 80 rgb255=255,255,255
49 80 rgb255=255,255,255
50 80 rgb255=255,255,255
51 80 rgb255=255,255,255
52 80 rgb255=255,255,255
53 80 rgb255=255,255,255
54 80 rgb255=255,255,255
55 80 rgb255=255,255,255
56 80 rgb255=255,255,255
57 80 rgb255=255,255,255
58 80 rgb255=255,255,255
59 80 rgb255=255,255,255
60 80 rgb255=255,255,255
61 80 rgb255=255,255,255
62 80 rgb255=255,255,255
63 80 rgb255=255,255,255
64 80 rgb255=255,255,255
65 80 rgb255=255,255,255
66 80 rgb255=255,255,255
67 80 rgb255=255,255,255
68 80 rgb255=255,255,255
69 80 rgb255=255,255,255
70 80 rgb255=255,255,255
71 80 rgb255=255,255,255
72 80 rgb255=255,255,255
73 80 rgb255=255,255,255
74 80 rgb255=255,255,255
75 80 rgb255=255,255,255
76 80 rgb255=255,255,255
77 80 rgb255=255,255,255
78 80 rgb255=255,255,255
79 80 rgb255=255,255,255
80 80 rgb255=255,255,255
81 80 rgb255=255,255,255
82 80 rgb255=255,255,255
83 80 rgb255=255,255,255
84 80 rgb255=255,255,255
85 80 rgb255=255,255,255
86 80 rgb255=255,255,255
87 80 rgb255=255,255,255
88 80 rgb255=255,255,255
89 80 rgb255=255,255,255
90 80 rgb255=255,255,255
91 80 rgb255=255,255,255
92 80 rgb255=255,255,255
93 80 rgb255=255,255,255
94 80 rgb255=255,255,255
95 80 rgb255=255,255,255
96 80 rgb255=255,255,255
97 80 rgb255=255,255,255
98 80 rgb255=255,255,255
99 80 rgb255=255,255,255
100 80 rgb255=255,255,255
101 80 rgb255=255,255,255
102 80 rgb255=255,255,255
103 80 rgb255=255,255,255
104 80 rgb255=255,255,255
105 80 rgb255=255,255,255
106 80 rgb255=255,255,255
107 80 rgb255=255,255,255
108 80 rgb255=255,255,255
109 80 rgb255=255,255,255
110 80 rgb255=255,255,255
111 80 rgb255=255,255,255
112 80 rgb255=255,255,255
113 80 rgb255=255,255,255
114 80 rgb255=255,255,255
115 80 rgb255=255,255,255
116 80 rgb255=255,255,255
117 80 rgb255=255,255,255
118 80 rgb255=255,255,255
119 80 rgb255=255,255,255
120 80 rgb255=255,255,255
121 80 rgb255=255,255,255
122 80 rgb255=255,255,255
123 80 rgb255=255,255,255
124 80 rgb255=255,255,255
125 80 rgb255=255,255,255
126 80 rgb255=255,255,255
127 80 rgb255=255,255,255
128 80 rgb255=255,255,255
129 80 rgb255=255,255,255
130 80 rgb255=255,255,255
131 80 rgb255=255,255,255
132 80 rgb255=255,255,255
133 80 rgb255=255,255,255
134 80 rgb255=255,255,255
135 80 rgb255=255,255,255
136 80 rgb255=255,255,255
137 80 rgb255=255,255,255
138 80 rgb255=255,255,255
139 80 rgb255=255,255,255
140 80 rgb255=255,255,255
141 80 rgb255=255,255,255
142 80 rgb255=255,255,255
143 80 rgb255=255,255,255
144 80 rgb255=255,255,255
145 80 rgb255=255,255,255
146 80 rgb255=255,255,255
147 80 rgb255=255,255,255
148 80 rgb255=255,255,255
149 80 rgb255=255,255,255
150 80 rgb255=255,255,255
151 80 rgb255=255,255,255
152 80 rgb255=255,255,255
153 80 rgb255=255,255,255
154 80 rgb255=255,255,255
155 80 rgb255=255,255,255
156 80 rgb255=255,255,255
157 80 rgb255=255,255,255
158 80 rgb255=255,255,255
159 80 rgb255=255,255,255
160 80 rgb255=255,255,255
161 80 rgb255=255,255,255
162 80 rgb255=255,255,255
163 80 rgb255=255,255,255
164 80 rgb255=255,255,255
165 80 rgb255=255,255,255
166 80 rgb255=255,255,255
167 80 rgb255=255,255,255
168 80 rgb255=255,255,255
169 80 rgb255=255,255,255
170 80 rgb255=255,255,255
171 80 rgb255=255,255,255
172 80 rgb255=255,255,255
173 80 rgb255=255,255,255
174 80 rgb255=255,255,255
175 80 rgb255=255,255,255
176 80 rgb255=255,255,255
177 80 rgb255=255,255,255
178 80 rgb255=255,255,255
179 80 rgb255=255,255,255
180 80 rgb255=255,255,255
181 80 rgb255=255,255,255
182 80 rgb255=255,255,255
183 80 rgb255=255,255,255
184 80 rgb255=255,255,255
185 80 rgb255=255,255,255
186 80 rgb255=255,255,255
187 80 rgb255=255,255,255
188 80 rgb255=255,255,255
189 80 rgb255=255,255,255
190 80 rgb255=255,255,255
191 80 rgb255=255,255,255
192 80 rgb255=255,255,255
193 80 rgb255=255,255,255
194 80 rgb255=255,255,255
195 80 rgb255=255,255,255
0 79 rgb255=255,255,255
1 79 rgb255=255,255,255
2 79 rgb255=255,255,255
3 79 rgb255=255,255,255
4 79 rgb255=255,255,255
5 79 rgb255=255,255,255
6 79 rgb255=255,255,255
7 79 rgb255=255,255,255
8 79 rgb255=255,255,255
9 79 rgb255=255,255,255
10 79 rgb255=255,255,255
11 79 rgb255=255,255,255
12 79 rgb255=255,255,255
13 79 rgb255=255,255,255
14 79 rgb255=255,255,255
15 79 rgb255=255,255,255
16 79 rgb255=255,255,255
17 79 rgb255=255,255,255
18 79 rgb255=255,255,255
19 79 rgb255=255,255,255
20 79 rgb255=255,255,255
21 79 rgb255=255,255,255
22 79 rgb255=255,255,255
23 79 rgb255=255,255,255
24 79 rgb255=255,255,255
25 79 rgb255=255,255,255
26 79 rgb255=255,255,255
27 79 rgb255=255,255,255
28 79 rgb255=255,255,255
29 79 rgb255=255,255,255
30 79 rgb255=255,255,255
31 79 rgb255=255,255,255
32 79 rgb255=255,255,255
33 79 rgb255=255,255,255
34 79 rgb255=255,255,255
35 79 rgb255=255,255,255
36 79 rgb255=255,255,255
37 79 rgb255=255,255,255
38 79 rgb255=255,255,255
39 79 rgb255=255,255,255
40 79 rgb255=255,255,255
41 79 rgb255=255,255,255
42 79 rgb255=255,255,255
43 79 rgb255=255,255,255
44 79 rgb255=255,255,255
45 79 rgb255=255,255,255
46 79 rgb255=255,255,255
47 79 rgb255=255,255,255
48 79 rgb255=255,255,255
49 79 rgb255=255,255,255
50 79 rgb255=255,255,255
51 79 rgb255=255,255,255
52 79 rgb255=255,255,255
53 79 rgb255=255,255,255
54 79 rgb255=255,255,255
55 79 rgb255=255,255,255
56 79 rgb255=255,255,255
57 79 rgb255=255,255,255
58 79 rgb255=255,255,255
59 79 rgb255=255,255,255
60 79 rgb255=255,255,255
61 79 rgb255=255,255,255
62 79 rgb255=255,255,255
63 79 rgb255=255,255,255
64 79 rgb255=255,255,255
65 79 rgb255=255,255,255
66 79 rgb255=255,255,255
67 79 rgb255=255,255,255
68 79 rgb255=255,255,255
69 79 rgb255=255,255,255
70 79 rgb255=255,255,255
71 79 rgb255=255,255,255
72 79 rgb255=255,255,255
73 79 rgb255=255,255,255
74 79 rgb255=255,255,255
75 79 rgb255=255,255,255
76 79 rgb255=255,255,255
77 79 rgb255=255,255,255
78 79 rgb255=255,255,255
79 79 rgb255=255,255,255
80 79 rgb255=255,255,255
81 79 rgb255=255,255,255
82 79 rgb255=255,255,255
83 79 rgb255=255,255,255
84 79 rgb255=255,255,255
85 79 rgb255=255,255,255
86 79 rgb255=255,255,255
87 79 rgb255=255,255,255
88 79 rgb255=255,255,255
89 79 rgb255=255,255,255
90 79 rgb255=255,255,255
91 79 rgb255=255,255,255
92 79 rgb255=255,255,255
93 79 rgb255=255,255,255
94 79 rgb255=255,255,255
95 79 rgb255=255,255,255
96 79 rgb255=255,255,255
97 79 rgb255=255,255,255
98 79 rgb255=255,255,255
99 79 rgb255=255,255,255
100 79 rgb255=255,255,255
101 79 rgb255=255,255,255
102 79 rgb255=255,255,255
103 79 rgb255=255,255,255
104 79 rgb255=255,255,255
105 79 rgb255=255,255,255
106 79 rgb255=255,255,255
107 79 rgb255=255,255,255
108 79 rgb255=255,255,255
109 79 rgb255=255,255,255
110 79 rgb255=255,255,255
111 79 rgb255=255,255,255
112 79 rgb255=255,255,255
113 79 rgb255=255,255,255
114 79 rgb255=255,255,255
115 79 rgb255=255,255,255
116 79 rgb255=255,255,255
117 79 rgb255=255,255,255
118 79 rgb255=255,255,255
119 79 rgb255=255,255,255
120 79 rgb255=255,255,255
121 79 rgb255=255,255,255
122 79 rgb255=255,255,255
123 79 rgb255=255,255,255
124 79 rgb255=255,255,255
125 79 rgb255=255,255,255
126 79 rgb255=255,255,255
127 79 rgb255=255,255,255
128 79 rgb255=255,255,255
129 79 rgb255=255,255,255
130 79 rgb255=255,255,255
131 79 rgb255=255,255,255
132 79 rgb255=255,255,255
133 79 rgb255=255,255,255
134 79 rgb255=255,255,255
135 79 rgb255=255,255,255
136 79 rgb255=255,255,255
137 79 rgb255=255,255,255
138 79 rgb255=255,255,255
139 79 rgb255=255,255,255
140 79 rgb255=255,255,255
141 79 rgb255=255,255,255
142 79 rgb255=255,255,255
143 79 rgb255=255,255,255
144 79 rgb255=255,255,255
145 79 rgb255=255,255,255
146 79 rgb255=255,255,255
147 79 rgb255=255,255,255
148 79 rgb255=255,255,255
149 79 rgb255=255,255,255
150 79 rgb255=255,255,255
151 79 rgb255=255,255,255
152 79 rgb255=255,255,255
153 79 rgb255=255,255,255
154 79 rgb255=255,255,255
155 79 rgb255=255,255,255
156 79 rgb255=255,255,255
157 79 rgb255=255,255,255
158 79 rgb255=255,255,255
159 79 rgb255=255,255,255
160 79 rgb255=255,255,255
161 79 rgb255=255,255,255
162 79 rgb255=255,255,255
163 79 rgb255=255,255,255
164 79 rgb255=255,255,255
165 79 rgb255=255,255,255
166 79 rgb255=255,255,255
167 79 rgb255=255,255,255
168 79 rgb255=255,255,255
169 79 rgb255=255,255,255
170 79 rgb255=255,255,255
171 79 rgb255=255,255,255
172 79 rgb255=255,255,255
173 79 rgb255=255,255,255
174 79 rgb255=255,255,255
175 79 rgb255=255,255,255
176 79 rgb255=255,255,255
177 79 rgb255=255,255,255
178 79 rgb255=255,255,255
179 79 rgb255=255,255,255
180 79 rgb255=255,255,255
181 79 rgb255=255,255,255
182 79 rgb255=255,255,255
183 79 rgb255=255,255,255
184 79 rgb255=255,255,255
185 79 rgb255=255,255,255
186 79 rgb255=255,255,255
187 79 rgb255=255,255,255
188 79 rgb255=255,255,255
189 79 rgb255=255,255,255
190 79 rgb255=255,255,255
191 79 rgb255=255,255,255
192 79 rgb255=255,255,255
193 79 rgb255=255,255,255
194 79 rgb255=255,255,255
195 79 rgb255=255,255,255
0 78 rgb255=255,255,255
1 78 rgb255=255,255,255
2 78 rgb255=255,255,255
3 78 rgb255=255,255,255
4 78 rgb255=255,255,255
5 78 rgb255=255,255,255
6 78 rgb255=255,255,255
7 78 rgb255=255,255,255
8 78 rgb255=255,255,255
9 78 rgb255=255,255,255
10 78 rgb255=255,255,255
11 78 rgb255=255,255,255
12 78 rgb255=255,255,255
13 78 rgb255=255,255,255
14 78 rgb255=255,255,255
15 78 rgb255=255,255,255
16 78 rgb255=255,255,255
17 78 rgb255=255,255,255
18 78 rgb255=255,255,255
19 78 rgb255=255,255,255
20 78 rgb255=255,255,255
21 78 rgb255=255,255,255
22 78 rgb255=255,255,255
23 78 rgb255=255,255,255
24 78 rgb255=255,255,255
25 78 rgb255=255,255,255
26 78 rgb255=255,255,255
27 78 rgb255=255,255,255
28 78 rgb255=255,255,255
29 78 rgb255=255,255,255
30 78 rgb255=255,255,255
31 78 rgb255=255,255,255
32 78 rgb255=255,255,255
33 78 rgb255=255,255,255
34 78 rgb255=255,255,255
35 78 rgb255=255,255,255
36 78 rgb255=255,255,255
37 78 rgb255=255,255,255
38 78 rgb255=255,255,255
39 78 rgb255=255,255,255
40 78 rgb255=255,255,255
41 78 rgb255=255,255,255
42 78 rgb255=255,255,255
43 78 rgb255=255,255,255
44 78 rgb255=255,255,255
45 78 rgb255=255,255,255
46 78 rgb255=255,255,255
47 78 rgb255=255,255,255
48 78 rgb255=255,255,255
49 78 rgb255=255,255,255
50 78 rgb255=255,255,255
51 78 rgb255=255,255,255
52 78 rgb255=255,255,255
53 78 rgb255=255,255,255
54 78 rgb255=255,255,255
55 78 rgb255=255,255,255
56 78 rgb255=255,255,255
57 78 rgb255=255,255,255
58 78 rgb255=255,255,255
59 78 rgb255=255,255,255
60 78 rgb255=255,255,255
61 78 rgb255=255,255,255
62 78 rgb255=255,255,255
63 78 rgb255=255,255,255
64 78 rgb255=255,255,255
65 78 rgb255=255,255,255
66 78 rgb255=255,255,255
67 78 rgb255=255,255,255
68 78 rgb255=255,255,255
69 78 rgb255=255,255,255
70 78 rgb255=255,255,255
71 78 rgb255=255,255,255
72 78 rgb255=255,255,255
73 78 rgb255=255,255,255
74 78 rgb255=255,255,255
75 78 rgb255=255,255,255
76 78 rgb255=255,255,255
77 78 rgb255=255,255,255
78 78 rgb255=255,255,255
79 78 rgb255=255,255,255
80 78 rgb255=255,255,255
81 78 rgb255=255,255,255
82 78 rgb255=255,255,255
83 78 rgb255=255,255,255
84 78 rgb255=255,255,255
85 78 rgb255=255,255,255
86 78 rgb255=255,255,255
87 78 rgb255=255,255,255
88 78 rgb255=255,255,255
89 78 rgb255=255,255,255
90 78 rgb255=255,255,255
91 78 rgb255=255,255,255
92 78 rgb255=255,255,255
93 78 rgb255=255,255,255
94 78 rgb255=255,255,255
95 78 rgb255=255,255,255
96 78 rgb255=255,255,255
97 78 rgb255=255,255,255
98 78 rgb255=255,255,255
99 78 rgb255=255,255,255
100 78 rgb255=255,255,255
101 78 rgb255=255,255,255
102 78 rgb255=255,255,255
103 78 rgb255=255,255,255
104 78 rgb255=255,255,255
105 78 rgb255=255,255,255
106 78 rgb255=255,255,255
107 78 rgb255=255,255,255
108 78 rgb255=255,255,255
109 78 rgb255=255,255,255
110 78 rgb255=255,255,255
111 78 rgb255=255,255,255
112 78 rgb255=255,255,255
113 78 rgb255=255,255,255
114 78 rgb255=255,255,255
115 78 rgb255=255,255,255
116 78 rgb255=255,255,255
117 78 rgb255=255,255,255
118 78 rgb255=255,255,255
119 78 rgb255=255,255,255
120 78 rgb255=255,255,255
121 78 rgb255=255,255,255
122 78 rgb255=255,255,255
123 78 rgb255=255,255,255
124 78 rgb255=255,255,255
125 78 rgb255=255,255,255
126 78 rgb255=255,255,255
127 78 rgb255=255,255,255
128 78 rgb255=255,255,255
129 78 rgb255=255,255,255
130 78 rgb255=255,255,255
131 78 rgb255=255,255,255
132 78 rgb255=255,255,255
133 78 rgb255=255,255,255
134 78 rgb255=255,255,255
135 78 rgb255=255,255,255
136 78 rgb255=255,255,255
137 78 rgb255=255,255,255
138 78 rgb255=255,255,255
139 78 rgb255=255,255,255
140 78 rgb255=255,255,255
141 78 rgb255=255,255,255
142 78 rgb255=255,255,255
143 78 rgb255=255,255,255
144 78 rgb255=255,255,255
145 78 rgb255=255,255,255
146 78 rgb255=255,255,255
147 78 rgb255=255,255,255
148 78 rgb255=255,255,255
149 78 rgb255=255,255,255
150 78 rgb255=255,255,255
151 78 rgb255=255,255,255
152 78 rgb255=255,255,255
153 78 rgb255=255,255,255
154 78 rgb255=255,255,255
155 78 rgb255=255,255,255
156 78 rgb255=255,255,255
157 78 rgb255=255,255,255
158 78 rgb255=255,255,255
159 78 rgb255=255,255,255
160 78 rgb255=255,255,255
161 78 rgb255=255,255,255
162 78 rgb255=255,255,255
163 78 rgb255=255,255,255
164 78 rgb255=255,255,255
165 78 rgb255=255,255,255
166 78 rgb255=255,255,255
167 78 rgb255=255,255,255
168 78 rgb255=255,255,255
169 78 rgb255=255,255,255
170 78 rgb255=255,255,255
171 78 rgb255=255,255,255
172 78 rgb255=255,255,255
173 78 rgb255=255,255,255
174 78 rgb255=255,255,255
175 78 rgb255=255,255,255
176 78 rgb255=255,255,255
177 78 rgb255=255,255,255
178 78 rgb255=255,255,255
179 78 rgb255=255,255,255
180 78 rgb255=255,255,255
181 78 rgb255=255,255,255
182 78 rgb255=255,255,255
183 78 rgb255=255,255,255
184 78 rgb255=255,255,255
185 78 rgb255=255,255,255
186 78 rgb255=255,255,255
187 78 rgb255=255,255,255
188 78 rgb255=255,255,255
189 78 rgb255=255,255,255
190 78 rgb255=255,255,255
191 78 rgb255=255,255,255
192 78 rgb255=255,255,255
193 78 rgb255=255,255,255
194 78 rgb255=255,255,255
195 78 rgb255=255,255,255
0 77 rgb255=255,255,255
1 77 rgb255=255,255,255
2 77 rgb255=255,255,255
3 77 rgb255=255,255,255
4 77 rgb255=255,255,255
5 77 rgb255=255,255,255
6 77 rgb255=255,255,255
7 77 rgb255=255,255,255
8 77 rgb255=255,255,255
9 77 rgb255=255,255,255
10 77 rgb255=255,255,255
11 77 rgb255=255,255,255
12 77 rgb255=255,255,255
13 77 rgb255=255,255,255
14 77 rgb255=255,255,255
15 77 rgb255=255,255,255
16 77 rgb255=255,255,255
17 77 rgb255=255,255,255
18 77 rgb255=255,255,255
19 77 rgb255=255,255,255
20 77 rgb255=255,255,255
21 77 rgb255=255,255,255
22 77 rgb255=255,255,255
23 77 rgb255=255,255,255
24 77 rgb255=255,255,255
25 77 rgb255=255,255,255
26 77 rgb255=255,255,255
27 77 rgb255=255,255,255
28 77 rgb255=255,255,255
29 77 rgb255=255,255,255
30 77 rgb255=255,255,255
31 77 rgb255=255,255,255
32 77 rgb255=255,255,255
33 77 rgb255=255,255,255
34 77 rgb255=255,255,255
35 77 rgb255=255,255,255
36 77 rgb255=255,255,255
37 77 rgb255=255,255,255
38 77 rgb255=255,255,255
39 77 rgb255=255,255,255
40 77 rgb255=255,255,255
41 77 rgb255=255,255,255
42 77 rgb255=255,255,255
43 77 rgb255=255,255,255
44 77 rgb255=255,255,255
45 77 rgb255=255,255,255
46 77 rgb255=255,255,255
47 77 rgb255=255,255,255
48 77 rgb255=255,255,255
49 77 rgb255=255,255,255
50 77 rgb255=255,255,255
51 77 rgb255=255,255,255
52 77 rgb255=255,255,255
53 77 rgb255=255,255,255
54 77 rgb255=255,255,255
55 77 rgb255=255,255,255
56 77 rgb255=255,255,255
57 77 rgb255=255,255,255
58 77 rgb255=255,255,255
59 77 rgb255=255,255,255
60 77 rgb255=255,255,255
61 77 rgb255=255,255,255
62 77 rgb255=255,255,255
63 77 rgb255=255,255,255
64 77 rgb255=255,255,255
65 77 rgb255=255,255,255
66 77 rgb255=255,255,255
67 77 rgb255=255,255,255
68 77 rgb255=255,255,255
69 77 rgb255=255,255,255
70 77 rgb255=255,255,255
71 77 rgb255=255,255,255
72 77 rgb255=255,255,255
73 77 rgb255=255,255,255
74 77 rgb255=255,255,255
75 77 rgb255=255,255,255
76 77 rgb255=255,255,255
77 77 rgb255=255,255,255
78 77 rgb255=255,255,255
79 77 rgb255=255,255,255
80 77 rgb255=255,255,255
81 77 rgb255=255,255,255
82 77 rgb255=255,255,255
83 77 rgb255=255,255,255
84 77 rgb255=255,255,255
85 77 rgb255=255,255,255
86 77 rgb255=255,255,255
87 77 rgb255=255,255,255
88 77 rgb255=255,255,255
89 77 rgb255=255,255,255
90 77 rgb255=255,255,255
91 77 rgb255=255,255,255
92 77 rgb255=255,255,255
93 77 rgb255=255,255,255
94 77 rgb255=255,255,255
95 77 rgb255=255,255,255
96 77 rgb255=255,255,255
97 77 rgb255=255,255,255
98 77 rgb255=255,255,255
99 77 rgb255=255,255,255
100 77 rgb255=255,255,255
101 77 rgb255=255,255,255
102 77 rgb255=255,255,255
103 77 rgb255=255,255,255
104 77 rgb255=255,255,255
105 77 rgb255=255,255,255
106 77 rgb255=255,255,255
107 77 rgb255=255,255,255
108 77 rgb255=255,255,255
109 77 rgb255=255,255,255
110 77 rgb255=255,255,255
111 77 rgb255=255,255,255
112 77 rgb255=255,255,255
113 77 rgb255=255,255,255
114 77 rgb255=255,255,255
115 77 rgb255=255,255,255
116 77 rgb255=255,255,255
117 77 rgb255=255,255,255
118 77 rgb255=255,255,255
119 77 rgb255=255,255,255
120 77 rgb255=255,255,255
121 77 rgb255=255,255,255
122 77 rgb255=255,255,255
123 77 rgb255=255,255,255
124 77 rgb255=255,255,255
125 77 rgb255=255,255,255
126 77 rgb255=255,255,255
127 77 rgb255=255,255,255
128 77 rgb255=255,255,255
129 77 rgb255=255,255,255
130 77 rgb255=255,255,255
131 77 rgb255=255,255,255
132 77 rgb255=255,255,255
133 77 rgb255=255,255,255
134 77 rgb255=255,255,255
135 77 rgb255=255,255,255
136 77 rgb255=255,255,255
137 77 rgb255=255,255,255
138 77 rgb255=255,255,255
139 77 rgb255=255,255,255
140 77 rgb255=255,255,255
141 77 rgb255=255,255,255
142 77 rgb255=255,255,255
143 77 rgb255=255,255,255
144 77 rgb255=255,255,255
145 77 rgb255=255,255,255
146 77 rgb255=255,255,255
147 77 rgb255=255,255,255
148 77 rgb255=255,255,255
149 77 rgb255=255,255,255
150 77 rgb255=255,255,255
151 77 rgb255=255,255,255
152 77 rgb255=255,255,255
153 77 rgb255=255,255,255
154 77 rgb255=255,255,255
155 77 rgb255=255,255,255
156 77 rgb255=255,255,255
157 77 rgb255=255,255,255
158 77 rgb255=255,255,255
159 77 rgb255=255,255,255
160 77 rgb255=255,255,255
161 77 rgb255=255,255,255
162 77 rgb255=255,255,255
163 77 rgb255=255,255,255
164 77 rgb255=255,255,255
165 77 rgb255=255,255,255
166 77 rgb255=255,255,255
167 77 rgb255=255,255,255
168 77 rgb255=255,255,255
169 77 rgb255=255,255,255
170 77 rgb255=255,255,255
171 77 rgb255=255,255,255
172 77 rgb255=255,255,255
173 77 rgb255=255,255,255
174 77 rgb255=255,255,255
175 77 rgb255=255,255,255
176 77 rgb255=255,255,255
177 77 rgb255=255,255,255
178 77 rgb255=255,255,255
179 77 rgb255=255,255,255
180 77 rgb255=255,255,255
181 77 rgb255=255,255,255
182 77 rgb255=255,255,255
183 77 rgb255=255,255,255
184 77 rgb255=255,255,255
185 77 rgb255=255,255,255
186 77 rgb255=255,255,255
187 77 rgb255=255,255,255
188 77 rgb255=255,255,255
189 77 rgb255=255,255,255
190 77 rgb255=255,255,255
191 77 rgb255=255,255,255
192 77 rgb255=255,255,255
193 77 rgb255=255,255,255
194 77 rgb255=255,255,255
195 77 rgb255=255,255,255
0 76 rgb255=255,255,255
1 76 rgb255=255,255,255
2 76 rgb255=255,255,255
3 76 rgb255=255,255,255
4 76 rgb255=255,255,255
5 76 rgb255=255,255,255
6 76 rgb255=255,255,255
7 76 rgb255=255,255,255
8 76 rgb255=255,255,255
9 76 rgb255=255,255,255
10 76 rgb255=255,255,255
11 76 rgb255=255,255,255
12 76 rgb255=255,255,255
13 76 rgb255=255,255,255
14 76 rgb255=255,255,255
15 76 rgb255=255,255,255
16 76 rgb255=255,255,255
17 76 rgb255=255,255,255
18 76 rgb255=255,255,255
19 76 rgb255=255,255,255
20 76 rgb255=255,255,255
21 76 rgb255=255,255,255
22 76 rgb255=255,255,255
23 76 rgb255=255,255,255
24 76 rgb255=255,255,255
25 76 rgb255=255,255,255
26 76 rgb255=255,255,255
27 76 rgb255=255,255,255
28 76 rgb255=255,255,255
29 76 rgb255=255,255,255
30 76 rgb255=255,255,255
31 76 rgb255=255,255,255
32 76 rgb255=255,255,255
33 76 rgb255=255,255,255
34 76 rgb255=255,255,255
35 76 rgb255=255,255,255
36 76 rgb255=255,255,255
37 76 rgb255=255,255,255
38 76 rgb255=255,255,255
39 76 rgb255=255,255,255
40 76 rgb255=255,255,255
41 76 rgb255=255,255,255
42 76 rgb255=255,255,255
43 76 rgb255=255,255,255
44 76 rgb255=255,255,255
45 76 rgb255=255,255,255
46 76 rgb255=255,255,255
47 76 rgb255=255,255,255
48 76 rgb255=255,255,255
49 76 rgb255=255,255,255
50 76 rgb255=255,255,255
51 76 rgb255=255,255,255
52 76 rgb255=255,255,255
53 76 rgb255=255,255,255
54 76 rgb255=255,255,255
55 76 rgb255=255,255,255
56 76 rgb255=255,255,255
57 76 rgb255=255,255,255
58 76 rgb255=255,255,255
59 76 rgb255=255,255,255
60 76 rgb255=255,255,255
61 76 rgb255=255,255,255
62 76 rgb255=255,255,255
63 76 rgb255=255,255,255
64 76 rgb255=255,255,255
65 76 rgb255=255,255,255
66 76 rgb255=255,255,255
67 76 rgb255=255,255,255
68 76 rgb255=255,255,255
69 76 rgb255=255,255,255
70 76 rgb255=255,255,255
71 76 rgb255=255,255,255
72 76 rgb255=255,255,255
73 76 rgb255=255,255,255
74 76 rgb255=255,255,255
75 76 rgb255=255,255,255
76 76 rgb255=255,255,255
77 76 rgb255=255,255,255
78 76 rgb255=255,255,255
79 76 rgb255=255,255,255
80 76 rgb255=255,255,255
81 76 rgb255=255,255,255
82 76 rgb255=255,255,255
83 76 rgb255=255,255,255
84 76 rgb255=255,255,255
85 76 rgb255=255,255,255
86 76 rgb255=255,255,255
87 76 rgb255=255,255,255
88 76 rgb255=255,255,255
89 76 rgb255=255,255,255
90 76 rgb255=255,255,255
91 76 rgb255=255,255,255
92 76 rgb255=255,255,255
93 76 rgb255=255,255,255
94 76 rgb255=255,255,255
95 76 rgb255=255,255,255
96 76 rgb255=255,255,255
97 76 rgb255=255,255,255
98 76 rgb255=255,255,255
99 76 rgb255=255,255,255
100 76 rgb255=255,255,255
101 76 rgb255=255,255,255
102 76 rgb255=255,255,255
103 76 rgb255=255,255,255
104 76 rgb255=255,255,255
105 76 rgb255=255,255,255
106 76 rgb255=255,255,255
107 76 rgb255=255,255,255
108 76 rgb255=255,255,255
109 76 rgb255=255,255,255
110 76 rgb255=255,255,255
111 76 rgb255=255,255,255
112 76 rgb255=255,255,255
113 76 rgb255=255,255,255
114 76 rgb255=255,255,255
115 76 rgb255=255,255,255
116 76 rgb255=255,255,255
117 76 rgb255=255,255,255
118 76 rgb255=255,255,255
119 76 rgb255=255,255,255
120 76 rgb255=255,255,255
121 76 rgb255=255,255,255
122 76 rgb255=255,255,255
123 76 rgb255=255,255,255
124 76 rgb255=255,255,255
125 76 rgb255=255,255,255
126 76 rgb255=255,255,255
127 76 rgb255=255,255,255
128 76 rgb255=255,255,255
129 76 rgb255=255,255,255
130 76 rgb255=255,255,255
131 76 rgb255=255,255,255
132 76 rgb255=255,255,255
133 76 rgb255=255,255,255
134 76 rgb255=255,255,255
135 76 rgb255=255,255,255
136 76 rgb255=255,255,255
137 76 rgb255=255,255,255
138 76 rgb255=255,255,255
139 76 rgb255=255,255,255
140 76 rgb255=255,255,255
141 76 rgb255=255,255,255
142 76 rgb255=255,255,255
143 76 rgb255=255,255,255
144 76 rgb255=255,255,255
145 76 rgb255=255,255,255
146 76 rgb255=255,255,255
147 76 rgb255=255,255,255
148 76 rgb255=255,255,255
149 76 rgb255=255,255,255
150 76 rgb255=255,255,255
151 76 rgb255=255,255,255
152 76 rgb255=255,255,255
153 76 rgb255=255,255,255
154 76 rgb255=255,255,255
155 76 rgb255=255,255,255
156 76 rgb255=255,255,255
157 76 rgb255=255,255,255
158 76 rgb255=255,255,255
159 76 rgb255=255,255,255
160 76 rgb255=255,255,255
161 76 rgb255=255,255,255
162 76 rgb255=255,255,255
163 76 rgb255=255,255,255
164 76 rgb255=255,255,255
165 76 rgb255=255,255,255
166 76 rgb255=255,255,255
167 76 rgb255=255,255,255
168 76 rgb255=255,255,255
169 76 rgb255=255,255,255
170 76 rgb255=255,255,255
171 76 rgb255=255,255,255
172 76 rgb255=255,255,255
173 76 rgb255=255,255,255
174 76 rgb255=255,255,255
175 76 rgb255=255,255,255
176 76 rgb255=255,255,255
177 76 rgb255=255,255,255
178 76 rgb255=255,255,255
179 76 rgb255=255,255,255
180 76 rgb255=255,255,255
181 76 rgb255=255,255,255
182 76 rgb255=255,255,255
183 76 rgb255=255,255,255
184 76 rgb255=255,255,255
185 76 rgb255=255,255,255
186 76 rgb255=255,255,255
187 76 rgb255=255,255,255
188 76 rgb255=255,255,255
189 76 rgb255=255,255,255
190 76 rgb255=255,255,255
191 76 rgb255=255,255,255
192 76 rgb255=255,255,255
193 76 rgb255=255,255,255
194 76 rgb255=255,255,255
195 76 rgb255=255,255,255
0 75 rgb255=255,255,255
1 75 rgb255=255,255,255
2 75 rgb255=255,255,255
3 75 rgb255=255,255,255
4 75 rgb255=255,255,255
5 75 rgb255=255,255,255
6 75 rgb255=255,255,255
7 75 rgb255=255,255,255
8 75 rgb255=255,255,255
9 75 rgb255=255,255,255
10 75 rgb255=255,255,255
11 75 rgb255=255,255,255
12 75 rgb255=255,255,255
13 75 rgb255=255,255,255
14 75 rgb255=255,255,255
15 75 rgb255=255,255,255
16 75 rgb255=255,255,255
17 75 rgb255=255,255,255
18 75 rgb255=255,255,255
19 75 rgb255=255,255,255
20 75 rgb255=255,255,255
21 75 rgb255=255,255,255
22 75 rgb255=255,255,255
23 75 rgb255=255,255,255
24 75 rgb255=255,255,255
25 75 rgb255=255,255,255
26 75 rgb255=255,255,255
27 75 rgb255=255,255,255
28 75 rgb255=255,255,255
29 75 rgb255=255,255,255
30 75 rgb255=255,255,255
31 75 rgb255=255,255,255
32 75 rgb255=255,255,255
33 75 rgb255=255,255,255
34 75 rgb255=255,255,255
35 75 rgb255=255,255,255
36 75 rgb255=255,255,255
37 75 rgb255=255,255,255
38 75 rgb255=255,255,255
39 75 rgb255=255,255,255
40 75 rgb255=255,255,255
41 75 rgb255=255,255,255
42 75 rgb255=255,255,255
43 75 rgb255=255,255,255
44 75 rgb255=255,255,255
45 75 rgb255=255,255,255
46 75 rgb255=255,255,255
47 75 rgb255=255,255,255
48 75 rgb255=255,255,255
49 75 rgb255=255,255,255
50 75 rgb255=255,255,255
51 75 rgb255=255,255,255
52 75 rgb255=255,255,255
53 75 rgb255=255,255,255
54 75 rgb255=255,255,255
55 75 rgb255=255,255,255
56 75 rgb255=255,255,255
57 75 rgb255=255,255,255
58 75 rgb255=255,255,255
59 75 rgb255=255,255,255
60 75 rgb255=255,255,255
61 75 rgb255=255,255,255
62 75 rgb255=255,255,255
63 75 rgb255=255,255,255
64 75 rgb255=255,255,255
65 75 rgb255=255,255,255
66 75 rgb255=255,255,255
67 75 rgb255=255,255,255
68 75 rgb255=255,255,255
69 75 rgb255=255,255,255
70 75 rgb255=255,255,255
71 75 rgb255=255,255,255
72 75 rgb255=255,255,255
73 75 rgb255=255,255,255
74 75 rgb255=255,255,255
75 75 rgb255=255,255,255
76 75 rgb255=255,255,255
77 75 rgb255=255,255,255
78 75 rgb255=255,255,255
79 75 rgb255=255,255,255
80 75 rgb255=255,255,255
81 75 rgb255=255,255,255
82 75 rgb255=255,255,255
83 75 rgb255=255,255,255
84 75 rgb255=255,255,255
85 75 rgb255=255,255,255
86 75 rgb255=255,255,255
87 75 rgb255=255,255,255
88 75 rgb255=255,255,255
89 75 rgb255=255,255,255
90 75 rgb255=255,255,255
91 75 rgb255=255,255,255
92 75 rgb255=255,255,255
93 75 rgb255=255,255,255
94 75 rgb255=255,255,255
95 75 rgb255=255,255,255
96 75 rgb255=255,255,255
97 75 rgb255=255,255,255
98 75 rgb255=255,255,255
99 75 rgb255=255,255,255
100 75 rgb255=255,255,255
101 75 rgb255=255,255,255
102 75 rgb255=255,255,255
103 75 rgb255=255,255,255
104 75 rgb255=255,255,255
105 75 rgb255=255,255,255
106 75 rgb255=255,255,255
107 75 rgb255=255,255,255
108 75 rgb255=255,255,255
109 75 rgb255=255,255,255
110 75 rgb255=255,255,255
111 75 rgb255=255,255,255
112 75 rgb255=255,255,255
113 75 rgb255=255,255,255
114 75 rgb255=255,255,255
115 75 rgb255=255,255,255
116 75 rgb255=255,255,255
117 75 rgb255=255,255,255
118 75 rgb255=255,255,255
119 75 rgb255=255,255,255
120 75 rgb255=255,255,255
121 75 rgb255=255,255,255
122 75 rgb255=255,255,255
123 75 rgb255=255,255,255
124 75 rgb255=255,255,255
125 75 rgb255=255,255,255
126 75 rgb255=255,255,255
127 75 rgb255=255,255,255
128 75 rgb255=255,255,255
129 75 rgb255=255,255,255
130 75 rgb255=255,255,255
131 75 rgb255=255,255,255
132 75 rgb255=255,255,255
133 75 rgb255=255,255,255
134 75 rgb255=255,255,255
135 75 rgb255=255,255,255
136 75 rgb255=255,255,255
137 75 rgb255=255,255,255
138 75 rgb255=255,255,255
139 75 rgb255=255,255,255
140 75 rgb255=255,255,255
141 75 rgb255=255,255,255
142 75 rgb255=255,255,255
143 75 rgb255=255,255,255
144 75 rgb255=255,255,255
145 75 rgb255=255,255,255
146 75 rgb255=255,255,255
147 75 rgb255=255,255,255
148 75 rgb255=255,255,255
149 75 rgb255=255,255,255
150 75 rgb255=255,255,255
151 75 rgb255=255,255,255
152 75 rgb255=255,255,255
153 75 rgb255=255,255,255
154 75 rgb255=255,255,255
155 75 rgb255=255,255,255
156 75 rgb255=255,255,255
157 75 rgb255=255,255,255
158 75 rgb255=255,255,255
159 75 rgb255=255,255,255
160 75 rgb255=255,255,255
161 75 rgb255=255,255,255
162 75 rgb255=255,255,255
163 75 rgb255=255,255,255
164 75 rgb255=255,255,255
165 75 rgb255=255,255,255
166 75 rgb255=255,255,255
167 75 rgb255=255,255,255
168 75 rgb255=255,255,255
169 75 rgb255=255,255,255
170 75 rgb255=255,255,255
171 75 rgb255=255,255,255
172 75 rgb255=255,255,255
173 75 rgb255=255,255,255
174 75 rgb255=255,255,255
175 75 rgb255=255,255,255
176 75 rgb255=255,255,255
177 75 rgb255=255,255,255
178 75 rgb255=255,255,255
179 75 rgb255=255,255,255
180 75 rgb255=255,255,255
181 75 rgb255=255,255,255
182 75 rgb255=255,255,255
183 75 rgb255=255,255,255
184 75 rgb255=255,255,255
185 75 rgb255=255,255,255
186 75 rgb255=255,255,255
187 75 rgb255=255,255,255
188 75 rgb255=255,255,255
189 75 rgb255=255,255,255
190 75 rgb255=255,255,255
191 75 rgb255=255,255,255
192 75 rgb255=255,255,255
193 75 rgb255=255,255,255
194 75 rgb255=255,255,255
195 75 rgb255=255,255,255
0 74 rgb255=255,255,255
1 74 rgb255=255,255,255
2 74 rgb255=255,255,255
3 74 rgb255=255,255,255
4 74 rgb255=255,255,255
5 74 rgb255=255,255,255
6 74 rgb255=255,255,255
7 74 rgb255=255,255,255
8 74 rgb255=255,255,255
9 74 rgb255=255,255,255
10 74 rgb255=255,255,255
11 74 rgb255=255,255,255
12 74 rgb255=255,255,255
13 74 rgb255=255,255,255
14 74 rgb255=255,255,255
15 74 rgb255=255,255,255
16 74 rgb255=255,255,255
17 74 rgb255=255,255,255
18 74 rgb255=255,255,255
19 74 rgb255=255,255,255
20 74 rgb255=255,255,255
21 74 rgb255=255,255,255
22 74 rgb255=255,255,255
23 74 rgb255=255,255,255
24 74 rgb255=255,255,255
25 74 rgb255=255,255,255
26 74 rgb255=255,255,255
27 74 rgb255=255,255,255
28 74 rgb255=255,255,255
29 74 rgb255=255,255,255
30 74 rgb255=255,255,255
31 74 rgb255=255,255,255
32 74 rgb255=255,255,255
33 74 rgb255=255,255,255
34 74 rgb255=255,255,255
35 74 rgb255=255,255,255
36 74 rgb255=255,255,255
37 74 rgb255=255,255,255
38 74 rgb255=255,255,255
39 74 rgb255=255,255,255
40 74 rgb255=255,255,255
41 74 rgb255=255,255,255
42 74 rgb255=255,255,255
43 74 rgb255=255,255,255
44 74 rgb255=255,255,255
45 74 rgb255=255,255,255
46 74 rgb255=255,255,255
47 74 rgb255=255,255,255
48 74 rgb255=255,255,255
49 74 rgb255=255,255,255
50 74 rgb255=255,255,255
51 74 rgb255=255,255,255
52 74 rgb255=255,255,255
53 74 rgb255=255,255,255
54 74 rgb255=255,255,255
55 74 rgb255=255,255,255
56 74 rgb255=255,255,255
57 74 rgb255=255,255,255
58 74 rgb255=255,255,255
59 74 rgb255=255,255,255
60 74 rgb255=255,255,255
61 74 rgb255=255,255,255
62 74 rgb255=255,255,255
63 74 rgb255=255,255,255
64 74 rgb255=255,255,255
65 74 rgb255=255,255,255
66 74 rgb255=255,255,255
67 74 rgb255=255,255,255
68 74 rgb255=255,255,255
69 74 rgb255=255,255,255
70 74 rgb255=255,255,255
71 74 rgb255=255,255,255
72 74 rgb255=255,255,255
73 74 rgb255=255,255,255
74 74 rgb255=255,255,255
75 74 rgb255=255,255,255
76 74 rgb255=255,255,255
77 74 rgb255=255,255,255
78 74 rgb255=255,255,255
79 74 rgb255=255,255,255
80 74 rgb255=255,255,255
81 74 rgb255=255,255,255
82 74 rgb255=255,255,255
83 74 rgb255=255,255,255
84 74 rgb255=255,255,255
85 74 rgb255=255,255,255
86 74 rgb255=255,255,255
87 74 rgb255=255,255,255
88 74 rgb255=255,255,255
89 74 rgb255=255,255,255
90 74 rgb255=255,255,255
91 74 rgb255=255,255,255
92 74 rgb255=255,255,255
93 74 rgb255=255,255,255
94 74 rgb255=255,255,255
95 74 rgb255=255,255,255
96 74 rgb255=255,255,255
97 74 rgb255=255,255,255
98 74 rgb255=255,255,255
99 74 rgb255=255,255,255
100 74 rgb255=255,255,255
101 74 rgb255=255,255,255
102 74 rgb255=255,255,255
103 74 rgb255=255,255,255
104 74 rgb255=255,255,255
105 74 rgb255=255,255,255
106 74 rgb255=255,255,255
107 74 rgb255=255,255,255
108 74 rgb255=255,255,255
109 74 rgb255=255,255,255
110 74 rgb255=255,255,255
111 74 rgb255=255,255,255
112 74 rgb255=255,255,255
113 74 rgb255=255,255,255
114 74 rgb255=255,255,255
115 74 rgb255=255,255,255
116 74 rgb255=255,255,255
117 74 rgb255=255,255,255
118 74 rgb255=255,255,255
119 74 rgb255=255,255,255
120 74 rgb255=255,255,255
121 74 rgb255=255,255,255
122 74 rgb255=255,255,255
123 74 rgb255=255,255,255
124 74 rgb255=255,255,255
125 74 rgb255=255,255,255
126 74 rgb255=255,255,255
127 74 rgb255=255,255,255
128 74 rgb255=255,255,255
129 74 rgb255=255,255,255
130 74 rgb255=255,255,255
131 74 rgb255=255,255,255
132 74 rgb255=255,255,255
133 74 rgb255=255,255,255
134 74 rgb255=255,255,255
135 74 rgb255=255,255,255
136 74 rgb255=255,255,255
137 74 rgb255=255,255,255
138 74 rgb255=255,255,255
139 74 rgb255=255,255,255
140 74 rgb255=255,255,255
141 74 rgb255=255,255,255
142 74 rgb255=255,255,255
143 74 rgb255=255,255,255
144 74 rgb255=255,255,255
145 74 rgb255=255,255,255
146 74 rgb255=255,255,255
147 74 rgb255=255,255,255
148 74 rgb255=255,255,255
149 74 rgb255=255,255,255
150 74 rgb255=255,255,255
151 74 rgb255=255,255,255
152 74 rgb255=255,255,255
153 74 rgb255=255,255,255
154 74 rgb255=255,255,255
155 74 rgb255=255,255,255
156 74 rgb255=255,255,255
157 74 rgb255=255,255,255
158 74 rgb255=255,255,255
159 74 rgb255=255,255,255
160 74 rgb255=255,255,255
161 74 rgb255=255,255,255
162 74 rgb255=255,255,255
163 74 rgb255=255,255,255
164 74 rgb255=255,255,255
165 74 rgb255=255,255,255
166 74 rgb255=255,255,255
167 74 rgb255=255,255,255
168 74 rgb255=255,255,255
169 74 rgb255=255,255,255
170 74 rgb255=255,255,255
171 74 rgb255=255,255,255
172 74 rgb255=255,255,255
173 74 rgb255=255,255,255
174 74 rgb255=255,255,255
175 74 rgb255=255,255,255
176 74 rgb255=255,255,255
177 74 rgb255=255,255,255
178 74 rgb255=255,255,255
179 74 rgb255=255,255,255
180 74 rgb255=255,255,255
181 74 rgb255=255,255,255
182 74 rgb255=255,255,255
183 74 rgb255=255,255,255
184 74 rgb255=255,255,255
185 74 rgb255=255,255,255
186 74 rgb255=255,255,255
187 74 rgb255=255,255,255
188 74 rgb255=255,255,255
189 74 rgb255=255,255,255
190 74 rgb255=255,255,255
191 74 rgb255=255,255,255
192 74 rgb255=255,255,255
193 74 rgb255=255,255,255
194 74 rgb255=255,255,255
195 74 rgb255=255,255,255
0 73 rgb255=255,255,255
1 73 rgb255=255,255,255
2 73 rgb255=255,255,255
3 73 rgb255=255,255,255
4 73 rgb255=255,255,255
5 73 rgb255=255,255,255
6 73 rgb255=255,255,255
7 73 rgb255=255,255,255
8 73 rgb255=255,255,255
9 73 rgb255=255,255,255
10 73 rgb255=255,255,255
11 73 rgb255=255,255,255
12 73 rgb255=255,255,255
13 73 rgb255=255,255,255
14 73 rgb255=255,255,255
15 73 rgb255=255,255,255
16 73 rgb255=255,255,255
17 73 rgb255=255,255,255
18 73 rgb255=255,255,255
19 73 rgb255=255,255,255
20 73 rgb255=255,255,255
21 73 rgb255=255,255,255
22 73 rgb255=255,255,255
23 73 rgb255=255,255,255
24 73 rgb255=255,255,255
25 73 rgb255=255,255,255
26 73 rgb255=255,255,255
27 73 rgb255=255,255,255
28 73 rgb255=255,255,255
29 73 rgb255=255,255,255
30 73 rgb255=255,255,255
31 73 rgb255=255,255,255
32 73 rgb255=255,255,255
33 73 rgb255=255,255,255
34 73 rgb255=255,255,255
35 73 rgb255=255,255,255
36 73 rgb255=255,255,255
37 73 rgb255=255,255,255
38 73 rgb255=255,255,255
39 73 rgb255=255,255,255
40 73 rgb255=255,255,255
41 73 rgb255=255,255,255
42 73 rgb255=255,255,255
43 73 rgb255=255,255,255
44 73 rgb255=255,255,255
45 73 rgb255=255,255,255
46 73 rgb255=255,255,255
47 73 rgb255=255,255,255
48 73 rgb255=255,255,255
49 73 rgb255=255,255,255
50 73 rgb255=255,255,255
51 73 rgb255=255,255,255
52 73 rgb255=255,255,255
53 73 rgb255=255,255,255
54 73 rgb255=255,255,255
55 73 rgb255=255,255,255
56 73 rgb255=255,255,255
57 73 rgb255=255,255,255
58 73 rgb255=255,255,255
59 73 rgb255=255,255,255
60 73 rgb255=255,255,255
61 73 rgb255=255,255,255
62 73 rgb255=255,255,255
63 73 rgb255=255,255,255
64 73 rgb255=255,255,255
65 73 rgb255=255,255,255
66 73 rgb255=255,255,255
67 73 rgb255=255,255,255
68 73 rgb255=255,255,255
69 73 rgb255=255,255,255
70 73 rgb255=255,255,255
71 73 rgb255=255,255,255
72 73 rgb255=255,255,255
73 73 rgb255=255,255,255
74 73 rgb255=255,255,255
75 73 rgb255=255,255,255
76 73 rgb255=255,255,255
77 73 rgb255=255,255,255
78 73 rgb255=255,255,255
79 73 rgb255=255,255,255
80 73 rgb255=255,255,255
81 73 rgb255=255,255,255
82 73 rgb255=255,255,255
83 73 rgb255=255,255,255
84 73 rgb255=255,255,255
85 73 rgb255=255,255,255
86 73 rgb255=255,255,255
87 73 rgb255=255,255,255
88 73 rgb255=255,255,255
89 73 rgb255=255,255,255
90 73 rgb255=255,255,255
91 73 rgb255=255,255,255
92 73 rgb255=255,255,255
93 73 rgb255=255,255,255
94 73 rgb255=255,255,255
95 73 rgb255=255,255,255
96 73 rgb255=255,255,255
97 73 rgb255=255,255,255
98 73 rgb255=255,255,255
99 73 rgb255=255,255,255
100 73 rgb255=255,255,255
101 73 rgb255=255,255,255
102 73 rgb255=255,255,255
103 73 rgb255=255,255,255
104 73 rgb255=255,255,255
105 73 rgb255=255,255,255
106 73 rgb255=255,255,255
107 73 rgb255=255,255,255
108 73 rgb255=255,255,255
109 73 rgb255=255,255,255
110 73 rgb255=255,255,255
111 73 rgb255=255,255,255
112 73 rgb255=255,255,255
113 73 rgb255=255,255,255
114 73 rgb255=255,255,255
115 73 rgb255=255,255,255
116 73 rgb255=255,255,255
117 73 rgb255=255,255,255
118 73 rgb255=255,255,255
119 73 rgb255=255,255,255
120 73 rgb255=255,255,255
121 73 rgb255=255,255,255
122 73 rgb255=255,255,255
123 73 rgb255=255,255,255
124 73 rgb255=255,255,255
125 73 rgb255=255,255,255
126 73 rgb255=255,255,255
127 73 rgb255=255,255,255
128 73 rgb255=255,255,255
129 73 rgb255=255,255,255
130 73 rgb255=255,255,255
131 73 rgb255=255,255,255
132 73 rgb255=255,255,255
133 73 rgb255=255,255,255
134 73 rgb255=255,255,255
135 73 rgb255=255,255,255
136 73 rgb255=255,255,255
137 73 rgb255=255,255,255
138 73 rgb255=255,255,255
139 73 rgb255=255,255,255
140 73 rgb255=255,255,255
141 73 rgb255=255,255,255
142 73 rgb255=255,255,255
143 73 rgb255=255,255,255
144 73 rgb255=255,255,255
145 73 rgb255=255,255,255
146 73 rgb255=255,255,255
147 73 rgb255=255,255,255
148 73 rgb255=255,255,255
149 73 rgb255=255,255,255
150 73 rgb255=255,255,255
151 73 rgb255=255,255,255
152 73 rgb255=255,255,255
153 73 rgb255=255,255,255
154 73 rgb255=255,255,255
155 73 rgb255=255,255,255
156 73 rgb255=255,255,255
157 73 rgb255=255,255,255
158 73 rgb255=255,255,255
159 73 rgb255=255,255,255
160 73 rgb255=255,255,255
161 73 rgb255=255,255,255
162 73 rgb255=255,255,255
163 73 rgb255=255,255,255
164 73 rgb255=255,255,255
165 73 rgb255=255,255,255
166 73 rgb255=255,255,255
167 73 rgb255=255,255,255
168 73 rgb255=255,255,255
169 73 rgb255=255,255,255
170 73 rgb255=255,255,255
171 73 rgb255=255,255,255
172 73 rgb255=255,255,255
173 73 rgb255=255,255,255
174 73 rgb255=255,255,255
175 73 rgb255=255,255,255
176 73 rgb255=255,255,255
177 73 rgb255=255,255,255
178 73 rgb255=255,255,255
179 73 rgb255=255,255,255
180 73 rgb255=255,255,255
181 73 rgb255=255,255,255
182 73 rgb255=255,255,255
183 73 rgb255=255,255,255
184 73 rgb255=255,255,255
185 73 rgb255=255,255,255
186 73 rgb255=255,255,255
187 73 rgb255=255,255,255
188 73 rgb255=255,255,255
189 73 rgb255=255,255,255
190 73 rgb255=255,255,255
191 73 rgb255=255,255,255
192 73 rgb255=255,255,255
193 73 rgb255=255,255,255
194 73 rgb255=255,255,255
195 73 rgb255=255,255,255
0 72 rgb255=122,159,186
1 72 rgb255=127,163,190
2 72 rgb255=134,170,197
3 72 rgb255=141,175,202
4 72 rgb255=150,182,207
5 72 rgb255=159,188,211
6 72 rgb255=168,195,218
7 72 rgb255=179,202,225
8 72 rgb255=193,211,229
9 72 rgb255=207,220,234
10 72 rgb255=222,231,239
11 72 rgb255=241,247,251
12 72 rgb255=252,255,255
13 72 rgb255=255,255,255
14 72 rgb255=255,254,255
15 72 rgb255=250,249,251
16 72 rgb255=239,241,245
17 72 rgb255=225,232,237
18 72 rgb255=214,225,232
19 72 rgb255=202,217,225
20 72 rgb255=191,208,218
21 72 rgb255=183,201,214
22 72 rgb255=173,195,209
23 72 rgb255=164,188,204
24 72 rgb255=155,182,200
25 72 rgb255=151,177,197
26 72 rgb255=145,171,191
27 72 rgb255=140,165,185
28 72 rgb255=136,161,181
29 72 rgb255=130,156,176
30 72 rgb255=124,149,169
31 72 rgb255=119,144,164
32 72 rgb255=255,255,255
33 72 rgb255=255,255,255
34 72 rgb255=255,255,255
35 72 rgb255=255,255,255
36 72 rgb255=255,255,255
37 72 rgb255=255,255,255
38 72 rgb255=255,255,255
39 72 rgb255=255,255,255
40 72 rgb255=255,255,255
41 72 rgb255=255,255,255
42 72 rgb255=255,255,255
43 72 rgb255=255,255,255
44 72 rgb255=255,255,255
45 72 rgb255=255,255,255
46 72 rgb255=255,255,255
47 72 rgb255=255,255,255
48 72 rgb255=255,255,255
49 72 rgb255=255,255,255
50 72 rgb255=255,255,255
51 72 rgb255=255,255,255
52 72 rgb255=255,255,255
53 72 rgb255=255,255,255
54 72 rgb255=255,255,255
55 72 rgb255=255,255,255
56 72 rgb255=255,255,255
57 72 rgb255=255,255,255
58 72 rgb255=255,252,248
59 72 rgb255=231,222,213
60 72 rgb255=176,168,163
61 72 rgb255=237,236,235
62 72 rgb255=255,255,255
63 72 rgb255=255,255,255
64 72 rgb255=255,255,255
65 72 rgb255=255,255,255
66 72 rgb255=255,255,255
67 72 rgb255=252,255,255
68 72 rgb255=242,252,252
69 72 rgb255=229,240,234
70 72 rgb255=195,205,193
71 72 rgb255=212,224,204
72 72 rgb255=182,194,167
73 72 rgb255=255,255,255
74 72 rgb255=255,255,255
75 72 rgb255=255,255,255
76 72 rgb255=255,255,255
77 72 rgb255=255,255,255
78 72 rgb255=255,255,255
79 72 rgb255=255,255,255
80 72 rgb255=255,255,255
81 72 rgb255=255,255,255
82 72 rgb255=245,245,245
83 72 rgb255=233,236,238
84 72 rgb255=222,228,232
85 72 rgb255=224,230,233
86 72 rgb255=242,243,243
87 72 rgb255=243,243,243
88 72 rgb255=236,236,236
89 72 rgb255=243,243,243
90 72 rgb255=239,240,241
91 72 rgb255=218,221,223
92 72 rgb255=207,210,212
93 72 rgb255=231,234,235
94 72 rgb255=240,243,245
95 72 rgb255=241,242,245
96 72 rgb255=236,235,237
97 72 rgb255=220,220,220
98 72 rgb255=218,218,215
99 72 rgb255=231,231,227
100 72 rgb255=239,239,239
101 72 rgb255=243,243,243
102 72 rgb255=252,252,252
103 72 rgb255=252,252,252
104 72 rgb255=251,251,251
105 72 rgb255=248,248,248
106 72 rgb255=236,236,236
107 72 rgb255=233,233,233
108 72 rgb255=238,238,238
109 72 rgb255=243,243,243
110 72 rgb255=252,252,252
111 72 rgb255=245,245,245
112 72 rgb255=246,246,246
113 72 rgb255=255,255,255
114 72 rgb255=255,255,255
115 72 rgb255=255,255,255
116 72 rgb255=255,255,255
117 72 rgb255=255,255,255
118 72 rgb255=255,255,255
119 72 rgb255=255,255,255
120 72 rgb255=255,255,255
121 72 rgb255=255,255,255
122 72 rgb255=255,255,255
123 72 rgb255=213,231,245
124 72 rgb255=211,229,243
125 72 rgb255=211,229,243
126 72 rgb255=211,229,243
127 72 rgb255=211,229,243
128 72 rgb255=211,229,243
129 72 rgb255=211,229,243
130 72 rgb255=211,229,243
131 72 rgb255=211,229,243
132 72 rgb255=211,229,243
133 72 rgb255=210,229,243
134 72 rgb255=210,230,241
135 72 rgb255=211,229,240
136 72 rgb255=209,230,240
137 72 rgb255=215,227,241
138 72 rgb255=214,227,242
139 72 rgb255=213,227,242
140 72 rgb255=214,227,242
141 72 rgb255=211,229,241
142 72 rgb255=214,227,239
143 72 rgb255=213,229,246
144 72 rgb255=210,211,213
145 72 rgb255=210,187,180
146 72 rgb255=211,228,233
147 72 rgb255=211,229,244
148 72 rgb255=211,229,243
149 72 rgb255=211,229,243
150 72 rgb255=211,229,243
151 72 rgb255=211,229,243
152 72 rgb255=211,229,243
153 72 rgb255=211,229,243
154 72 rgb255=213,231,245
155 72 rgb255=255,255,255
156 72 rgb255=255,255,255
157 72 rgb255=255,255,255
158 72 rgb255=255,255,255
159 72 rgb255=255,255,255
160 72 rgb255=255,255,255
161 72 rgb255=255,255,255
162 72 rgb255=255,255,255
163 72 rgb255=255,255,255
164 72 rgb255=124,194,221
165 72 rgb255=131,202,228
166 72 rgb255=135,206,228
167 72 rgb255=138,210,228
168 72 rgb255=140,213,228
169 72 rgb255=144,217,231
170 72 rgb255=148,221,231
171 72 rgb255=152,224,233
172 72 rgb255=156,227,235
173 72 rgb255=158,229,236
174 72 rgb255=160,229,236
175 72 rgb255=161,230,235
176 72 rgb255=165,234,239
177 72 rgb255=172,241,243
178 72 rgb255=175,244,244
179 72 rgb255=177,243,244
180 72 rgb255=185,248,249
181 72 rgb255=188,246,249
182 72 rgb255=193,245,250
183 72 rgb255=198,247,252
184 72 rgb255=199,248,251
185 72 rgb255=195,247,250
186 72 rgb255=188,246,248
187 72 rgb255=177,240,244
188 72 rgb255=169,237,243
189 72 rgb255=167,234,243
190 72 rgb255=166,232,244
191 72 rgb255=165,232,245
192 72 rgb255=158,231,242
193 72 rgb255=149,225,236
194 72 rgb255=143,220,234
195 72 rgb255=136,213,230
0 71 rgb255=126,159,184
1 71 rgb255=130,163,187
2 71 rgb255=137,170,194
3 71 rgb255=145,176,201
4 71 rgb255=153,182,205
5 71 rgb255=162,188,210
6 71 rgb255=169,195,216
7 71 rgb255=178,201,221
8 71 rgb255=188,207,222
9 71 rgb255=199,213,225
10 71 rgb255=212,222,230
11 71 rgb255=225,233,239
12 71 rgb255=235,240,244
13 71 rgb255=241,244,246
14 71 rgb255=240,241,243
15 71 rgb255=234,237,241
16 71 rgb255=224,230,235
17 71 rgb255=214,223,228
18 71 rgb255=206,217,223
19 71 rgb255=197,211,219
20 71 rgb255=188,205,214
21 71 rgb255=181,199,209
22 71 rgb255=173,192,204
23 71 rgb255=164,186,200
24 71 rgb255=157,181,196
25 71 rgb255=150,176,193
26 71 rgb255=144,170,186
27 71 rgb255=138,164,180
28 71 rgb255=134,160,176
29 71 rgb255=129,155,172
30 71 rgb255=124,149,166
31 71 rgb255=119,144,161
32 71 rgb255=255,255,255
33 71 rgb255=255,255,255
34 71 rgb255=255,255,255
35 71 rgb255=255,255,255
36 71 rgb255=255,255,255
37 71 rgb255=255,255,255
38 71 rgb255=255,255,255
39 71 rgb255=255,255,255
40 71 rgb255=255,255,255
41 71 rgb255=255,255,255
42 71 rgb255=254,254,254
43 71 rgb255=254,254,254
44 71 rgb255=254,254,254
45 71 rgb255=254,254,254
46 71 rgb255=254,254,254
47 71 rgb255=254,254,254
48 71 rgb255=254,254,254
49 71 rgb255=254,254,254
50 71 rgb255=254,254,254
51 71 rgb255=254,254,254
52 71 rgb255=254,254,254
53 71 rgb255=254,254,254
54 71 rgb255=254,254,254
55 71 rgb255=254,254,254
56 71 rgb255=254,254,254
57 71 rgb255=252,251,250
58 71 rgb255=253,246,231
59 71 rgb255=218,200,179
60 71 rgb255=111,90,81
61 71 rgb255=163,155,155
62 71 rgb255=255,255,255
63 71 rgb255=255,254,254
64 71 rgb255=253,252,253
65 71 rgb255=253,254,253
66 71 rgb255=252,254,254
67 71 rgb255=247,252,253
68 71 rgb255=216,227,222
69 71 rgb255=198,211,194
70 71 rgb255=170,176,150
71 71 rgb255=161,168,130
72 71 rgb255=146,154,113
73 71 rgb255=255,255,255
74 71 rgb255=255,255,255
75 71 rgb255=255,255,255
76 71 rgb255=255,255,255
77 71 rgb255=255,255,255
78 71 rgb255=255,255,255
79 71 rgb255=255,255,255
80 71 rgb255=255,255,255
81 71 rgb255=255,255,255
82 71 rgb255=215,215,216
83 71 rgb255=165,168,170
84 71 rgb255=117,123,128
85 71 rgb255=121,128,134
86 71 rgb255=137,144,149
87 71 rgb255=125,131,137
88 71 rgb255=125,131,137
89 71 rgb255=146,153,158
90 71 rgb255=154,161,167
91 71 rgb255=150,158,164
92 71 rgb255=108,116,123
93 71 rgb255=120,128,134
94 71 rgb255=129,136,142
95 71 rgb255=132,137,140
96 71 rgb255=145,147,147
97 71 rgb255=154,152,150
98 71 rgb255=138,132,128
99 71 rgb255=150,142,139
100 71 rgb255=182,181,180
101 71 rgb255=188,188,188
102 71 rgb255=203,202,202
103 71 rgb255=202,202,202
104 71 rgb255=200,200,200
105 71 rgb255=197,197,197
106 71 rgb255=186,186,186
107 71 rgb255=183,183,183
108 71 rgb255=188,188,188
109 71 rgb255=195,195,194
110 71 rgb255=211,211,209
111 71 rgb255=193,193,191
112 71 rgb255=196,197,194
113 71 rgb255=251,251,249
114 71 rgb255=255,255,255
115 71 rgb255=255,255,255
116 71 rgb255=255,255,255
117 71 rgb255=255,255,255
118 71 rgb255=255,255,255
119 71 rgb255=255,255,255
120 71 rgb255=255,255,255
121 71 rgb255=255,255,255
122 71 rgb255=255,255,255
123 71 rgb255=212,230,244
124 71 rgb255=210,228,242
125 71 rgb255=210,228,242
126 71 rgb255=210,228,242
127 71 rgb255=210,228,243
128 71 rgb255=210,228,242
129 71 rgb255=210,228,242
130 71 rgb255=210,228,242
131 71 rgb255=210,228,242
132 71 rgb255=210,228,242
133 71 rgb255=209,229,242
134 71 rgb255=204,231,240
135 71 rgb255=213,225,244
136 71 rgb255=212,225,244
137 71 rgb255=208,228,238
138 71 rgb255=209,227,241
139 71 rgb255=210,227,243
140 71 rgb255=210,227,243
141 71 rgb255=208,228,244
142 71 rgb255=209,227,246
143 71 rgb255=208,234,254
144 71 rgb255=209,193,199
145 71 rgb255=196,154,139
146 71 rgb255=209,227,230
147 71 rgb255=210,228,243
148 71 rgb255=210,228,242
149 71 rgb255=210,228,242
150 71 rgb255=210,228,242
151 71 rgb255=210,228,242
152 71 rgb255=210,228,242
153 71 rgb255=210,228,242
154 71 rgb255=212,230,244
155 71 rgb255=255,255,255
156 71 rgb255=255,255,255
157 71 rgb255=255,255,255
158 71 rgb255=255,255,255
159 71 rgb255=255,255,255
160 71 rgb255=255,255,255
161 71 rgb255=255,255,255
162 71 rgb255=255,255,255
163 71 rgb255=255,255,255
164 71 rgb255=121,194,220
165 71 rgb255=128,201,225
166 71 rgb255=134,206,228
167 71 rgb255=140,211,229
168 71 rgb255=144,214,230
169 71 rgb255=149,218,233
170 71 rgb255=156,218,235
171 71 rgb255=159,222,236
172 71 rgb255=157,229,239
173 71 rgb255=153,231,237
174 71 rgb255=155,231,235
175 71 rgb255=166,233,237
176 71 rgb255=172,228,234
177 71 rgb255=157,209,211
178 71 rgb255=135,185,183
179 71 rgb255=119,167,168
180 71 rgb255=127,173,178
181 71 rgb255=148,195,204
182 71 rgb255=172,222,233
183 71 rgb255=189,242,251
184 71 rgb255=192,247,253
185 71 rgb255=190,246,250
186 71 rgb255=185,243,247
187 71 rgb255=178,241,245
188 71 rgb255=175,239,245
189 71 rgb255=174,236,244
190 71 rgb255=174,233,245
191 71 rgb255=171,232,244
192 71 rgb255=161,231,241
193 71 rgb255=151,224,234
194 71 rgb255=146,222,234
195 71 rgb255=142,217,232
0 70 rgb255=133,165,187
1 70 rgb255=137,169,190
2 70 rgb255=143,174,197
3 70 rgb255=151,180,204
4 70 rgb255=159,187,208
5 70 rgb255=167,192,212
6 70 rgb255=173,199,218
7 70 rgb255=180,204,221
8 70 rgb255=190,209,222
9 70 rgb255=201,215,224
10 70 rgb255=210,222,231
11 70 rgb255=219,229,237
12 70 rgb255=226,233,239
13 70 rgb255=231,236,240
14 70 rgb255=229,235,238
15 70 rgb255=224,232,236
16 70 rgb255=217,227,234
17 70 rgb255=210,221,227
18 70 rgb255=204,215,221
19 70 rgb255=196,211,219
20 70 rgb255=191,208,217
21 70 rgb255=186,202,211
22 70 rgb255=178,195,206
23 70 rgb255=170,189,202
24 70 rgb255=162,185,199
25 70 rgb255=154,180,194
26 70 rgb255=148,175,188
27 70 rgb255=142,168,182
28 70 rgb255=137,163,176
29 70 rgb255=131,157,171
30 70 rgb255=126,152,166
31 70 rgb255=121,147,161
32 70 rgb255=255,255,255
33 70 rgb255=255,255,255
34 70 rgb255=255,255,255
35 70 rgb255=255,255,255
36 70 rgb255=255,255,255
37 70 rgb255=255,255,255
38 70 rgb255=255,255,255
39 70 rgb255=255,255,255
40 70 rgb255=255,255,255
41 70 rgb255=255,255,255
42 70 rgb255=254,254,254
43 70 rgb255=255,255,255
44 70 rgb255=255,255,255
45 70 rgb255=255,255,255
46 70 rgb255=255,255,255
47 70 rgb255=255,255,255
48 70 rgb255=255,255,255
49 70 rgb255=255,255,255
50 70 rgb255=255,255,255
51 70 rgb255=255,255,255
52 70 rgb255=255,255,255
53 70 rgb255=255,255,255
54 70 rgb255=255,255,255
55 70 rgb255=255,255,255
56 70 rgb255=254,255,255
57 70 rgb255=254,252,247
58 70 rgb255=254,243,218
59 70 rgb255=217,191,158
60 70 rgb255=122,88,75
61 70 rgb255=144,130,131
62 70 rgb255=232,231,232
63 70 rgb255=235,232,234
64 70 rgb255=250,248,249
65 70 rgb255=255,254,254
66 70 rgb255=253,254,255
67 70 rgb255=246,251,252
68 70 rgb255=220,232,222
69 70 rgb255=193,208,185
70 70 rgb255=189,199,169
71 70 rgb255=166,178,130
72 70 rgb255=121,133,87
73 70 rgb255=255,255,255
74 70 rgb255=255,255,255
75 70 rgb255=255,255,255
76 70 rgb255=255,255,255
77 70 rgb255=255,255,255
78 70 rgb255=255,255,255
79 70 rgb255=255,255,255
80 70 rgb255=255,255,255
81 70 rgb255=255,255,255
82 70 rgb255=226,226,226
83 70 rgb255=131,134,136
84 70 rgb255=124,130,134
85 70 rgb255=135,142,148
86 70 rgb255=121,129,136
87 70 rgb255=127,134,141
88 70 rgb255=95,103,109
89 70 rgb255=98,106,112
90 70 rgb255=110,118,124
91 70 rgb255=122,129,134
92 70 rgb255=85,92,97
93 70 rgb255=120,126,132
94 70 rgb255=127,133,138
95 70 rgb255=114,117,117
96 70 rgb255=139,138,135
97 70 rgb255=177,172,168
98 70 rgb255=161,153,147
99 70 rgb255=156,147,142
100 70 rgb255=170,169,168
101 70 rgb255=170,170,170
102 70 rgb255=170,170,170
103 70 rgb255=172,172,172
104 70 rgb255=176,176,176
105 70 rgb255=178,178,178
106 70 rgb255=180,180,180
107 70 rgb255=180,180,180
108 70 rgb255=181,181,181
109 70 rgb255=183,184,180
110 70 rgb255=186,187,181
111 70 rgb255=175,175,170
112 70 rgb255=173,174,169
113 70 rgb255=223,224,219
114 70 rgb255=255,255,255
115 70 rgb255=255,255,255
116 70 rgb255=255,255,255
117 70 rgb255=255,255,255
118 70 rgb255=255,255,255
119 70 rgb255=255,255,255
120 70 rgb255=255,255,255
121 70 rgb255=255,255,255
122 70 rgb255=255,255,255
123 70 rgb255=213,231,245
124 70 rgb255=211,229,243
125 70 rgb255=211,229,243
126 70 rgb255=211,229,243
127 70 rgb255=211,229,243
128 70 rgb255=211,229,243
129 70 rgb255=211,229,243
130 70 rgb255=211,229,243
131 70 rgb255=211,229,243
132 70 rgb255=211,229,243
133 70 rgb255=212,229,243
134 70 rgb255=217,225,243
135 70 rgb255=217,228,247
136 70 rgb255=208,232,245
137 70 rgb255=212,228,238
138 70 rgb255=214,223,232
139 70 rgb255=211,224,231
140 70 rgb255=211,224,231
141 70 rgb255=211,221,231
142 70 rgb255=209,221,229
143 70 rgb255=212,213,211
144 70 rgb255=206,163,159
145 70 rgb255=207,178,174
146 70 rgb255=212,230,241
147 70 rgb255=211,229,243
148 70 rgb255=211,229,243
149 70 rgb255=211,229,243
150 70 rgb255=211,229,243
151 70 rgb255=211,229,243
152 70 rgb255=211,229,243
153 70 rgb255=211,229,243
154 70 rgb255=213,231,245
155 70 rgb255=255,255,255
156 70 rgb255=255,255,255
157 70 rgb255=255,255,255
158 70 rgb255=255,255,255
159 70 rgb255=255,255,255
160 70 rgb255=255,255,255
161 70 rgb255=255,255,255
162 70 rgb255=255,255,255
163 70 rgb255=255,255,255
164 70 rgb255=122,197,223
165 70 rgb255=129,204,228
166 70 rgb255=136,208,229
167 70 rgb255=143,213,232
168 70 rgb255=148,216,232
169 70 rgb255=153,219,235
170 70 rgb255=159,220,236
171 70 rgb255=162,222,236
172 70 rgb255=164,229,239
173 70 rgb255=166,230,236
174 70 rgb255=150,207,211
175 70 rgb255=116,159,163
176 70 rgb255=80,108,114
177 70 rgb255=48,65,70
178 70 rgb255=27,37,41
179 70 rgb255=15,26,32
180 70 rgb255=19,34,43
181 70 rgb255=37,63,74
182 70 rgb255=82,125,134
183 70 rgb255=147,205,211
184 70 rgb255=177,237,243
185 70 rgb255=187,241,248
186 70 rgb255=187,243,250
187 70 rgb255=182,242,249
188 70 rgb255=177,240,246
189 70 rgb255=175,236,244
190 70 rgb255=177,235,244
191 70 rgb255=173,233,243
192 70 rgb255=163,232,240
193 70 rgb255=156,228,236
194 70 rgb255=153,226,237
195 70 rgb255=148,221,235
0 69 rgb255=144,174,194
1 69 rgb255=147,176,196
2 69 rgb255=153,182,202
3 69 rgb255=160,187,207
4 69 rgb255=168,193,212
5 69 rgb255=176,198,215
6 69 rgb255=181,205,221
7 69 rgb255=187,209,224
8 69 rgb255=195,213,224
9 69 rgb255=205,219,227
10 69 rgb255=212,225,234
11 69 rgb255=217,229,237
12 69 rgb255=223,232,239
13 69 rgb255=225,233,238
14 69 rgb255=222,232,234
15 69 rgb255=218,229,233
16 69 rgb255=213,226,232
17 69 rgb255=209,221,227
18 69 rgb255=205,216,222
19 69 rgb255=199,212,221
20 69 rgb255=195,211,220
21 69 rgb255=192,206,214
22 69 rgb255=184,200,209
23 69 rgb255=177,195,206
24 69 rgb255=170,190,202
25 69 rgb255=160,185,198
26 69 rgb255=154,179,192
27 69 rgb255=147,172,185
28 69 rgb255=141,166,179
29 69 rgb255=134,160,173
30 69 rgb255=129,155,168
31 69 rgb255=124,149,163
32 69 rgb255=255,255,255
33 69 rgb255=255,255,255
34 69 rgb255=255,255,255
35 69 rgb255=255,255,255
36 69 rgb255=255,255,255
37 69 rgb255=255,255,255
38 69 rgb255=255,255,255
39 69 rgb255=255,255,255
40 69 rgb255=255,255,255
41 69 rgb255=255,255,255
42 69 rgb255=254,254,254
43 69 rgb255=255,255,255
44 69 rgb255=255,255,255
45 69 rgb255=255,255,255
46 69 rgb255=255,255,255
47 69 rgb255=255,255,255
48 69 rgb255=253,255,255
49 69 rgb255=252,253,248
50 69 rgb255=248,236,228
51 69 rgb255=239,221,216
52 69 rgb255=238,227,227
53 69 rgb255=252,254,253
54 69 rgb255=252,255,255
55 69 rgb255=253,254,253
56 69 rgb255=255,252,249
57 69 rgb255=241,227,218
58 69 rgb255=209,183,162
59 69 rgb255=176,142,118
60 69 rgb255=124,90,81
61 69 rgb255=130,105,101
62 69 rgb255=168,157,149
63 69 rgb255=185,183,178
64 69 rgb255=243,242,239
65 69 rgb255=250,252,253
66 69 rgb255=231,236,239
67 69 rgb255=224,224,215
68 69 rgb255=212,216,193
69 69 rgb255=192,204,172
70 69 rgb255=167,181,135
71 69 rgb255=149,162,110
72 69 rgb255=120,131,89
73 69 rgb255=255,255,255
74 69 rgb255=255,255,255
75 69 rgb255=255,255,255
76 69 rgb255=255,255,255
77 69 rgb255=255,255,255
78 69 rgb255=255,255,255
79 69 rgb255=255,255,255
80 69 rgb255=255,255,255
81 69 rgb255=255,255,255
82 69 rgb255=230,230,230
83 69 rgb255=148,151,153
84 69 rgb255=116,122,127
85 69 rgb255=115,121,127
86 69 rgb255=126,131,135
87 69 rgb255=129,133,137
88 69 rgb255=100,105,109
89 69 rgb255=111,116,120
90 69 rgb255=115,118,120
91 69 rgb255=120,121,122
92 69 rgb255=113,114,115
93 69 rgb255=147,149,149
94 69 rgb255=177,177,178
95 69 rgb255=153,146,147
96 69 rgb255=139,130,128
97 69 rgb255=140,133,128
98 69 rgb255=138,135,125
99 69 rgb255=151,149,139
100 69 rgb255=166,166,164
101 69 rgb255=174,174,174
102 69 rgb255=172,172,172
103 69 rgb255=174,174,174
104 69 rgb255=177,177,177
105 69 rgb255=178,178,178
106 69 rgb255=179,179,179
107 69 rgb255=179,179,179
108 69 rgb255=180,180,180
109 69 rgb255=183,183,178
110 69 rgb255=185,186,178
111 69 rgb255=176,177,169
112 69 rgb255=171,172,164
113 69 rgb255=207,208,201
114 69 rgb255=255,255,255
115 69 rgb255=255,255,255
116 69 rgb255=255,255,255
117 69 rgb255=255,255,255
118 69 rgb255=255,255,255
119 69 rgb255=255,255,255
120 69 rgb255=255,255,255
121 69 rgb255=255,255,255
122 69 rgb255=255,255,255
123 69 rgb255=213,232,246
124 69 rgb255=210,228,243
125 69 rgb255=210,229,243
126 69 rgb255=211,231,246
127 69 rgb255=212,233,249
128 69 rgb255=212,232,248
129 69 rgb255=211,231,245
130 69 rgb255=210,228,242
131 69 rgb255=211,228,242
132 69 rgb255=211,228,243
133 69 rgb255=211,230,245
134 69 rgb255=216,230,243
135 69 rgb255=215,218,220
136 69 rgb255=211,206,205
137 69 rgb255=216,188,198
138 69 rgb255=212,167,168
139 69 rgb255=209,168,162
140 69 rgb255=211,171,165
141 69 rgb255=209,164,160
142 69 rgb255=206,172,172
143 69 rgb255=199,166,165
144 69 rgb255=205,177,168
145 69 rgb255=209,223,220
146 69 rgb255=209,232,243
147 69 rgb255=212,229,243
148 69 rgb255=211,229,243
149 69 rgb255=211,229,243
150 69 rgb255=211,229,243
151 69 rgb255=211,229,243
152 69 rgb255=211,229,243
153 69 rgb255=210,229,243
154 69 rgb255=213,231,245
155 69 rgb255=255,255,255
156 69 rgb255=255,255,255
157 69 rgb255=255,255,255
158 69 rgb255=255,255,255
159 69 rgb255=255,255,255
160 69 rgb255=255,255,255
161 69 rgb255=255,255,255
162 69 rgb255=255,255,255
163 69 rgb255=255,255,255
164 69 rgb255=122,199,224
165 69 rgb255=129,205,229
166 69 rgb255=138,210,232
167 69 rgb255=146,215,234
168 69 rgb255=151,217,234
169 69 rgb255=154,219,235
170 69 rgb255=157,224,235
171 69 rgb255=163,227,234
172 69 rgb255=163,214,222
173 69 rgb255=120,154,162
174 69 rgb255=56,77,84
175 69 rgb255=13,24,30
176 69 rgb255=0,4,8
177 69 rgb255=0,1,4
178 69 rgb255=6,5,9
179 69 rgb255=9,5,12
180 69 rgb255=9,4,14
181 69 rgb255=3,5,15
182 69 rgb255=12,27,34
183 69 rgb255=60,90,95
184 69 rgb255=110,150,159
185 69 rgb255=131,174,187
186 69 rgb255=151,200,212
187 69 rgb255=176,233,243
188 69 rgb255=179,241,249
189 69 rgb255=175,238,244
190 69 rgb255=174,236,242
191 69 rgb255=170,234,240
192 69 rgb255=166,234,241
193 69 rgb255=162,232,239
194 69 rgb255=158,230,240
195 69 rgb255=151,223,236
0 68 rgb255=166,185,197
1 68 rgb255=170,189,201
2 68 rgb255=178,195,207
3 68 rgb255=188,201,212
4 68 rgb255=194,207,217
5 68 rgb255=201,213,223
6 68 rgb255=208,221,229
7 68 rgb255=213,225,233
8 68 rgb255=216,228,235
9 68 rgb255=218,229,236
10 68 rgb255=220,231,238
11 68 rgb255=223,234,240
12 68 rgb255=225,236,242
13 68 rgb255=227,237,242
14 68 rgb255=223,234,237
15 68 rgb255=220,231,234
16 68 rgb255=216,228,231
17 68 rgb255=213,224,228
18 68 rgb255=209,220,225
19 68 rgb255=207,218,224
20 68 rgb255=204,216,222
21 68 rgb255=201,212,218
22 68 rgb255=195,207,213
23 68 rgb255=190,202,208
24 68 rgb255=182,196,203
25 68 rgb255=171,191,200
26 68 rgb255=164,184,194
27 68 rgb255=157,178,187
28 68 rgb255=149,170,181
29 68 rgb255=140,163,176
30 68 rgb255=133,156,170
31 68 rgb255=128,151,164
32 68 rgb255=255,255,255
33 68 rgb255=255,255,255
34 68 rgb255=255,255,255
35 68 rgb255=255,255,255
36 68 rgb255=255,255,255
37 68 rgb255=255,255,255
38 68 rgb255=255,255,255
39 68 rgb255=255,255,255
40 68 rgb255=255,255,255
41 68 rgb255=255,255,255
42 68 rgb255=254,254,254
43 68 rgb255=255,255,255
44 68 rgb255=255,255,255
45 68 rgb255=255,255,255
46 68 rgb255=255,255,255
47 68 rgb255=255,255,255
48 68 rgb255=253,253,252
49 68 rgb255=232,217,208
50 68 rgb255=210,166,148
51 68 rgb255=200,148,133
52 68 rgb255=176,142,135
53 68 rgb255=214,203,199
54 68 rgb255=251,250,251
55 68 rgb255=254,255,255
56 68 rgb255=210,209,204
57 68 rgb255=161,144,139
58 68 rgb255=148,119,110
59 68 rgb255=134,97,87
60 68 rgb255=129,94,88
61 68 rgb255=122,86,75
62 68 rgb255=103,82,70
63 68 rgb255=144,145,141
64 68 rgb255=242,245,245
65 68 rgb255=242,245,247
66 68 rgb255=214,214,208
67 68 rgb255=180,161,134
68 68 rgb255=157,135,99
69 68 rgb255=176,166,129
70 68 rgb255=157,164,118
71 68 rgb255=144,152,114
72 68 rgb255=126,133,111
73 68 rgb255=255,255,255
74 68 rgb255=255,255,255
75 68 rgb255=255,255,255
76 68 rgb255=255,255,255
77 68 rgb255=255,255,255
78 68 rgb255=255,255,255
79 68 rgb255=255,255,255
80 68 rgb255=255,255,255
81 68 rgb255=255,255,255
82 68 rgb255=222,222,222
83 68 rgb255=155,155,155
84 68 rgb255=123,123,123
85 68 rgb255=142,142,141
86 68 rgb255=132,129,129
87 68 rgb255=129,129,130
88 68 rgb255=130,131,128
89 68 rgb255=127,107,103
90 68 rgb255=137,102,98
91 68 rgb255=148,120,114
92 68 rgb255=133,112,108
93 68 rgb255=164,153,152
94 68 rgb255=159,153,154
95 68 rgb255=111,102,99
96 68 rgb255=76,65,59
97 68 rgb255=62,54,46
98 68 rgb255=60,55,44
99 68 rgb255=69,66,55
100 68 rgb255=108,106,101
101 68 rgb255=145,143,139
102 68 rgb255=168,166,162
103 68 rgb255=175,173,169
104 68 rgb255=176,175,172
105 68 rgb255=176,176,175
106 68 rgb255=177,177,175
107 68 rgb255=176,176,173
108 68 rgb255=179,179,176
109 68 rgb255=183,183,178
110 68 rgb255=186,184,179
111 68 rgb255=176,175,170
112 68 rgb255=171,169,164
113 68 rgb255=213,212,208
114 68 rgb255=255,255,255
115 68 rgb255=255,255,255
116 68 rgb255=255,255,255
117 68 rgb255=255,255,255
118 68 rgb255=255,255,255
119 68 rgb255=255,255,255
120 68 rgb255=255,255,255
121 68 rgb255=255,255,255
122 68 rgb255=255,255,255
123 68 rgb255=215,230,244
124 68 rgb255=213,230,241
125 68 rgb255=216,225,237
126 68 rgb255=220,213,221
127 68 rgb255=213,203,200
128 68 rgb255=213,205,203
129 68 rgb255=215,218,225
130 68 rgb255=216,228,243
131 68 rgb255=210,231,245
132 68 rgb255=211,231,241
133 68 rgb255=214,220,225
134 68 rgb255=209,196,194
135 68 rgb255=207,175,179
136 68 rgb255=212,182,183
137 68 rgb255=209,200,202
138 68 rgb255=210,199,204
139 68 rgb255=215,202,203
140 68 rgb255=215,206,206
141 68 rgb255=218,202,204
142 68 rgb255=213,209,215
143 68 rgb255=215,214,230
144 68 rgb255=215,225,237
145 68 rgb255=210,230,246
146 68 rgb255=209,230,243
147 68 rgb255=209,229,244
148 68 rgb255=209,229,245
149 68 rgb255=212,229,244
150 68 rgb255=211,230,241
151 68 rgb255=211,229,243
152 68 rgb255=212,228,245
153 68 rgb255=212,228,244
154 68 rgb255=213,231,245
155 68 rgb255=255,255,255
156 68 rgb255=255,255,255
157 68 rgb255=255,255,255
158 68 rgb255=255,255,255
159 68 rgb255=255,255,255
160 68 rgb255=255,255,255
161 68 rgb255=255,255,255
162 68 rgb255=255,255,255
163 68 rgb255=255,255,255
164 68 rgb255=122,198,223
165 68 rgb255=132,207,230
166 68 rgb255=141,213,234
167 68 rgb255=150,217,237
168 68 rgb255=155,220,237
169 68 rgb255=158,221,237
170 68 rgb255=161,227,237
171 68 rgb255=151,209,212
172 68 rgb255=69,98,101
173 68 rgb255=17,24,30
174 68 rgb255=5,5,12
175 68 rgb255=5,3,10
176 68 rgb255=7,6,9
177 68 rgb255=6,8,10
178 68 rgb255=5,7,12
179 68 rgb255=10,4,11
180 68 rgb255=14,2,10
181 68 rgb255=15,5,12
182 68 rgb255=11,6,12
183 68 rgb255=12,14,21
184 68 rgb255=22,34,42
185 68 rgb255=29,47,57
186 68 rgb255=46,73,81
187 68 rgb255=101,140,144
188 68 rgb255=175,225,228
189 68 rgb255=182,241,244
190 68 rgb255=174,238,242
191 68 rgb255=170,236,243
192 68 rgb255=170,237,244
193 68 rgb255=168,235,243
194 68 rgb255=165,233,243
195 68 rgb255=159,227,239
0 67 rgb255=190,199,204
1 67 rgb255=197,206,211
2 67 rgb255=205,212,217
3 67 rgb255=213,217,220
4 67 rgb255=220,223,227
5 67 rgb255=224,228,231
6 67 rgb255=228,232,234
7 67 rgb255=233,237,237
8 67 rgb255=238,242,243
9 67 rgb255=239,243,244
10 67 rgb255=239,243,244
11 67 rgb255=239,244,245
12 67 rgb255=239,243,244
13 67 rgb255=237,243,244
14 67 rgb255=232,242,243
15 67 rgb255=229,238,239
16 67 rgb255=225,234,235
17 67 rgb255=221,231,233
18 67 rgb255=218,227,230
19 67 rgb255=215,224,227
20 67 rgb255=212,221,224
21 67 rgb255=208,217,219
22 67 rgb255=202,212,214
23 67 rgb255=198,206,209
24 67 rgb255=189,200,203
25 67 rgb255=178,193,200
26 67 rgb255=172,187,194
27 67 rgb255=166,181,187
28 67 rgb255=157,175,183
29 67 rgb255=149,169,178
30 67 rgb255=142,162,171
31 67 rgb255=137,157,166
32 67 rgb255=255,255,255
33 67 rgb255=255,255,255
34 67 rgb255=255,255,255
35 67 rgb255=255,255,255
36 67 rgb255=255,255,255
37 67 rgb255=255,255,255
38 67 rgb255=255,255,255
39 67 rgb255=255,255,255
40 67 rgb255=255,255,255
41 67 rgb255=255,255,255
42 67 rgb255=254,254,254
43 67 rgb255=255,255,255
44 67 rgb255=255,255,255
45 67 rgb255=255,255,255
46 67 rgb255=255,255,255
47 67 rgb255=255,255,255
48 67 rgb255=252,245,245
49 67 rgb255=213,178,173
50 67 rgb255=210,150,134
51 67 rgb255=218,151,129
52 67 rgb255=200,144,123
53 67 rgb255=180,141,130
54 67 rgb255=218,202,200
55 67 rgb255=226,228,230
56 67 rgb255=116,125,127
57 67 rgb255=73,73,79
58 67 rgb255=107,90,90
59 67 rgb255=125,92,83
60 67 rgb255=136,97,87
61 67 rgb255=126,89,80
62 67 rgb255=69,48,49
63 67 rgb255=43,44,57
64 67 rgb255=169,173,184
65 67 rgb255=230,227,225
66 67 rgb255=193,174,150
67 67 rgb255=133,91,53
68 67 rgb255=126,75,36
69 67 rgb255=146,108,78
70 67 rgb255=156,150,129
71 67 rgb255=154,159,149
72 67 rgb255=157,166,166
73 67 rgb255=255,255,255
74 67 rgb255=255,255,255
75 67 rgb255=255,255,255
76 67 rgb255=255,255,255
77 67 rgb255=255,255,255
78 67 rgb255=255,255,255
79 67 rgb255=255,255,255
80 67 rgb255=255,255,255
81 67 rgb255=255,255,255
82 67 rgb255=216,216,216
83 67 rgb255=158,156,153
84 67 rgb255=155,149,144
85 67 rgb255=187,181,175
86 67 rgb255=165,159,156
87 67 rgb255=177,172,170
88 67 rgb255=165,159,151
89 67 rgb255=139,92,82
90 67 rgb255=142,67,57
91 67 rgb255=123,60,50
92 67 rgb255=125,80,72
93 67 rgb255=164,139,135
94 67 rgb255=107,97,95
95 67 rgb255=52,45,36
96 67 rgb255=50,42,30
97 67 rgb255=52,43,32
98 67 rgb255=47,39,27
99 67 rgb255=42,35,24
100 67 rgb255=49,43,34
101 67 rgb255=73,69,59
102 67 rgb255=119,114,105
103 67 rgb255=163,158,149
104 67 rgb255=175,173,167
105 67 rgb255=174,175,172
106 67 rgb255=173,174,170
107 67 rgb255=173,174,169
108 67 rgb255=178,179,173
109 67 rgb255=184,182,178
110 67 rgb255=187,183,180
111 67 rgb255=178,174,171
112 67 rgb255=172,168,165
113 67 rgb255=222,219,216
114 67 rgb255=255,255,255
115 67 rgb255=255,255,255
116 67 rgb255=255,255,255
117 67 rgb255=255,255,255
118 67 rgb255=255,255,255
119 67 rgb255=255,255,255
120 67 rgb255=255,255,255
121 67 rgb255=255,255,255
122 67 rgb255=255,255,255
123 67 rgb255=215,232,245
124 67 rgb255=217,204,206
125 67 rgb255=212,141,135
126 67 rgb255=215,118,96
127 67 rgb255=212,107,58
128 67 rgb255=210,100,60
129 67 rgb255=205,120,106
130 67 rgb255=205,149,143
131 67 rgb255=199,188,184
132 67 rgb255=212,204,197
133 67 rgb255=204,168,145
134 67 rgb255=212,182,164
135 67 rgb255=215,211,220
136 67 rgb255=213,225,239
137 67 rgb255=213,229,240
138 67 rgb255=210,231,244
139 67 rgb255=210,232,240
140 67 rgb255=212,230,241
141 67 rgb255=210,233,250
142 67 rgb255=212,233,248
143 67 rgb255=218,231,246
144 67 rgb255=213,233,246
145 67 rgb255=213,230,248
146 67 rgb255=215,230,245
147 67 rgb255=214,231,247
148 67 rgb255=205,232,246
149 67 rgb255=208,229,240
150 67 rgb255=214,227,241
151 67 rgb255=210,229,243
152 67 rgb255=209,229,245
153 67 rgb255=213,227,245
154 67 rgb255=214,230,246
155 67 rgb255=255,255,255
156 67 rgb255=255,255,255
157 67 rgb255=255,255,255
158 67 rgb255=255,255,255
159 67 rgb255=255,255,255
160 67 rgb255=255,255,255
161 67 rgb255=255,255,255
162 67 rgb255=255,255,255
163 67 rgb255=255,255,255
164 67 rgb255=126,200,224
165 67 rgb255=136,209,232
166 67 rgb255=145,214,235
167 67 rgb255=153,220,238
168 67 rgb255=158,222,239
169 67 rgb255=164,226,241
170 67 rgb255=165,224,235
171 67 rgb255=84,123,127
172 67 rgb255=2,14,12
173 67 rgb255=7,6,7
174 67 rgb255=7,5,13
175 67 rgb255=4,4,14
176 67 rgb255=4,5,11
177 67 rgb255=4,6,12
178 67 rgb255=3,6,14
179 67 rgb255=5,3,10
180 67 rgb255=9,2,5
181 67 rgb255=8,1,3
182 67 rgb255=5,3,6
183 67 rgb255=7,12,16
184 67 rgb255=12,16,20
185 67 rgb255=11,10,13
186 67 rgb255=4,8,8
187 67 rgb255=7,20,18
188 67 rgb255=84,114,111
189 67 rgb255=174,223,224
190 67 rgb255=175,237,243
191 67 rgb255=171,238,247
192 67 rgb255=174,239,248
193 67 rgb255=174,237,247
194 67 rgb255=174,238,249
195 67 rgb255=168,231,242
0 66 rgb255=199,199,199
1 66 rgb255=203,203,203
2 66 rgb255=209,209,208
3 66 rgb255=216,214,212
4 66 rgb255=220,218,216
5 66 rgb255=223,221,219
6 66 rgb255=228,226,223
7 66 rgb255=234,233,228
8 66 rgb255=240,238,234
9 66 rgb255=244,242,238
10 66 rgb255=247,246,241
11 66 rgb255=249,247,243
12 66 rgb255=249,248,243
13 66 rgb255=247,247,243
14 66 rgb255=242,247,245
15 66 rgb255=239,245,242
16 66 rgb255=237,242,240
17 66 rgb255=234,239,238
18 66 rgb255=231,236,237
19 66 rgb255=229,233,235
20 66 rgb255=225,229,231
21 66 rgb255=220,225,226
22 66 rgb255=215,220,221
23 66 rgb255=210,214,216
24 66 rgb255=202,207,209
25 66 rgb255=193,202,206
26 66 rgb255=186,195,200
27 66 rgb255=180,188,193
28 66 rgb255=172,183,188
29 66 rgb255=164,178,183
30 66 rgb255=157,171,176
31 66 rgb255=152,166,171
32 66 rgb255=255,255,255
33 66 rgb255=255,255,255
34 66 rgb255=255,255,255
35 66 rgb255=255,255,255
36 66 rgb255=255,255,255
37 66 rgb255=255,255,255
38 66 rgb255=255,255,255
39 66 rgb255=255,255,255
40 66 rgb255=255,255,255
41 66 rgb255=255,255,255
42 66 rgb255=254,255,254
43 66 rgb255=255,255,255
44 66 rgb255=255,255,255
45 66 rgb255=255,255,255
46 66 rgb255=255,255,255
47 66 rgb255=255,255,255
48 66 rgb255=254,251,251
49 66 rgb255=225,200,199
50 66 rgb255=204,150,140
51 66 rgb255=202,130,106
52 66 rgb255=211,136,104
53 66 rgb255=186,128,105
54 66 rgb255=178,146,140
55 66 rgb255=168,163,171
56 66 rgb255=46,55,68
57 66 rgb255=36,42,55
58 66 rgb255=86,75,80
59 66 rgb255=120,92,88
60 66 rgb255=125,90,84
61 66 rgb255=85,59,56
62 66 rgb255=45,37,48
63 66 rgb255=15,18,40
64 66 rgb255=78,77,87
65 66 rgb255=141,125,109
66 66 rgb255=131,96,57
67 66 rgb255=142,88,42
68 66 rgb255=140,84,43
69 66 rgb255=139,97,68
70 66 rgb255=177,162,149
71 66 rgb255=179,185,185
72 66 rgb255=171,186,191
73 66 rgb255=255,255,255
74 66 rgb255=255,255,255
75 66 rgb255=255,255,255
76 66 rgb255=255,255,255
77 66 rgb255=255,255,255
78 66 rgb255=255,255,255
79 66 rgb255=255,255,255
80 66 rgb255=255,255,255
81 66 rgb255=255,255,255
82 66 rgb255=205,205,205
83 66 rgb255=179,176,174
84 66 rgb255=186,180,175
85 66 rgb255=186,183,176
86 66 rgb255=175,174,168
87 66 rgb255=180,167,162
88 66 rgb255=170,150,139
89 66 rgb255=149,93,83
90 66 rgb255=152,66,59
91 66 rgb255=128,52,42
92 66 rgb255=120,65,56
93 66 rgb255=112,82,73
94 66 rgb255=67,55,45
95 66 rgb255=59,51,40
96 66 rgb255=56,48,37
97 66 rgb255=53,45,34
98 66 rgb255=46,38,27
99 66 rgb255=43,35,24
100 66 rgb255=44,36,26
101 66 rgb255=51,43,33
102 66 rgb255=63,56,46
103 66 rgb255=106,98,87
104 66 rgb255=159,155,147
105 66 rgb255=174,175,169
106 66 rgb255=171,172,167
107 66 rgb255=172,172,169
108 66 rgb255=176,177,174
109 66 rgb255=183,180,177
110 66 rgb255=185,181,178
111 66 rgb255=176,172,169
112 66 rgb255=172,168,165
113 66 rgb255=225,223,220
114 66 rgb255=255,255,255
115 66 rgb255=255,255,255
116 66 rgb255=255,255,255
117 66 rgb255=255,255,255
118 66 rgb255=255,255,255
119 66 rgb255=255,255,255
120 66 rgb255=255,255,255
121 66 rgb255=255,255,255
122 66 rgb255=255,255,255
123 66 rgb255=215,213,225
124 66 rgb255=209,129,108
125 66 rgb255=209,63,22
126 66 rgb255=203,73,30
127 66 rgb255=214,63,14
128 66 rgb255=212,51,14
129 66 rgb255=206,48,30
130 66 rgb255=196,50,24
131 66 rgb255=191,85,58
132 66 rgb255=193,127,107
133 66 rgb255=202,180,162
134 66 rgb255=214,230,232
135 66 rgb255=209,234,232
136 66 rgb255=210,229,241
137 66 rgb255=206,230,242
138 66 rgb255=203,231,238
139 66 rgb255=206,230,244
140 66 rgb255=214,227,241
141 66 rgb255=218,216,219
142 66 rgb255=219,195,184
143 66 rgb255=219,183,169
144 66 rgb255=222,191,178
145 66 rgb255=219,181,175
146 66 rgb255=215,163,157
147 66 rgb255=221,185,186
148 66 rgb255=216,222,228
149 66 rgb255=208,235,247
150 66 rgb255=212,228,253
151 66 rgb255=208,230,245
152 66 rgb255=206,232,239
153 66 rgb255=210,229,242
154 66 rgb255=213,231,245
155 66 rgb255=255,255,255
156 66 rgb255=255,255,255
157 66 rgb255=255,255,255
158 66 rgb255=255,255,255
159 66 rgb255=255,255,255
160 66 rgb255=255,255,255
161 66 rgb255=255,255,255
162 66 rgb255=255,255,255
163 66 rgb255=255,255,255
164 66 rgb255=128,202,225
165 66 rgb255=140,213,235
166 66 rgb255=148,218,236
167 66 rgb255=156,223,240
168 66 rgb255=160,224,239
169 66 rgb255=167,229,242
170 66 rgb255=147,197,207
171 66 rgb255=26,51,54
172 66 rgb255=0,7,6
173 66 rgb255=6,6,10
174 66 rgb255=2,4,15
175 66 rgb255=2,5,19
176 66 rgb255=4,6,16
177 66 rgb255=5,7,11
178 66 rgb255=6,5,7
179 66 rgb255=12,8,8
180 66 rgb255=16,8,7
181 66 rgb255=13,6,5
182 66 rgb255=9,8,7
183 66 rgb255=4,10,11
184 66 rgb255=6,11,13
185 66 rgb255=10,9,12
186 66 rgb255=8,9,11
187 66 rgb255=0,8,8
188 66 rgb255=10,31,31
189 66 rgb255=128,171,174
190 66 rgb255=175,236,242
191 66 rgb255=169,235,243
192 66 rgb255=171,236,243
193 66 rgb255=173,236,244
194 66 rgb255=176,239,248
195 66 rgb255=172,234,245
0 65 rgb255=192,190,189
1 65 rgb255=196,193,193
2 65 rgb255=202,199,198
3 65 rgb255=205,202,200
4 65 rgb255=207,205,202
5 65 rgb255=212,209,207
6 65 rgb255=220,217,214
7 65 rgb255=225,223,218
8 65 rgb255=229,227,222
9 65 rgb255=234,232,227
10 65 rgb255=239,236,232
11 65 rgb255=242,240,236
12 65 rgb255=245,243,238
13 65 rgb255=246,245,240
14 65 rgb255=246,247,242
15 65 rgb255=245,245,241
16 65 rgb255=244,245,240
17 65 rgb255=242,243,239
18 65 rgb255=240,241,238
19 65 rgb255=237,238,235
20 65 rgb255=232,233,230
21 65 rgb255=228,228,226
22 65 rgb255=223,223,221
23 65 rgb255=218,218,216
24 65 rgb255=212,213,211
25 65 rgb255=205,207,210
26 65 rgb255=198,200,203
27 65 rgb255=192,194,197
28 65 rgb255=182,187,189
29 65 rgb255=171,179,179
30 65 rgb255=162,170,170
31 65 rgb255=150,158,158
32 65 rgb255=255,255,255
33 65 rgb255=255,255,255
34 65 rgb255=255,255,255
35 65 rgb255=255,255,255
36 65 rgb255=255,255,255
37 65 rgb255=255,255,255
38 65 rgb255=255,255,255
39 65 rgb255=255,255,255
40 65 rgb255=255,255,255
41 65 rgb255=255,255,255
42 65 rgb255=254,254,254
43 65 rgb255=255,255,255
44 65 rgb255=255,255,255
45 65 rgb255=255,254,255
46 65 rgb255=255,255,255
47 65 rgb255=255,255,255
48 65 rgb255=253,255,255
49 65 rgb255=249,245,246
50 65 rgb255=220,188,183
51 65 rgb255=185,120,101
52 65 rgb255=192,112,80
53 65 rgb255=180,119,89
54 65 rgb255=140,108,99
55 65 rgb255=129,120,131
56 65 rgb255=50,50,67
57 65 rgb255=22,23,37
58 65 rgb255=71,61,66
59 65 rgb255=128,106,105
60 65 rgb255=114,89,88
61 65 rgb255=39,28,32
62 65 rgb255=18,22,38
63 65 rgb255=28,33,53
64 65 rgb255=48,41,40
65 65 rgb255=86,59,32
66 65 rgb255=123,79,37
67 65 rgb255=137,84,36
68 65 rgb255=121,77,35
69 65 rgb255=134,106,77
70 65 rgb255=152,136,120
71 65 rgb255=166,172,167
72 65 rgb255=172,190,186
73 65 rgb255=255,255,255
74 65 rgb255=255,255,255
75 65 rgb255=255,255,255
76 65 rgb255=255,255,255
77 65 rgb255=255,255,255
78 65 rgb255=255,255,255
79 65 rgb255=255,255,255
80 65 rgb255=255,255,255
81 65 rgb255=255,255,255
82 65 rgb255=205,205,204
83 65 rgb255=179,177,175
84 65 rgb255=185,179,175
85 65 rgb255=184,181,174
86 65 rgb255=179,173,166
87 65 rgb255=162,134,126
88 65 rgb255=143,108,93
89 65 rgb255=151,92,79
90 65 rgb255=144,64,56
91 65 rgb255=123,53,44
92 65 rgb255=112,62,51
93 65 rgb255=81,55,41
94 65 rgb255=70,59,44
95 65 rgb255=70,62,49
96 65 rgb255=60,52,42
97 65 rgb255=62,54,43
98 65 rgb255=59,51,40
99 65 rgb255=45,37,26
100 65 rgb255=50,40,30
101 65 rgb255=56,46,35
102 65 rgb255=53,44,33
103 65 rgb255=62,52,41
104 65 rgb255=113,108,97
105 65 rgb255=162,164,154
106 65 rgb255=171,172,166
107 65 rgb255=172,172,171
108 65 rgb255=175,175,176
109 65 rgb255=180,177,177
110 65 rgb255=184,180,177
111 65 rgb255=176,172,169
112 65 rgb255=171,166,163
113 65 rgb255=217,214,212
114 65 rgb255=255,255,255
115 65 rgb255=255,255,255
116 65 rgb255=255,255,255
117 65 rgb255=255,255,255
118 65 rgb255=255,255,255
119 65 rgb255=255,255,255
120 65 rgb255=255,255,255
121 65 rgb255=255,255,255
122 65 rgb255=255,255,255
123 65 rgb255=216,152,139
124 65 rgb255=211,87,45
125 65 rgb255=212,66,13
126 65 rgb255=206,69,33
127 65 rgb255=210,47,25
128 65 rgb255=205,52,34
129 65 rgb255=207,49,32
130 65 rgb255=200,48,26
131 65 rgb255=201,74,39
132 65 rgb255=196,97,64
133 65 rgb255=205,149,133
134 65 rgb255=214,208,215
135 65 rgb255=213,231,237
136 65 rgb255=213,227,247
137 65 rgb255=212,228,246
138 65 rgb255=216,229,238
139 65 rgb255=219,221,233
140 65 rgb255=212,183,181
141 65 rgb255=207,130,99
142 65 rgb255=211,104,61
143 65 rgb255=206,94,53
144 65 rgb255=201,101,58
145 65 rgb255=199,99,58
146 65 rgb255=201,79,52
147 65 rgb255=196,81,68
148 65 rgb255=205,133,126
149 65 rgb255=212,174,173
150 65 rgb255=213,203,206
151 65 rgb255=218,226,239
152 65 rgb255=211,228,246
153 65 rgb255=212,228,241
154 65 rgb255=214,231,244
155 65 rgb255=255,255,255
156 65 rgb255=255,255,255
157 65 rgb255=255,255,255
158 65 rgb255=255,255,255
159 65 rgb255=255,255,255
160 65 rgb255=255,255,255
161 65 rgb255=255,255,255
162 65 rgb255=255,255,255
163 65 rgb255=255,255,255
164 65 rgb255=127,201,222
165 65 rgb255=141,214,234
166 65 rgb255=150,220,237
167 65 rgb255=158,225,240
168 65 rgb255=164,229,241
169 65 rgb255=169,230,242
170 65 rgb255=117,157,165
171 65 rgb255=5,20,23
172 65 rgb255=1,5,6
173 65 rgb255=7,7,12
174 65 rgb255=3,6,18
175 65 rgb255=5,6,20
176 65 rgb255=12,6,13
177 65 rgb255=28,12,13
178 65 rgb255=52,27,25
179 65 rgb255=74,45,41
180 65 rgb255=86,54,50
181 65 rgb255=74,45,42
182 65 rgb255=43,21,19
183 65 rgb255=21,9,9
184 65 rgb255=9,3,5
185 65 rgb255=8,4,7
186 65 rgb255=6,4,7
187 65 rgb255=2,5,8
188 65 rgb255=1,16,18
189 65 rgb255=88,124,130
190 65 rgb255=172,229,237
191 65 rgb255=170,236,243
192 65 rgb255=170,233,239
193 65 rgb255=174,235,241
194 65 rgb255=180,241,249
195 65 rgb255=177,237,247
0 64 rgb255=181,179,181
1 64 rgb255=184,182,184
2 64 rgb255=188,187,188
3 64 rgb255=191,191,190
4 64 rgb255=195,195,194
5 64 rgb255=201,200,199
6 64 rgb255=207,207,203
7 64 rgb255=212,212,207
8 64 rgb255=218,218,214
9 64 rgb255=223,223,219
10 64 rgb255=227,226,221
11 64 rgb255=231,230,225
12 64 rgb255=235,234,229
13 64 rgb255=238,237,232
14 64 rgb255=239,238,231
15 64 rgb255=238,236,229
16 64 rgb255=236,235,228
17 64 rgb255=234,233,226
18 64 rgb255=233,231,226
19 64 rgb255=230,228,223
20 64 rgb255=225,223,218
21 64 rgb255=220,218,214
22 64 rgb255=214,213,208
23 64 rgb255=207,206,201
24 64 rgb255=202,201,197
25 64 rgb255=196,195,196
26 64 rgb255=190,189,189
27 64 rgb255=176,174,175
28 64 rgb255=152,154,153
29 64 rgb255=136,141,138
30 64 rgb255=124,128,125
31 64 rgb255=111,115,113
32 64 rgb255=255,255,255
33 64 rgb255=255,255,255
34 64 rgb255=255,255,255
35 64 rgb255=255,255,255
36 64 rgb255=255,255,255
37 64 rgb255=255,255,255
38 64 rgb255=255,255,255
39 64 rgb255=255,255,255
40 64 rgb255=255,255,255
41 64 rgb255=255,255,255
42 64 rgb255=255,253,254
43 64 rgb255=254,255,255
44 64 rgb255=254,255,255
45 64 rgb255=255,253,254
46 64 rgb255=255,254,254
47 64 rgb255=255,255,255
48 64 rgb255=254,253,254
49 64 rgb255=254,252,254
50 64 rgb255=247,242,242
51 64 rgb255=220,193,183
52 64 rgb255=195,143,124
53 64 rgb255=208,169,153
54 64 rgb255=161,149,150
55 64 rgb255=94,94,101
56 64 rgb255=59,54,58
57 64 rgb255=42,36,43
58 64 rgb255=135,122,125
59 64 rgb255=190,169,167
60 64 rgb255=81,62,60
61 64 rgb255=26,19,26
62 64 rgb255=23,26,40
63 64 rgb255=27,29,40
64 64 rgb255=38,30,30
65 64 rgb255=93,70,49
66 64 rgb255=121,78,41
67 64 rgb255=114,62,27
68 64 rgb255=118,79,50
69 64 rgb255=135,117,98
70 64 rgb255=105,93,85
71 64 rgb255=90,85,80
72 64 rgb255=115,119,114
73 64 rgb255=255,255,255
74 64 rgb255=255,255,255
75 64 rgb255=255,255,255
76 64 rgb255=255,255,255
77 64 rgb255=255,255,255
78 64 rgb255=255,255,255
79 64 rgb255=255,255,255
80 64 rgb255=255,255,255
81 64 rgb255=255,255,255
82 64 rgb255=214,214,214
83 64 rgb255=180,177,175
84 64 rgb255=185,179,174
85 64 rgb255=185,180,174
86 64 rgb255=174,156,152
87 64 rgb255=134,88,79
88 64 rgb255=118,69,50
89 64 rgb255=137,82,62
90 64 rgb255=126,67,56
91 64 rgb255=128,83,75
92 64 rgb255=113,81,70
93 64 rgb255=86,70,56
94 64 rgb255=84,79,63
95 64 rgb255=88,82,69
96 64 rgb255=94,86,75
97 64 rgb255=110,103,92
98 64 rgb255=102,95,84
99 64 rgb255=64,55,44
100 64 rgb255=56,44,32
101 64 rgb255=59,46,33
102 64 rgb255=55,43,30
103 64 rgb255=61,48,36
104 64 rgb255=80,74,61
105 64 rgb255=135,138,125
106 64 rgb255=169,170,164
107 64 rgb255=171,171,172
108 64 rgb255=173,172,178
109 64 rgb255=178,175,175
110 64 rgb255=182,178,174
111 64 rgb255=175,172,169
112 64 rgb255=168,165,162
113 64 rgb255=209,207,204
114 64 rgb255=255,255,255
115 64 rgb255=255,255,255
116 64 rgb255=255,255,255
117 64 rgb255=255,255,255
118 64 rgb255=255,255,255
119 64 rgb255=255,255,255
120 64 rgb255=255,255,255
121 64 rgb255=255,255,255
122 64 rgb255=255,255,255
123 64 rgb255=207,103,52
124 64 rgb255=209,77,27
125 64 rgb255=209,76,37
126 64 rgb255=205,82,66
127 64 rgb255=202,77,74
128 64 rgb255=205,102,97
129 64 rgb255=207,99,83
130 64 rgb255=202,79,56
131 64 rgb255=199,90,43
132 64 rgb255=207,83,26
133 64 rgb255=208,74,27
134 64 rgb255=204,134,105
135 64 rgb255=210,211,210
136 64 rgb255=211,230,246
137 64 rgb255=218,224,232
138 64 rgb255=213,179,173
139 64 rgb255=212,132,103
140 64 rgb255=215,100,62
141 64 rgb255=201,91,61
142 64 rgb255=199,97,61
143 64 rgb255=207,88,55
144 64 rgb255=208,77,46
145 64 rgb255=211,68,38
146 64 rgb255=208,79,50
147 64 rgb255=197,62,36
148 64 rgb255=200,72,46
149 64 rgb255=203,88,62
150 64 rgb255=200,98,78
151 64 rgb255=220,185,187
152 64 rgb255=211,233,251
153 64 rgb255=208,230,243
154 64 rgb255=214,231,244
155 64 rgb255=255,255,255
156 64 rgb255=255,255,255
157 64 rgb255=255,255,255
158 64 rgb255=255,255,255
159 64 rgb255=255,255,255
160 64 rgb255=255,255,255
161 64 rgb255=255,255,255
162 64 rgb255=255,255,255
163 64 rgb255=255,255,255
164 64 rgb255=127,202,220
165 64 rgb255=141,215,232
166 64 rgb255=151,221,236
167 64 rgb255=156,224,236
168 64 rgb255=165,231,241
169 64 rgb255=165,226,235
170 64 rgb255=71,101,111
171 64 rgb255=1,7,12
172 64 rgb255=8,7,8
173 64 rgb255=9,6,9
174 64 rgb255=11,8,16
175 64 rgb255=24,13,18
176 64 rgb255=61,36,33
177 64 rgb255=119,80,69
178 64 rgb255=152,104,91
179 64 rgb255=170,117,103
180 64 rgb255=188,133,121
181 64 rgb255=171,121,110
182 64 rgb255=120,79,70
183 64 rgb255=68,38,32
184 64 rgb255=26,9,8
185 64 rgb255=12,4,8
186 64 rgb255=9,3,7
187 64 rgb255=6,3,8
188 64 rgb255=1,8,13
189 64 rgb255=84,113,121
190 64 rgb255=172,226,234
191 64 rgb255=174,239,245
192 64 rgb255=175,236,241
193 64 rgb255=179,238,243
194 64 rgb255=183,242,249
195 64 rgb255=181,239,247
0 63 rgb255=175,175,175
1 63 rgb255=179,179,179
2 63 rgb255=184,184,184
3 63 rgb255=189,188,186
4 63 rgb255=194,193,191
5 63 rgb255=198,197,195
6 63 rgb255=201,200,197
7 63 rgb255=205,204,200
8 63 rgb255=214,213,209
9 63 rgb255=220,219,215
10 63 rgb255=221,218,212
11 63 rgb255=224,220,214
12 63 rgb255=229,224,219
13 63 rgb255=230,226,219
14 63 rgb255=229,226,217
15 63 rgb255=229,225,216
16 63 rgb255=228,224,215
17 63 rgb255=229,224,217
18 63 rgb255=230,225,219
19 63 rgb255=229,224,218
20 63 rgb255=224,219,213
21 63 rgb255=215,213,209
22 63 rgb255=207,207,203
23 63 rgb255=197,196,192
24 63 rgb255=197,196,193
25 63 rgb255=187,186,184
26 63 rgb255=151,151,149
27 63 rgb255=127,126,125
28 63 rgb255=110,111,110
29 63 rgb255=105,108,106
30 63 rgb255=102,104,103
31 63 rgb255=101,104,102
32 63 rgb255=255,255,255
33 63 rgb255=255,255,255
34 63 rgb255=255,255,255
35 63 rgb255=255,255,255
36 63 rgb255=255,255,255
37 63 rgb255=255,255,255
38 63 rgb255=255,255,255
39 63 rgb255=255,255,255
40 63 rgb255=255,255,255
41 63 rgb255=253,253,254
42 63 rgb255=255,253,254
43 63 rgb255=252,254,254
44 63 rgb255=244,248,247
45 63 rgb255=250,252,251
46 63 rgb255=253,254,253
47 63 rgb255=255,255,255
48 63 rgb255=254,254,255
49 63 rgb255=250,253,254
50 63 rgb255=212,224,222
51 63 rgb255=195,200,191
52 63 rgb255=188,181,168
53 63 rgb255=238,232,226
54 63 rgb255=203,202,208
55 63 rgb255=75,74,82
56 63 rgb255=54,45,47
57 63 rgb255=123,108,107
58 63 rgb255=217,198,195
59 63 rgb255=180,162,161
60 63 rgb255=59,51,57
61 63 rgb255=20,18,29
62 63 rgb255=25,25,37
63 63 rgb255=33,33,40
64 63 rgb255=51,41,38
65 63 rgb255=104,86,70
66 63 rgb255=106,81,59
67 63 rgb255=117,85,66
68 63 rgb255=117,94,80
69 63 rgb255=107,96,85
70 63 rgb255=102,84,76
71 63 rgb255=84,68,62
72 63 rgb255=50,41,36
73 63 rgb255=255,255,255
74 63 rgb255=255,255,255
75 63 rgb255=255,255,255
76 63 rgb255=255,255,255
77 63 rgb255=255,255,255
78 63 rgb255=255,255,255
79 63 rgb255=255,255,255
80 63 rgb255=255,255,255
81 63 rgb255=255,255,255
82 63 rgb255=222,222,222
83 63 rgb255=180,177,175
84 63 rgb255=185,179,174
85 63 rgb255=187,179,173
86 63 rgb255=163,136,131
87 63 rgb255=144,90,79
88 63 rgb255=139,90,68
89 63 rgb255=136,93,71
90 63 rgb255=136,97,85
91 63 rgb255=143,119,109
92 63 rgb255=123,108,96
93 63 rgb255=96,90,76
94 63 rgb255=99,96,81
95 63 rgb255=112,103,91
96 63 rgb255=119,108,96
97 63 rgb255=122,111,99
98 63 rgb255=127,116,104
99 63 rgb255=101,89,78
100 63 rgb255=66,54,42
101 63 rgb255=66,54,41
102 63 rgb255=72,58,45
103 63 rgb255=76,62,46
104 63 rgb255=75,66,51
105 63 rgb255=118,117,105
106 63 rgb255=168,168,162
107 63 rgb255=172,172,172
108 63 rgb255=174,174,178
109 63 rgb255=178,177,177
110 63 rgb255=183,179,176
111 63 rgb255=177,172,169
112 63 rgb255=170,164,159
113 63 rgb255=211,205,201
114 63 rgb255=255,255,255
115 63 rgb255=255,255,255
116 63 rgb255=255,255,255
117 63 rgb255=255,255,255
118 63 rgb255=255,255,255
119 63 rgb255=255,255,255
120 63 rgb255=255,255,255
121 63 rgb255=255,255,255
122 63 rgb255=255,255,255
123 63 rgb255=208,138,108
124 63 rgb255=219,151,123
125 63 rgb255=217,165,155
126 63 rgb255=216,172,174
127 63 rgb255=219,185,189
128 63 rgb255=222,177,185
129 63 rgb255=221,159,160
130 63 rgb255=209,138,119
131 63 rgb255=198,99,58
132 63 rgb255=210,76,27
133 63 rgb255=208,70,27
134 63 rgb255=205,87,38
135 63 rgb255=199,117,84
136 63 rgb255=207,199,189
137 63 rgb255=213,180,165
138 63 rgb255=200,92,61
139 63 rgb255=202,78,20
140 63 rgb255=208,85,24
141 63 rgb255=205,70,42
142 63 rgb255=199,66,46
143 63 rgb255=199,60,39
144 63 rgb255=214,69,42
145 63 rgb255=210,58,25
146 63 rgb255=207,76,42
147 63 rgb255=206,60,33
148 63 rgb255=201,57,33
149 63 rgb255=207,76,55
150 63 rgb255=204,56,38
151 63 rgb255=196,103,89
152 63 rgb255=212,196,194
153 63 rgb255=211,228,243
154 63 rgb255=212,231,247
155 63 rgb255=255,255,255
156 63 rgb255=255,255,255
157 63 rgb255=255,255,255
158 63 rgb255=255,255,255
159 63 rgb255=255,255,255
160 63 rgb255=255,255,255
161 63 rgb255=255,255,255
162 63 rgb255=255,255,255
163 63 rgb255=255,255,255
164 63 rgb255=128,202,220
165 63 rgb255=140,214,230
166 63 rgb255=150,221,234
167 63 rgb255=155,223,235
168 63 rgb255=163,230,239
169 63 rgb255=147,208,217
170 63 rgb255=39,64,74
171 63 rgb255=0,2,9
172 63 rgb255=10,6,8
173 63 rgb255=12,4,6
174 63 rgb255=22,10,14
175 63 rgb255=55,31,28
176 63 rgb255=123,81,67
177 63 rgb255=184,133,112
178 63 rgb255=211,157,134
179 63 rgb255=222,165,141
180 63 rgb255=234,178,153
181 63 rgb255=226,174,151
182 63 rgb255=184,141,121
183 63 rgb255=118,83,67
184 63 rgb255=48,27,19
185 63 rgb255=16,6,8
186 63 rgb255=11,2,7
187 63 rgb255=11,4,10
188 63 rgb255=1,7,13
189 63 rgb255=82,110,118
190 63 rgb255=180,233,241
191 63 rgb255=180,243,249
192 63 rgb255=182,242,245
193 63 rgb255=186,243,246
194 63 rgb255=186,243,248
195 63 rgb255=184,241,247
0 62 rgb255=176,176,176
1 62 rgb255=179,179,179
2 62 rgb255=185,185,184
3 62 rgb255=191,190,188
4 62 rgb255=196,195,193
5 62 rgb255=200,199,197
6 62 rgb255=203,202,199
7 62 rgb255=205,204,200
8 62 rgb255=207,206,202
9 62 rgb255=211,209,205
10 62 rgb255=215,211,205
11 62 rgb255=218,213,207
12 62 rgb255=222,217,211
13 62 rgb255=223,218,211
14 62 rgb255=218,214,205
15 62 rgb255=217,213,204
16 62 rgb255=220,216,207
17 62 rgb255=222,217,210
18 62 rgb255=224,219,213
19 62 rgb255=225,220,214
20 62 rgb255=222,217,211
21 62 rgb255=217,215,210
22 62 rgb255=204,203,199
23 62 rgb255=171,170,166
24 62 rgb255=173,173,169
25 62 rgb255=165,165,163
26 62 rgb255=122,123,121
27 62 rgb255=113,113,111
28 62 rgb255=107,108,107
29 62 rgb255=104,106,106
30 62 rgb255=106,108,107
31 62 rgb255=104,106,105
32 62 rgb255=255,255,255
33 62 rgb255=255,255,255
34 62 rgb255=255,255,255
35 62 rgb255=255,255,255
36 62 rgb255=255,255,255
37 62 rgb255=255,255,255
38 62 rgb255=255,255,255
39 62 rgb255=255,255,255
40 62 rgb255=255,255,255
41 62 rgb255=246,248,248
42 62 rgb255=254,254,254
43 62 rgb255=238,244,242
44 62 rgb255=179,191,187
45 62 rgb255=193,203,199
46 62 rgb255=242,246,245
47 62 rgb255=255,255,255
48 62 rgb255=251,251,251
49 62 rgb255=223,230,225
50 62 rgb255=148,164,154
51 62 rgb255=115,134,124
52 62 rgb255=108,125,118
53 62 rgb255=195,207,200
54 62 rgb255=191,189,192
55 62 rgb255=53,43,51
56 62 rgb255=41,30,35
57 62 rgb255=158,140,136
58 62 rgb255=221,198,192
59 62 rgb255=164,147,147
60 62 rgb255=53,49,60
61 62 rgb255=16,15,27
62 62 rgb255=18,15,24
63 62 rgb255=27,24,29
64 62 rgb255=54,41,35
65 62 rgb255=85,68,53
66 62 rgb255=62,46,33
67 62 rgb255=71,52,44
68 62 rgb255=82,67,59
69 62 rgb255=94,83,70
70 62 rgb255=107,87,73
71 62 rgb255=93,72,61
72 62 rgb255=79,61,52
73 62 rgb255=255,255,255
74 62 rgb255=255,255,255
75 62 rgb255=255,255,255
76 62 rgb255=255,255,255
77 62 rgb255=255,255,255
78 62 rgb255=255,255,255
79 62 rgb255=255,255,255
80 62 rgb255=255,255,255
81 62 rgb255=255,255,255
82 62 rgb255=216,216,216
83 62 rgb255=181,178,176
84 62 rgb255=187,181,177
85 62 rgb255=181,172,164
86 62 rgb255=146,115,103
87 62 rgb255=151,96,84
88 62 rgb255=159,117,98
89 62 rgb255=139,112,94
90 62 rgb255=109,80,68
91 62 rgb255=113,93,80
92 62 rgb255=122,114,97
93 62 rgb255=103,100,82
94 62 rgb255=123,117,99
95 62 rgb255=127,112,97
96 62 rgb255=106,87,74
97 62 rgb255=106,88,75
98 62 rgb255=124,106,92
99 62 rgb255=120,103,91
100 62 rgb255=77,67,58
101 62 rgb255=74,65,54
102 62 rgb255=91,80,66
103 62 rgb255=79,66,49
104 62 rgb255=75,63,50
105 62 rgb255=118,108,102
106 62 rgb255=169,164,159
107 62 rgb255=171,171,168
108 62 rgb255=170,174,173
109 62 rgb255=175,177,177
110 62 rgb255=181,180,178
111 62 rgb255=177,173,169
112 62 rgb255=172,163,156
113 62 rgb255=215,206,199
114 62 rgb255=255,255,255
115 62 rgb255=255,255,255
116 62 rgb255=255,255,255
117 62 rgb255=255,255,255
118 62 rgb255=255,255,255
119 62 rgb255=255,255,255
120 62 rgb255=255,255,255
121 62 rgb255=255,255,255
122 62 rgb255=255,255,255
123 62 rgb255=214,173,180
124 62 rgb255=209,148,150
125 62 rgb255=206,137,139
126 62 rgb255=192,95,105
127 62 rgb255=199,111,116
128 62 rgb255=199,79,95
129 62 rgb255=189,63,72
130 62 rgb255=193,100,73
131 62 rgb255=190,69,51
132 62 rgb255=201,79,55
133 62 rgb255=200,98,53
134 62 rgb255=215,77,21
135 62 rgb255=210,66,20
136 62 rgb255=201,118,83
137 62 rgb255=206,106,73
138 62 rgb255=208,91,48
139 62 rgb255=216,92,30
140 62 rgb255=212,71,14
141 62 rgb255=210,59,28
142 62 rgb255=214,61,48
143 62 rgb255=210,51,31
144 62 rgb255=214,79,43
145 62 rgb255=207,64,24
146 62 rgb255=204,79,47
147 62 rgb255=211,72,49
148 62 rgb255=204,53,32
149 62 rgb255=208,63,42
150 62 rgb255=199,49,35
151 62 rgb255=193,69,51
152 62 rgb255=190,99,96
153 62 rgb255=212,200,208
154 62 rgb255=214,233,245
155 62 rgb255=255,255,255
156 62 rgb255=255,255,255
157 62 rgb255=255,255,255
158 62 rgb255=255,255,255
159 62 rgb255=255,255,255
160 62 rgb255=255,255,255
161 62 rgb255=255,255,255
162 62 rgb255=255,255,255
163 62 rgb255=255,255,255
164 62 rgb255=130,205,222
165 62 rgb255=140,215,231
166 62 rgb255=149,221,236
167 62 rgb255=156,226,240
168 62 rgb255=161,229,242
169 62 rgb255=148,213,224
170 62 rgb255=49,78,84
171 62 rgb255=0,2,5
172 62 rgb255=6,6,10
173 62 rgb255=15,5,10
174 62 rgb255=32,11,13
175 62 rgb255=64,30,26
176 62 rgb255=118,73,60
177 62 rgb255=174,121,109
178 62 rgb255=209,154,142
179 62 rgb255=230,177,155
180 62 rgb255=242,193,163
181 62 rgb255=224,177,146
182 62 rgb255=177,132,107
183 62 rgb255=133,90,75
184 62 rgb255=81,48,43
185 62 rgb255=36,17,20
186 62 rgb255=17,6,9
187 62 rgb255=7,5,9
188 62 rgb255=2,13,18
189 62 rgb255=97,130,136
190 62 rgb255=185,237,243
191 62 rgb255=186,244,250
192 62 rgb255=191,245,249
193 62 rgb255=194,245,249
194 62 rgb255=194,246,250
195 62 rgb255=191,242,247
0 61 rgb255=174,174,174
1 61 rgb255=174,174,174
2 61 rgb255=178,177,177
3 61 rgb255=184,183,181
4 61 rgb255=190,189,187
5 61 rgb255=196,195,193
6 61 rgb255=200,199,196
7 61 rgb255=202,201,197
8 61 rgb255=202,201,197
9 61 rgb255=202,201,196
10 61 rgb255=207,203,198
11 61 rgb255=212,207,201
12 61 rgb255=215,210,204
13 61 rgb255=218,213,206
14 61 rgb255=212,208,199
15 61 rgb255=208,204,195
16 61 rgb255=209,205,196
17 61 rgb255=211,206,199
18 61 rgb255=215,210,204
19 61 rgb255=214,209,203
20 61 rgb255=210,206,200
21 61 rgb255=198,196,191
22 61 rgb255=166,165,161
23 61 rgb255=136,135,131
24 61 rgb255=131,130,126
25 61 rgb255=129,129,127
26 61 rgb255=117,117,115
27 61 rgb255=113,113,111
28 61 rgb255=112,113,111
29 61 rgb255=109,111,110
30 61 rgb255=108,110,109
31 61 rgb255=103,105,104
32 61 rgb255=255,255,255
33 61 rgb255=255,255,255
34 61 rgb255=255,255,255
35 61 rgb255=255,255,255
36 61 rgb255=255,255,255
37 61 rgb255=255,255,255
38 61 rgb255=255,255,255
39 61 rgb255=255,255,255
40 61 rgb255=255,255,255
41 61 rgb255=247,252,251
42 61 rgb255=240,242,242
43 61 rgb255=185,194,192
44 61 rgb255=149,166,160
45 61 rgb255=156,172,167
46 61 rgb255=214,221,219
47 61 rgb255=253,253,254
48 61 rgb255=236,237,232
49 61 rgb255=175,182,165
50 61 rgb255=123,132,112
51 61 rgb255=91,102,92
52 61 rgb255=69,85,80
53 61 rgb255=147,162,142
54 61 rgb255=201,190,182
55 61 rgb255=87,67,72
56 61 rgb255=70,61,69
57 61 rgb255=173,160,161
58 61 rgb255=192,172,168
59 61 rgb255=139,122,121
60 61 rgb255=42,36,43
61 61 rgb255=32,27,36
62 61 rgb255=21,15,23
63 61 rgb255=13,7,11
64 61 rgb255=61,46,39
65 61 rgb255=97,76,57
66 61 rgb255=75,55,37
67 61 rgb255=72,51,40
68 61 rgb255=79,56,42
69 61 rgb255=91,69,45
70 61 rgb255=101,86,64
71 61 rgb255=93,76,58
72 61 rgb255=94,76,61
73 61 rgb255=255,255,255
74 61 rgb255=255,255,255
75 61 rgb255=255,255,255
76 61 rgb255=255,255,255
77 61 rgb255=255,255,255
78 61 rgb255=255,255,255
79 61 rgb255=255,255,255
80 61 rgb255=255,255,255
81 61 rgb255=255,255,255
82 61 rgb255=211,211,211
83 61 rgb255=180,177,175
84 61 rgb255=188,182,178
85 61 rgb255=168,156,149
86 61 rgb255=144,101,91
87 61 rgb255=153,87,77
88 61 rgb255=129,77,61
89 61 rgb255=112,75,60
90 61 rgb255=75,41,31
91 61 rgb255=89,67,55
92 61 rgb255=116,107,89
93 61 rgb255=101,98,78
94 61 rgb255=135,127,109
95 61 rgb255=137,122,106
96 61 rgb255=112,93,79
97 61 rgb255=106,88,73
98 61 rgb255=116,98,84
99 61 rgb255=122,106,92
100 61 rgb255=90,79,67
101 61 rgb255=83,74,64
102 61 rgb255=75,67,58
103 61 rgb255=43,36,28
104 61 rgb255=70,60,55
105 61 rgb255=121,109,106
106 61 rgb255=169,162,159
107 61 rgb255=172,171,169
108 61 rgb255=171,175,174
109 61 rgb255=175,177,178
110 61 rgb255=180,180,181
111 61 rgb255=175,174,173
112 61 rgb255=169,165,162
113 61 rgb255=212,208,204
114 61 rgb255=255,255,255
115 61 rgb255=255,255,255
116 61 rgb255=255,255,255
117 61 rgb255=255,255,255
118 61 rgb255=255,255,255
119 61 rgb255=255,255,255
120 61 rgb255=255,255,255
121 61 rgb255=255,255,255
122 61 rgb255=255,255,255
123 61 rgb255=201,137,152
124 61 rgb255=183,61,74
125 61 rgb255=185,58,64
126 61 rgb255=183,35,42
127 61 rgb255=186,56,55
128 61 rgb255=193,52,56
129 61 rgb255=187,58,53
130 61 rgb255=191,95,65
131 61 rgb255=192,100,99
132 61 rgb255=199,154,155
133 61 rgb255=214,178,162
134 61 rgb255=212,127,98
135 61 rgb255=206,82,44
136 61 rgb255=207,76,27
137 61 rgb255=203,76,30
138 61 rgb255=206,80,41
139 61 rgb255=213,84,29
140 61 rgb255=208,67,20
141 61 rgb255=209,76,43
142 61 rgb255=207,76,54
143 61 rgb255=210,50,23
144 61 rgb255=208,79,46
145 61 rgb255=207,73,45
146 61 rgb255=197,78,63
147 61 rgb255=196,69,62
148 61 rgb255=205,53,46
149 61 rgb255=199,70,46
150 61 rgb255=199,45,33
151 61 rgb255=204,74,63
152 61 rgb255=188,66,68
153 61 rgb255=197,135,139
154 61 rgb255=215,232,238
155 61 rgb255=255,255,255
156 61 rgb255=255,255,255
157 61 rgb255=255,255,255
158 61 rgb255=255,255,255
159 61 rgb255=255,255,255
160 61 rgb255=255,255,255
161 61 rgb255=255,255,255
162 61 rgb255=255,255,255
163 61 rgb255=255,255,255
164 61 rgb255=140,213,228
165 61 rgb255=147,219,234
166 61 rgb255=151,221,236
167 61 rgb255=157,226,239
168 61 rgb255=162,230,242
169 61 rgb255=167,231,242
170 61 rgb255=99,132,136
171 61 rgb255=4,12,12
172 61 rgb255=3,4,9
173 61 rgb255=16,9,16
174 61 rgb255=37,18,25
175 61 rgb255=71,43,46
176 61 rgb255=94,61,59
177 61 rgb255=116,74,69
178 61 rgb255=153,103,93
179 61 rgb255=206,151,133
180 61 rgb255=217,159,135
181 61 rgb255=174,119,95
182 61 rgb255=133,86,68
183 61 rgb255=118,79,71
184 61 rgb255=110,79,76
185 61 rgb255=82,56,55
186 61 rgb255=39,21,22
187 61 rgb255=10,5,7
188 61 rgb255=6,16,21
189 61 rgb255=113,145,150
190 61 rgb255=192,241,246
191 61 rgb255=191,247,252
192 61 rgb255=197,248,252
193 61 rgb255=201,249,253
194 61 rgb255=202,251,255
195 61 rgb255=199,247,251
0 60 rgb255=172,172,172
1 60 rgb255=171,171,171
2 60 rgb255=176,176,176
3 60 rgb255=182,181,179
4 60 rgb255=186,185,183
5 60 rgb255=190,189,188
6 60 rgb255=192,191,188
7 60 rgb255=197,196,192
8 60 rgb255=199,198,194
9 60 rgb255=198,197,193
10 60 rgb255=203,199,193
11 60 rgb255=208,203,197
12 60 rgb255=211,206,200
13 60 rgb255=214,209,203
14 60 rgb255=212,208,199
15 60 rgb255=208,205,196
16 60 rgb255=209,205,196
17 60 rgb255=211,206,199
18 60 rgb255=210,205,199
19 60 rgb255=204,199,193
20 60 rgb255=189,184,178
21 60 rgb255=159,157,153
22 60 rgb255=136,135,131
23 60 rgb255=129,128,124
24 60 rgb255=123,123,119
25 60 rgb255=121,120,118
26 60 rgb255=117,117,115
27 60 rgb255=113,113,110
28 60 rgb255=113,114,113
29 60 rgb255=113,115,114
30 60 rgb255=110,112,111
31 60 rgb255=103,105,104
32 60 rgb255=255,255,255
33 60 rgb255=255,255,255
34 60 rgb255=255,255,255
35 60 rgb255=255,255,255
36 60 rgb255=255,255,255
37 60 rgb255=255,255,255
38 60 rgb255=255,255,255
39 60 rgb255=255,255,255
40 60 rgb255=255,255,255
41 60 rgb255=244,245,248
42 60 rgb255=181,187,188
43 60 rgb255=130,144,142
44 60 rgb255=165,184,170
45 60 rgb255=139,155,155
46 60 rgb255=134,145,152
47 60 rgb255=210,219,214
48 60 rgb255=175,187,173
49 60 rgb255=140,153,132
50 60 rgb255=125,135,120
51 60 rgb255=73,80,72
52 60 rgb255=42,52,40
53 60 rgb255=155,159,133
54 60 rgb255=246,222,214
55 60 rgb255=191,165,165
56 60 rgb255=175,150,151
57 60 rgb255=210,176,176
58 60 rgb255=184,150,149
59 60 rgb255=102,77,79
60 60 rgb255=29,17,22
61 60 rgb255=44,36,41
62 60 rgb255=29,23,31
63 60 rgb255=32,13,23
64 60 rgb255=88,63,52
65 60 rgb255=96,78,51
66 60 rgb255=76,53,35
67 60 rgb255=75,53,36
68 60 rgb255=82,59,37
69 60 rgb255=87,64,37
70 60 rgb255=91,74,48
71 60 rgb255=94,78,54
72 60 rgb255=91,76,54
73 60 rgb255=255,255,255
74 60 rgb255=255,255,255
75 60 rgb255=255,255,255
76 60 rgb255=255,255,255
77 60 rgb255=255,255,255
78 60 rgb255=255,255,255
79 60 rgb255=255,255,255
80 60 rgb255=255,255,255
81 60 rgb255=255,255,255
82 60 rgb255=221,221,221
83 60 rgb255=180,178,175
84 60 rgb255=186,181,176
85 60 rgb255=161,146,139
86 60 rgb255=150,97,88
87 60 rgb255=157,80,71
88 60 rgb255=122,58,44
89 60 rgb255=125,76,62
90 60 rgb255=102,59,51
91 60 rgb255=119,94,82
92 60 rgb255=122,110,94
93 60 rgb255=100,93,75
94 60 rgb255=136,127,110
95 60 rgb255=140,127,111
96 60 rgb255=126,111,96
97 60 rgb255=117,103,88
98 60 rgb255=116,102,87
99 60 rgb255=108,94,78
100 60 rgb255=94,81,65
101 60 rgb255=80,69,57
102 60 rgb255=35,26,19
103 60 rgb255=21,13,11
104 60 rgb255=61,48,45
105 60 rgb255=123,105,99
106 60 rgb255=163,149,144
107 60 rgb255=168,160,156
108 60 rgb255=170,167,164
109 60 rgb255=176,175,173
110 60 rgb255=180,179,178
111 60 rgb255=176,175,174
112 60 rgb255=167,166,166
113 60 rgb255=203,202,202
114 60 rgb255=255,255,255
115 60 rgb255=255,255,255
116 60 rgb255=255,255,255
117 60 rgb255=255,255,255
118 60 rgb255=255,255,255
119 60 rgb255=255,255,255
120 60 rgb255=255,255,255
121 60 rgb255=255,255,255
122 60 rgb255=255,255,255
123 60 rgb255=220,210,221
124 60 rgb255=208,172,178
125 60 rgb255=204,153,160
126 60 rgb255=210,143,153
127 60 rgb255=203,145,150
128 60 rgb255=205,161,163
129 60 rgb255=210,164,159
130 60 rgb255=194,138,109
131 60 rgb255=205,196,195
132 60 rgb255=214,227,238
133 60 rgb255=217,226,239
134 60 rgb255=218,196,198
135 60 rgb255=211,103,71
136 60 rgb255=204,78,33
137 60 rgb255=210,76,31
138 60 rgb255=215,65,22
139 60 rgb255=207,77,34
140 60 rgb255=203,83,46
141 60 rgb255=214,77,36
142 60 rgb255=205,72,43
143 60 rgb255=203,56,34
144 60 rgb255=201,82,60
145 60 rgb255=198,72,62
146 60 rgb255=192,52,50
147 60 rgb255=188,35,42
148 60 rgb255=190,40,45
149 60 rgb255=188,76,60
150 60 rgb255=204,59,47
151 60 rgb255=198,62,58
152 60 rgb255=185,64,67
153 60 rgb255=194,94,97
154 60 rgb255=212,218,224
155 60 rgb255=255,255,255
156 60 rgb255=255,255,255
157 60 rgb255=255,255,255
158 60 rgb255=255,255,255
159 60 rgb255=255,255,255
160 60 rgb255=255,255,255
161 60 rgb255=255,255,255
162 60 rgb255=255,255,255
163 60 rgb255=255,255,255
164 60 rgb255=149,218,232
165 60 rgb255=154,223,236
166 60 rgb255=155,222,234
167 60 rgb255=161,226,236
168 60 rgb255=166,230,239
169 60 rgb255=174,235,243
170 60 rgb255=130,163,166
171 60 rgb255=9,17,18
172 60 rgb255=2,4,8
173 60 rgb255=23,15,21
174 60 rgb255=48,32,39
175 60 rgb255=67,46,52
176 60 rgb255=78,53,58
177 60 rgb255=112,78,74
178 60 rgb255=118,71,57
179 60 rgb255=159,97,79
180 60 rgb255=201,129,109
181 60 rgb255=158,89,72
182 60 rgb255=150,96,85
183 60 rgb255=112,77,73
184 60 rgb255=99,68,63
185 60 rgb255=108,70,62
186 60 rgb255=75,43,39
187 60 rgb255=29,12,14
188 60 rgb255=5,7,14
189 60 rgb255=95,120,127
190 60 rgb255=195,240,245
191 60 rgb255=197,250,252
192 60 rgb255=199,248,250
193 60 rgb255=202,250,251
194 60 rgb255=205,253,254
195 60 rgb255=202,249,251
0 59 rgb255=174,174,173
1 59 rgb255=169,169,169
2 59 rgb255=175,175,173
3 59 rgb255=180,179,176
4 59 rgb255=183,182,179
5 59 rgb255=185,185,182
6 59 rgb255=188,187,183
7 59 rgb255=193,191,187
8 59 rgb255=195,193,188
9 59 rgb255=196,193,188
10 59 rgb255=199,194,189
11 59 rgb255=203,197,191
12 59 rgb255=208,202,195
13 59 rgb255=210,204,196
14 59 rgb255=211,206,197
15 59 rgb255=213,208,198
16 59 rgb255=212,207,197
17 59 rgb255=210,204,196
18 59 rgb255=207,201,194
19 59 rgb255=197,192,185
20 59 rgb255=169,165,159
21 59 rgb255=142,141,136
22 59 rgb255=132,132,127
23 59 rgb255=127,127,123
24 59 rgb255=126,125,121
25 59 rgb255=121,121,119
26 59 rgb255=116,116,114
27 59 rgb255=113,113,111
28 59 rgb255=113,114,112
29 59 rgb255=112,114,112
30 59 rgb255=109,111,109
31 59 rgb255=103,105,103
32 59 rgb255=255,255,255
33 59 rgb255=255,255,255
34 59 rgb255=255,255,255
35 59 rgb255=255,255,255
36 59 rgb255=255,255,255
37 59 rgb255=255,255,255
38 59 rgb255=255,255,255
39 59 rgb255=255,255,255
40 59 rgb255=255,255,255
41 59 rgb255=231,233,233
42 59 rgb255=115,125,120
43 59 rgb255=134,151,140
44 59 rgb255=158,176,162
45 59 rgb255=108,121,131
46 59 rgb255=109,123,130
47 59 rgb255=156,173,155
48 59 rgb255=112,130,109
49 59 rgb255=113,130,113
50 59 rgb255=116,130,117
51 59 rgb255=73,84,65
52 59 rgb255=106,119,88
53 59 rgb255=177,176,151
54 59 rgb255=242,212,208
55 59 rgb255=235,204,204
56 59 rgb255=237,187,187
57 59 rgb255=209,116,120
58 59 rgb255=193,96,104
59 59 rgb255=171,90,101
60 59 rgb255=126,55,68
61 59 rgb255=74,34,43
62 59 rgb255=34,32,36
63 59 rgb255=66,51,56
64 59 rgb255=109,71,60
65 59 rgb255=101,70,47
66 59 rgb255=72,50,33
67 59 rgb255=70,48,28
68 59 rgb255=78,57,33
69 59 rgb255=89,68,42
70 59 rgb255=85,64,35
71 59 rgb255=91,73,45
72 59 rgb255=93,78,52
73 59 rgb255=255,255,255
74 59 rgb255=255,255,255
75 59 rgb255=255,255,255
76 59 rgb255=255,255,255
77 59 rgb255=255,255,255
78 59 rgb255=255,255,255
79 59 rgb255=255,255,255
80 59 rgb255=255,255,255
81 59 rgb255=255,255,255
82 59 rgb255=225,225,225
83 59 rgb255=181,178,176
84 59 rgb255=185,180,176
85 59 rgb255=162,146,138
86 59 rgb255=156,98,88
87 59 rgb255=162,80,71
88 59 rgb255=131,64,48
89 59 rgb255=129,75,60
90 59 rgb255=108,62,53
91 59 rgb255=128,100,90
92 59 rgb255=138,122,107
93 59 rgb255=113,103,87
94 59 rgb255=143,131,115
95 59 rgb255=140,127,111
96 59 rgb255=120,108,91
97 59 rgb255=128,116,99
98 59 rgb255=136,124,107
99 59 rgb255=110,98,82
100 59 rgb255=96,84,67
101 59 rgb255=72,56,43
102 59 rgb255=41,21,12
103 59 rgb255=56,32,25
104 59 rgb255=92,63,54
105 59 rgb255=125,93,80
106 59 rgb255=135,108,96
107 59 rgb255=139,119,108
108 59 rgb255=141,125,116
109 59 rgb255=158,146,138
110 59 rgb255=181,172,164
111 59 rgb255=180,173,168
112 59 rgb255=174,170,166
113 59 rgb255=205,203,201
114 59 rgb255=255,255,255
115 59 rgb255=255,255,255
116 59 rgb255=255,255,255
117 59 rgb255=255,255,255
118 59 rgb255=255,255,255
119 59 rgb255=255,255,255
120 59 rgb255=255,255,255
121 59 rgb255=255,255,255
122 59 rgb255=255,255,255
123 59 rgb255=214,231,246
124 59 rgb255=214,234,242
125 59 rgb255=209,236,241
126 59 rgb255=215,232,244
127 59 rgb255=220,227,244
128 59 rgb255=212,235,247
129 59 rgb255=218,220,230
130 59 rgb255=194,139,117
131 59 rgb255=197,190,176
132 59 rgb255=216,233,239
133 59 rgb255=204,217,220
134 59 rgb255=200,136,124
135 59 rgb255=206,70,38
136 59 rgb255=209,77,53
137 59 rgb255=210,75,36
138 59 rgb255=209,79,22
139 59 rgb255=209,90,29
140 59 rgb255=212,79,33
141 59 rgb255=213,64,30
142 59 rgb255=203,75,55
143 59 rgb255=190,60,49
144 59 rgb255=189,73,57
145 59 rgb255=190,51,47
146 59 rgb255=190,49,49
147 59 rgb255=187,43,52
148 59 rgb255=185,57,63
149 59 rgb255=187,32,38
150 59 rgb255=191,56,45
151 59 rgb255=193,63,61
152 59 rgb255=182,41,50
153 59 rgb255=186,85,79
154 59 rgb255=210,204,208
155 59 rgb255=255,255,255
156 59 rgb255=255,255,255
157 59 rgb255=255,255,255
158 59 rgb255=255,255,255
159 59 rgb255=255,255,255
160 59 rgb255=255,255,255
161 59 rgb255=255,255,255
162 59 rgb255=255,255,255
163 59 rgb255=255,255,255
164 59 rgb255=154,219,230
165 59 rgb255=160,225,235
166 59 rgb255=161,225,233
167 59 rgb255=167,228,236
168 59 rgb255=170,231,237
169 59 rgb255=178,236,241
170 59 rgb255=141,177,182
171 59 rgb255=11,24,28
172 59 rgb255=4,4,7
173 59 rgb255=37,21,22
174 59 rgb255=75,47,46
175 59 rgb255=104,70,67
176 59 rgb255=122,86,81
177 59 rgb255=155,114,103
178 59 rgb255=133,81,62
179 59 rgb255=132,68,44
180 59 rgb255=185,112,84
181 59 rgb255=170,97,72
182 59 rgb255=182,121,103
183 59 rgb255=170,123,112
184 59 rgb255=171,124,111
185 59 rgb255=169,117,99
186 59 rgb255=116,70,59
187 59 rgb255=46,16,17
188 59 rgb255=20,12,20
189 59 rgb255=90,108,116
190 59 rgb255=196,236,240
191 59 rgb255=201,250,250
192 59 rgb255=200,247,247
193 59 rgb255=203,249,249
194 59 rgb255=206,252,252
195 59 rgb255=204,249,249
0 58 rgb255=174,174,172
1 58 rgb255=170,170,168
2 58 rgb255=170,170,167
3 58 rgb255=175,174,170
4 58 rgb255=178,177,172
5 58 rgb255=180,179,175
6 58 rgb255=184,181,178
7 58 rgb255=190,184,181
8 58 rgb255=193,188,182
9 58 rgb255=195,191,181
10 58 rgb255=195,190,182
11 58 rgb255=197,191,184
12 58 rgb255=207,200,191
13 58 rgb255=214,207,197
14 58 rgb255=211,204,194
15 58 rgb255=209,202,192
16 58 rgb255=209,202,192
17 58 rgb255=208,201,190
18 58 rgb255=203,196,186
19 58 rgb255=185,181,172
20 58 rgb255=148,146,141
21 58 rgb255=127,128,123
22 58 rgb255=120,121,116
23 58 rgb255=122,123,118
24 58 rgb255=124,125,120
25 58 rgb255=121,121,119
26 58 rgb255=114,114,112
27 58 rgb255=114,114,112
28 58 rgb255=114,115,112
29 58 rgb255=110,112,109
30 58 rgb255=106,108,105
31 58 rgb255=101,103,100
32 58 rgb255=255,255,255
33 58 rgb255=255,255,255
34 58 rgb255=255,255,255
35 58 rgb255=255,255,255
36 58 rgb255=255,255,255
37 58 rgb255=255,255,255
38 58 rgb255=255,255,255
39 58 rgb255=255,255,255
40 58 rgb255=255,255,255
41 58 rgb255=236,244,240
42 58 rgb255=130,143,132
43 58 rgb255=107,124,105
44 58 rgb255=88,104,96
45 58 rgb255=57,68,84
46 58 rgb255=82,96,93
47 58 rgb255=128,147,116
48 58 rgb255=110,128,105
49 58 rgb255=93,110,97
50 58 rgb255=98,112,96
51 58 rgb255=105,118,87
52 58 rgb255=130,145,101
53 58 rgb255=168,169,146
54 58 rgb255=236,204,202
55 58 rgb255=232,195,196
56 58 rgb255=226,155,160
57 58 rgb255=199,84,95
58 58 rgb255=178,69,78
59 58 rgb255=180,85,93
60 58 rgb255=179,85,96
61 58 rgb255=151,62,81
62 58 rgb255=88,43,55
63 58 rgb255=92,68,67
64 58 rgb255=107,76,63
65 58 rgb255=100,73,52
66 58 rgb255=73,48,28
67 58 rgb255=67,43,20
68 58 rgb255=79,55,28
69 58 rgb255=89,66,36
70 58 rgb255=86,62,32
71 58 rgb255=87,66,37
72 58 rgb255=93,75,48
73 58 rgb255=255,255,255
74 58 rgb255=255,255,255
75 58 rgb255=255,255,255
76 58 rgb255=255,255,255
77 58 rgb255=255,255,255
78 58 rgb255=255,255,255
79 58 rgb255=255,255,255
80 58 rgb255=255,255,255
81 58 rgb255=255,255,255
82 58 rgb255=220,219,219
83 58 rgb255=179,176,174
84 58 rgb255=185,180,176
85 58 rgb255=162,147,139
86 58 rgb255=158,103,91
87 58 rgb255=173,95,83
88 58 rgb255=139,73,54
89 58 rgb255=113,60,42
90 58 rgb255=115,69,58
91 58 rgb255=118,89,78
92 58 rgb255=138,121,107
93 58 rgb255=133,120,104
94 58 rgb255=155,140,125
95 58 rgb255=129,116,100
96 58 rgb255=97,86,70
97 58 rgb255=131,120,104
98 58 rgb255=149,139,123
99 58 rgb255=122,112,96
100 58 rgb255=97,85,69
101 58 rgb255=91,70,55
102 58 rgb255=94,61,46
103 58 rgb255=118,76,60
104 58 rgb255=130,86,67
105 58 rgb255=130,87,66
106 58 rgb255=138,100,80
107 58 rgb255=145,112,93
108 58 rgb255=141,113,95
109 58 rgb255=136,113,97
110 58 rgb255=152,133,119
111 58 rgb255=171,155,143
112 58 rgb255=172,160,151
113 58 rgb255=196,189,183
114 58 rgb255=255,255,255
115 58 rgb255=255,255,255
116 58 rgb255=255,255,255
117 58 rgb255=255,255,255
118 58 rgb255=255,255,255
119 58 rgb255=255,255,255
120 58 rgb255=255,255,255
121 58 rgb255=255,255,255
122 58 rgb255=255,255,255
123 58 rgb255=210,231,247
124 58 rgb255=210,227,243
125 58 rgb255=213,227,242
126 58 rgb255=207,231,240
127 58 rgb255=208,231,239
128 58 rgb255=209,231,239
129 58 rgb255=216,228,237
130 58 rgb255=204,170,156
131 58 rgb255=185,157,124
132 58 rgb255=212,208,207
133 58 rgb255=212,153,154
134 58 rgb255=206,85,50
135 58 rgb255=183,64,31
136 58 rgb255=166,79,55
137 58 rgb255=191,103,56
138 58 rgb255=217,92,30
139 58 rgb255=219,89,17
140 58 rgb255=212,84,32
141 58 rgb255=199,74,48
142 58 rgb255=193,78,65
143 58 rgb255=191,52,53
144 58 rgb255=196,73,56
145 58 rgb255=199,77,65
146 58 rgb255=202,125,131
147 58 rgb255=213,163,176
148 58 rgb255=201,152,158
149 58 rgb255=189,73,83
150 58 rgb255=184,56,53
151 58 rgb255=189,67,62
152 58 rgb255=191,37,47
153 58 rgb255=183,86,79
154 58 rgb255=209,199,196
155 58 rgb255=255,255,255
156 58 rgb255=255,255,255
157 58 rgb255=255,255,255
158 58 rgb255=255,255,255
159 58 rgb255=255,255,255
160 58 rgb255=255,255,255
161 58 rgb255=255,255,255
162 58 rgb255=255,255,255
163 58 rgb255=255,255,255
164 58 rgb255=159,221,229
165 58 rgb255=165,227,235
166 58 rgb255=166,227,233
167 58 rgb255=171,230,235
168 58 rgb255=173,231,235
169 58 rgb255=179,235,238
170 58 rgb255=173,214,222
171 58 rgb255=72,91,101
172 58 rgb255=22,21,23
173 58 rgb255=47,23,17
174 58 rgb255=112,67,52
175 58 rgb255=168,111,91
176 58 rgb255=187,126,102
177 58 rgb255=170,109,86
178 58 rgb255=125,64,39
179 58 rgb255=140,77,43
180 58 rgb255=186,120,78
181 58 rgb255=170,103,60
182 58 rgb255=188,119,86
183 58 rgb255=213,144,121
184 58 rgb255=224,155,132
185 58 rgb255=206,139,113
186 58 rgb255=144,87,71
187 58 rgb255=79,39,39
188 58 rgb255=80,65,74
189 58 rgb255=164,176,185
190 58 rgb255=207,243,248
191 58 rgb255=201,248,248
192 58 rgb255=203,248,247
193 58 rgb255=205,249,248
194 58 rgb255=208,253,252
195 58 rgb255=206,250,249
0 57 rgb255=171,171,169
1 57 rgb255=171,171,169
2 57 rgb255=171,171,168
3 57 rgb255=174,173,169
4 57 rgb255=176,175,171
5 57 rgb255=177,176,172
6 57 rgb255=179,176,172
7 57 rgb255=185,179,176
8 57 rgb255=191,186,180
9 57 rgb255=196,192,182
10 57 rgb255=199,192,183
11 57 rgb255=206,199,190
12 57 rgb255=220,214,207
13 57 rgb255=236,230,222
14 57 rgb255=229,222,212
15 57 rgb255=213,206,196
16 57 rgb255=208,201,191
17 57 rgb255=205,199,188
18 57 rgb255=197,192,181
19 57 rgb255=160,158,149
20 57 rgb255=125,126,119
21 57 rgb255=114,115,110
22 57 rgb255=110,111,106
23 57 rgb255=116,117,111
24 57 rgb255=121,121,117
25 57 rgb255=119,119,117
26 57 rgb255=114,114,112
27 57 rgb255=115,115,113
28 57 rgb255=114,115,112
29 57 rgb255=108,110,107
30 57 rgb255=101,103,100
31 57 rgb255=96,98,95
32 57 rgb255=255,255,255
33 57 rgb255=255,255,255
34 57 rgb255=255,255,255
35 57 rgb255=255,255,255
36 57 rgb255=255,255,255
37 57 rgb255=255,255,255
38 57 rgb255=255,255,255
39 57 rgb255=255,255,255
40 57 rgb255=255,255,255
41 57 rgb255=181,195,199
42 57 rgb255=127,142,135
43 57 rgb255=110,127,109
44 57 rgb255=55,70,63
45 57 rgb255=28,41,51
46 57 rgb255=69,85,72
47 57 rgb255=125,144,110
48 57 rgb255=97,115,95
49 57 rgb255=76,92,83
50 57 rgb255=109,122,111
51 57 rgb255=131,143,118
52 57 rgb255=103,117,80
53 57 rgb255=147,149,130
54 57 rgb255=241,212,211
55 57 rgb255=240,189,193
56 57 rgb255=203,107,117
57 57 rgb255=156,70,84
58 57 rgb255=81,27,35
59 57 rgb255=66,25,27
60 57 rgb255=82,33,37
61 57 rgb255=152,72,89
62 57 rgb255=146,68,84
63 57 rgb255=117,45,52
64 57 rgb255=120,60,57
65 57 rgb255=103,70,53
66 57 rgb255=68,41,20
67 57 rgb255=66,39,14
68 57 rgb255=78,53,24
69 57 rgb255=85,59,28
70 57 rgb255=82,56,23
71 57 rgb255=85,61,30
72 57 rgb255=91,70,41
73 57 rgb255=255,255,255
74 57 rgb255=255,255,255
75 57 rgb255=255,255,255
76 57 rgb255=255,255,255
77 57 rgb255=255,255,255
78 57 rgb255=255,255,255
79 57 rgb255=255,255,255
80 57 rgb255=255,255,255
81 57 rgb255=255,255,255
82 57 rgb255=220,217,214
83 57 rgb255=179,175,172
84 57 rgb255=185,181,178
85 57 rgb255=160,150,143
86 57 rgb255=148,108,93
87 57 rgb255=169,107,90
88 57 rgb255=150,84,65
89 57 rgb255=115,55,37
90 57 rgb255=116,69,53
91 57 rgb255=102,72,56
92 57 rgb255=132,112,98
93 57 rgb255=148,132,119
94 57 rgb255=154,136,121
95 57 rgb255=95,80,67
96 57 rgb255=72,60,49
97 57 rgb255=139,128,116
98 57 rgb255=145,135,123
99 57 rgb255=97,87,74
100 57 rgb255=87,66,53
101 57 rgb255=108,72,59
102 57 rgb255=125,77,60
103 57 rgb255=140,91,68
104 57 rgb255=138,95,70
105 57 rgb255=139,99,77
106 57 rgb255=149,110,89
107 57 rgb255=152,115,93
108 57 rgb255=150,114,93
109 57 rgb255=143,112,93
110 57 rgb255=133,102,84
111 57 rgb255=142,111,92
112 57 rgb255=143,117,103
113 57 rgb255=174,157,149
114 57 rgb255=255,255,255
115 57 rgb255=255,255,255
116 57 rgb255=255,255,255
117 57 rgb255=255,255,255
118 57 rgb255=255,255,255
119 57 rgb255=255,255,255
120 57 rgb255=255,255,255
121 57 rgb255=255,255,255
122 57 rgb255=255,255,255
123 57 rgb255=213,231,246
124 57 rgb255=211,229,243
125 57 rgb255=211,229,243
126 57 rgb255=211,228,243
127 57 rgb255=206,231,242
128 57 rgb255=212,228,243
129 57 rgb255=209,231,243
130 57 rgb255=217,216,218
131 57 rgb255=201,152,128
132 57 rgb255=202,119,76
133 57 rgb255=208,91,40
134 57 rgb255=195,98,56
135 57 rgb255=167,106,78
136 57 rgb255=171,101,72
137 57 rgb255=201,95,59
138 57 rgb255=219,85,25
139 57 rgb255=214,85,22
140 57 rgb255=196,79,46
141 57 rgb255=191,65,54
142 57 rgb255=195,74,56
143 57 rgb255=190,64,58
144 57 rgb255=203,107,88
145 57 rgb255=200,111,95
146 57 rgb255=195,97,98
147 57 rgb255=207,127,139
148 57 rgb255=218,204,209
149 57 rgb255=212,187,195
150 57 rgb255=187,69,78
151 57 rgb255=183,46,46
152 57 rgb255=182,53,53
153 57 rgb255=185,79,79
154 57 rgb255=201,169,165
155 57 rgb255=255,255,255
156 57 rgb255=255,255,255
157 57 rgb255=255,255,255
158 57 rgb255=255,255,255
159 57 rgb255=255,255,255
160 57 rgb255=255,255,255
161 57 rgb255=255,255,255
162 57 rgb255=255,255,255
163 57 rgb255=255,255,255
164 57 rgb255=165,221,230
165 57 rgb255=170,227,236
166 57 rgb255=172,227,234
167 57 rgb255=175,230,235
168 57 rgb255=178,232,236
169 57 rgb255=180,233,237
170 57 rgb255=186,235,241
171 57 rgb255=165,197,203
172 57 rgb255=78,77,79
173 57 rgb255=70,36,32
174 57 rgb255=122,64,50
175 57 rgb255=187,118,96
176 57 rgb255=217,147,118
177 57 rgb255=189,121,96
178 57 rgb255=154,87,63
179 57 rgb255=180,117,82
180 57 rgb255=219,160,115
181 57 rgb255=197,134,88
182 57 rgb255=206,139,99
183 57 rgb255=227,155,126
184 57 rgb255=232,159,129
185 57 rgb255=206,138,106
186 57 rgb255=148,90,75
187 57 rgb255=113,77,78
188 57 rgb255=150,147,152
189 57 rgb255=213,239,239
190 57 rgb255=205,249,245
191 57 rgb255=201,249,246
192 57 rgb255=205,249,249
193 57 rgb255=207,249,250
194 57 rgb255=211,253,254
195 57 rgb255=208,250,250
0 56 rgb255=167,167,165
1 56 rgb255=170,170,168
2 56 rgb255=173,173,170
3 56 rgb255=177,176,172
4 56 rgb255=178,177,173
5 56 rgb255=178,177,173
6 56 rgb255=180,177,173
7 56 rgb255=185,180,176
8 56 rgb255=190,185,179
9 56 rgb255=198,193,184
10 56 rgb255=208,199,188
11 56 rgb255=221,213,203
12 56 rgb255=238,234,228
13 56 rgb255=250,247,241
14 56 rgb255=238,232,222
15 56 rgb255=216,209,199
16 56 rgb255=206,199,189
17 56 rgb255=200,194,183
18 56 rgb255=178,176,165
19 56 rgb255=134,135,125
20 56 rgb255=113,115,108
21 56 rgb255=103,104,99
22 56 rgb255=98,99,94
23 56 rgb255=107,108,102
24 56 rgb255=113,114,110
25 56 rgb255=112,112,110
26 56 rgb255=112,112,110
27 56 rgb255=114,114,112
28 56 rgb255=113,114,112
29 56 rgb255=107,109,106
30 56 rgb255=98,100,97
31 56 rgb255=91,93,90
32 56 rgb255=255,255,255
33 56 rgb255=255,255,255
34 56 rgb255=255,255,255
35 56 rgb255=255,255,255
36 56 rgb255=255,255,255
37 56 rgb255=255,255,255
38 56 rgb255=255,255,255
39 56 rgb255=255,255,255
40 56 rgb255=255,255,255
41 56 rgb255=148,163,154
42 56 rgb255=131,146,134
43 56 rgb255=132,146,129
44 56 rgb255=56,70,61
45 56 rgb255=36,50,54
46 56 rgb255=137,151,143
47 56 rgb255=177,193,177
48 56 rgb255=122,137,127
49 56 rgb255=119,133,126
50 56 rgb255=148,158,156
51 56 rgb255=169,176,169
52 56 rgb255=165,172,157
53 56 rgb255=195,193,183
54 56 rgb255=244,214,211
55 56 rgb255=229,163,162
56 56 rgb255=184,93,95
57 56 rgb255=122,70,79
58 56 rgb255=94,73,81
59 56 rgb255=77,64,67
60 56 rgb255=66,46,52
61 56 rgb255=73,41,47
62 56 rgb255=116,63,72
63 56 rgb255=149,46,59
64 56 rgb255=149,36,50
65 56 rgb255=111,51,47
66 56 rgb255=67,37,13
67 56 rgb255=62,33,7
68 56 rgb255=76,48,19
69 56 rgb255=82,53,23
70 56 rgb255=72,45,11
71 56 rgb255=80,56,20
72 56 rgb255=91,70,37
73 56 rgb255=255,255,255
74 56 rgb255=255,255,255
75 56 rgb255=255,255,255
76 56 rgb255=255,255,255
77 56 rgb255=255,255,255
78 56 rgb255=255,255,255
79 56 rgb255=255,255,255
80 56 rgb255=255,255,255
81 56 rgb255=255,255,255
82 56 rgb255=225,221,218
83 56 rgb255=180,176,173
84 56 rgb255=185,181,179
85 56 rgb255=164,155,150
86 56 rgb255=142,110,95
87 56 rgb255=162,109,91
88 56 rgb255=155,89,70
89 56 rgb255=127,64,48
90 56 rgb255=121,72,54
91 56 rgb255=91,56,38
92 56 rgb255=107,86,72
93 56 rgb255=151,138,124
94 56 rgb255=129,117,98
95 56 rgb255=45,36,21
96 56 rgb255=61,52,39
97 56 rgb255=146,133,120
98 56 rgb255=122,107,95
99 56 rgb255=68,50,38
100 56 rgb255=88,58,47
101 56 rgb255=127,84,72
102 56 rgb255=145,94,78
103 56 rgb255=151,101,79
104 56 rgb255=151,108,84
105 56 rgb255=149,111,90
106 56 rgb255=150,113,91
107 56 rgb255=150,112,90
108 56 rgb255=148,110,89
109 56 rgb255=142,108,89
110 56 rgb255=132,96,77
111 56 rgb255=136,98,77
112 56 rgb255=134,102,84
113 56 rgb255=173,152,143
114 56 rgb255=255,255,255
115 56 rgb255=255,255,255
116 56 rgb255=255,255,255
117 56 rgb255=255,255,255
118 56 rgb255=255,255,255
119 56 rgb255=255,255,255
120 56 rgb255=255,255,255
121 56 rgb255=255,255,255
122 56 rgb255=255,255,255
123 56 rgb255=214,230,244
124 56 rgb255=213,228,242
125 56 rgb255=212,230,245
126 56 rgb255=218,226,243
127 56 rgb255=214,225,232
128 56 rgb255=215,223,240
129 56 rgb255=214,228,249
130 56 rgb255=219,217,224
131 56 rgb255=218,148,119
132 56 rgb255=209,90,32
133 56 rgb255=211,91,34
134 56 rgb255=203,98,61
135 56 rgb255=188,105,83
136 56 rgb255=194,87,68
137 56 rgb255=208,81,52
138 56 rgb255=213,86,32
139 56 rgb255=208,84,35
140 56 rgb255=194,73,54
141 56 rgb255=196,68,56
142 56 rgb255=198,71,46
143 56 rgb255=194,102,98
144 56 rgb255=211,187,190
145 56 rgb255=214,203,204
146 56 rgb255=207,153,159
147 56 rgb255=189,84,96
148 56 rgb255=194,126,129
149 56 rgb255=216,215,224
150 56 rgb255=207,143,152
151 56 rgb255=187,70,65
152 56 rgb255=187,80,77
153 56 rgb255=188,62,64
154 56 rgb255=198,143,137
155 56 rgb255=255,255,255
156 56 rgb255=255,255,255
157 56 rgb255=255,255,255
158 56 rgb255=255,255,255
159 56 rgb255=255,255,255
160 56 rgb255=255,255,255
161 56 rgb255=255,255,255
162 56 rgb255=255,255,255
163 56 rgb255=255,255,255
164 56 rgb255=168,220,231
165 56 rgb255=174,226,236
166 56 rgb255=174,227,235
167 56 rgb255=177,230,235
168 56 rgb255=179,231,235
169 56 rgb255=179,232,236
170 56 rgb255=182,236,239
171 56 rgb255=194,236,238
172 56 rgb255=133,146,147
173 56 rgb255=77,57,54
174 56 rgb255=100,54,45
175 56 rgb255=165,104,87
176 56 rgb255=193,126,103
177 56 rgb255=175,107,84
178 56 rgb255=174,106,85
179 56 rgb255=189,122,97
180 56 rgb255=207,142,112
181 56 rgb255=212,147,115
182 56 rgb255=200,134,104
183 56 rgb255=192,125,96
184 56 rgb255=197,132,99
185 56 rgb255=175,115,86
186 56 rgb255=127,82,72
187 56 rgb255=140,125,129
188 56 rgb255=197,218,218
189 56 rgb255=207,251,243
190 56 rgb255=201,251,243
191 56 rgb255=204,249,248
192 56 rgb255=207,249,250
193 56 rgb255=208,249,251
194 56 rgb255=211,252,254
195 56 rgb255=208,249,251
0 55 rgb255=162,162,160
1 55 rgb255=165,165,163
2 55 rgb255=172,171,169
3 55 rgb255=178,177,173
4 55 rgb255=180,179,175
5 55 rgb255=180,179,175
6 55 rgb255=185,182,178
7 55 rgb255=190,185,181
8 55 rgb255=193,189,183
9 55 rgb255=201,196,186
10 55 rgb255=216,205,192
11 55 rgb255=232,223,212
12 55 rgb255=250,248,243
13 55 rgb255=255,255,250
14 55 rgb255=244,238,228
15 55 rgb255=216,209,199
16 55 rgb255=201,194,184
17 55 rgb255=186,182,170
18 55 rgb255=142,142,129
19 55 rgb255=113,116,105
20 55 rgb255=103,107,99
21 55 rgb255=95,97,91
22 55 rgb255=87,88,83
23 55 rgb255=95,96,91
24 55 rgb255=103,104,100
25 55 rgb255=104,104,102
26 55 rgb255=106,106,104
27 55 rgb255=111,111,109
28 55 rgb255=111,112,109
29 55 rgb255=105,107,104
30 55 rgb255=95,97,94
31 55 rgb255=86,88,85
32 55 rgb255=255,255,255
33 55 rgb255=255,255,255
34 55 rgb255=255,255,255
35 55 rgb255=255,255,255
36 55 rgb255=255,255,255
37 55 rgb255=255,255,255
38 55 rgb255=255,255,255
39 55 rgb255=255,255,255
40 55 rgb255=255,255,255
41 55 rgb255=174,195,145
42 55 rgb255=165,183,144
43 55 rgb255=160,178,138
44 55 rgb255=127,145,114
45 55 rgb255=108,126,105
46 55 rgb255=141,159,140
47 55 rgb255=171,187,171
48 55 rgb255=171,186,170
49 55 rgb255=163,175,163
50 55 rgb255=137,145,143
51 55 rgb255=196,199,199
52 55 rgb255=231,231,230
53 55 rgb255=215,211,216
54 55 rgb255=219,190,190
55 55 rgb255=201,134,134
56 55 rgb255=186,129,126
57 55 rgb255=183,158,159
58 55 rgb255=175,160,164
59 55 rgb255=161,148,155
60 55 rgb255=157,145,155
61 55 rgb255=114,106,110
62 55 rgb255=86,67,74
63 55 rgb255=138,49,58
64 55 rgb255=152,38,48
65 55 rgb255=110,49,46
66 55 rgb255=69,38,11
67 55 rgb255=63,31,3
68 55 rgb255=75,44,16
69 55 rgb255=78,47,19
70 55 rgb255=66,40,6
71 55 rgb255=76,53,12
72 55 rgb255=87,66,28
73 55 rgb255=255,255,255
74 55 rgb255=255,255,255
75 55 rgb255=255,255,255
76 55 rgb255=255,255,255
77 55 rgb255=255,255,255
78 55 rgb255=255,255,255
79 55 rgb255=255,255,255
80 55 rgb255=255,255,255
81 55 rgb255=255,255,255
82 55 rgb255=222,218,215
83 55 rgb255=181,177,174
84 55 rgb255=185,181,178
85 55 rgb255=173,164,159
86 55 rgb255=140,111,97
87 55 rgb255=159,107,91
88 55 rgb255=155,92,75
89 55 rgb255=128,69,54
90 55 rgb255=129,76,59
91 55 rgb255=96,54,36
92 55 rgb255=100,76,61
93 55 rgb255=152,141,123
94 55 rgb255=120,113,90
95 55 rgb255=62,56,35
96 55 rgb255=98,88,70
97 55 rgb255=144,125,110
98 55 rgb255=99,73,60
99 55 rgb255=94,62,50
100 55 rgb255=129,93,80
101 55 rgb255=148,108,93
102 55 rgb255=157,112,95
103 55 rgb255=157,110,89
104 55 rgb255=150,106,85
105 55 rgb255=146,106,85
106 55 rgb255=145,105,85
107 55 rgb255=142,101,81
108 55 rgb255=140,100,80
109 55 rgb255=134,98,79
110 55 rgb255=125,88,66
111 55 rgb255=136,97,73
112 55 rgb255=140,106,87
113 55 rgb255=186,164,153
114 55 rgb255=255,255,255
115 55 rgb255=255,255,255
116 55 rgb255=255,255,255
117 55 rgb255=255,255,255
118 55 rgb255=255,255,255
119 55 rgb255=255,255,255
120 55 rgb255=255,255,255
121 55 rgb255=255,255,255
122 55 rgb255=255,255,255
123 55 rgb255=213,231,243
124 55 rgb255=213,228,241
125 55 rgb255=216,221,232
126 55 rgb255=211,174,178
127 55 rgb255=208,134,128
128 55 rgb255=213,141,114
129 55 rgb255=211,175,154
130 55 rgb255=218,208,210
131 55 rgb255=217,176,167
132 55 rgb255=210,120,99
133 55 rgb255=201,85,68
134 55 rgb255=192,74,51
135 55 rgb255=194,80,61
136 55 rgb255=191,69,50
137 55 rgb255=201,77,45
138 55 rgb255=211,88,27
139 55 rgb255=209,83,30
140 55 rgb255=204,77,49
141 55 rgb255=196,70,51
142 55 rgb255=206,89,59
143 55 rgb255=219,178,175
144 55 rgb255=220,225,242
145 55 rgb255=210,232,244
146 55 rgb255=213,230,242
147 55 rgb255=209,201,212
148 55 rgb255=197,149,163
149 55 rgb255=201,204,210
150 55 rgb255=218,195,186
151 55 rgb255=204,97,70
152 55 rgb255=187,92,80
153 55 rgb255=181,60,64
154 55 rgb255=204,157,152
155 55 rgb255=255,255,255
156 55 rgb255=255,255,255
157 55 rgb255=255,255,255
158 55 rgb255=255,255,255
159 55 rgb255=255,255,255
160 55 rgb255=255,255,255
161 55 rgb255=255,255,255
162 55 rgb255=255,255,255
163 55 rgb255=255,255,255
164 55 rgb255=168,220,231
165 55 rgb255=173,226,236
166 55 rgb255=174,227,235
167 55 rgb255=177,230,235
168 55 rgb255=178,231,235
169 55 rgb255=180,233,237
170 55 rgb255=183,234,240
171 55 rgb255=189,237,241
172 55 rgb255=179,217,216
173 55 rgb255=132,150,143
174 55 rgb255=91,82,70
175 55 rgb255=118,78,62
176 55 rgb255=152,88,70
177 55 rgb255=140,69,48
178 55 rgb255=147,77,57
179 55 rgb255=172,100,85
180 55 rgb255=188,115,104
181 55 rgb255=188,115,102
182 55 rgb255=167,96,77
183 55 rgb255=160,92,65
184 55 rgb255=172,107,81
185 55 rgb255=145,92,77
186 55 rgb255=143,122,120
187 55 rgb255=195,212,215
188 55 rgb255=206,249,246
189 55 rgb255=201,251,244
190 55 rgb255=206,249,248
191 55 rgb255=210,248,251
192 55 rgb255=209,249,252
193 55 rgb255=208,249,251
194 55 rgb255=210,251,253
195 55 rgb255=207,247,249
0 54 rgb255=157,157,156
1 54 rgb255=160,160,159
2 54 rgb255=167,167,165
3 54 rgb255=175,174,170
4 54 rgb255=179,178,174
5 54 rgb255=181,180,176
6 54 rgb255=187,184,180
7 54 rgb255=193,187,184
8 54 rgb255=194,190,184
9 54 rgb255=197,193,183
10 54 rgb255=211,202,189
11 54 rgb255=236,228,218
12 54 rgb255=254,252,247
13 54 rgb255=255,255,252
14 54 rgb255=247,242,235
15 54 rgb255=216,208,198
16 54 rgb255=192,185,175
17 54 rgb255=151,149,139
18 54 rgb255=107,108,99
19 54 rgb255=94,96,89
20 54 rgb255=90,93,87
21 54 rgb255=87,89,85
22 54 rgb255=80,82,78
23 54 rgb255=86,88,83
24 54 rgb255=90,92,88
25 54 rgb255=88,89,86
26 54 rgb255=93,94,92
27 54 rgb255=102,103,100
28 54 rgb255=102,103,101
29 54 rgb255=100,102,99
30 54 rgb255=94,96,93
31 54 rgb255=84,86,83
32 54 rgb255=255,255,255
33 54 rgb255=255,255,255
34 54 rgb255=255,255,255
35 54 rgb255=255,255,255
36 54 rgb255=255,255,255
37 54 rgb255=255,255,255
38 54 rgb255=255,255,255
39 54 rgb255=255,255,255
40 54 rgb255=255,255,255
41 54 rgb255=112,142,72
42 54 rgb255=108,138,69
43 54 rgb255=138,170,90
44 54 rgb255=175,203,132
45 54 rgb255=144,168,108
46 54 rgb255=146,169,112
47 54 rgb255=153,175,121
48 54 rgb255=151,172,124
49 54 rgb255=138,157,120
50 54 rgb255=118,131,106
51 54 rgb255=142,152,128
52 54 rgb255=156,164,141
53 54 rgb255=129,137,127
54 54 rgb255=137,130,119
55 54 rgb255=177,137,138
56 54 rgb255=179,145,152
57 54 rgb255=155,143,150
58 54 rgb255=96,90,98
59 54 rgb255=92,88,98
60 54 rgb255=97,95,107
61 54 rgb255=82,83,86
62 54 rgb255=76,72,77
63 54 rgb255=123,57,63
64 54 rgb255=142,52,51
65 54 rgb255=100,52,40
66 54 rgb255=66,36,8
67 54 rgb255=66,35,7
68 54 rgb255=79,48,20
69 54 rgb255=74,44,16
70 54 rgb255=68,41,8
71 54 rgb255=79,57,15
72 54 rgb255=79,59,21
73 54 rgb255=255,255,255
74 54 rgb255=255,255,255
75 54 rgb255=255,255,255
76 54 rgb255=255,255,255
77 54 rgb255=255,255,255
78 54 rgb255=255,255,255
79 54 rgb255=255,255,255
80 54 rgb255=255,255,255
81 54 rgb255=255,255,255
82 54 rgb255=200,197,194
83 54 rgb255=176,172,169
84 54 rgb255=183,180,177
85 54 rgb255=175,168,162
86 54 rgb255=136,109,98
87 54 rgb255=152,103,89
88 54 rgb255=161,100,85
89 54 rgb255=149,92,80
90 54 rgb255=140,85,69
91 54 rgb255=117,66,48
92 54 rgb255=122,89,74
93 54 rgb255=162,141,124
94 54 rgb255=138,120,97
95 54 rgb255=117,96,74
96 54 rgb255=135,108,89
97 54 rgb255=137,104,87
98 54 rgb255=130,89,75
99 54 rgb255=149,104,91
100 54 rgb255=160,116,101
101 54 rgb255=161,121,104
102 54 rgb255=161,122,104
103 54 rgb255=158,114,96
104 54 rgb255=145,99,81
105 54 rgb255=138,94,75
106 54 rgb255=137,93,74
107 54 rgb255=132,88,69
108 54 rgb255=132,88,69
109 54 rgb255=127,88,68
110 54 rgb255=126,86,63
111 54 rgb255=141,100,74
112 54 rgb255=144,107,86
113 54 rgb255=200,178,165
114 54 rgb255=255,255,255
115 54 rgb255=255,255,255
116 54 rgb255=255,255,255
117 54 rgb255=255,255,255
118 54 rgb255=255,255,255
119 54 rgb255=255,255,255
120 54 rgb255=255,255,255
121 54 rgb255=255,255,255
122 54 rgb255=255,255,255
123 54 rgb255=213,231,245
124 54 rgb255=210,228,244
125 54 rgb255=215,222,231
126 54 rgb255=206,186,179
127 54 rgb255=210,138,120
128 54 rgb255=214,102,45
129 54 rgb255=206,93,24
130 54 rgb255=215,154,126
131 54 rgb255=225,202,201
132 54 rgb255=215,177,168
133 54 rgb255=196,126,116
134 54 rgb255=183,93,93
135 54 rgb255=189,62,65
136 54 rgb255=187,46,49
137 54 rgb255=198,72,59
138 54 rgb255=217,83,34
139 54 rgb255=212,93,47
140 54 rgb255=211,90,63
141 54 rgb255=193,90,80
142 54 rgb255=203,102,74
143 54 rgb255=212,201,203
144 54 rgb255=214,231,245
145 54 rgb255=207,229,243
146 54 rgb255=210,228,244
147 54 rgb255=216,234,246
148 54 rgb255=221,230,245
149 54 rgb255=205,230,239
150 54 rgb255=217,202,191
151 54 rgb255=216,115,58
152 54 rgb255=191,94,67
153 54 rgb255=185,87,80
154 54 rgb255=213,195,193
155 54 rgb255=255,255,255
156 54 rgb255=255,255,255
157 54 rgb255=255,255,255
158 54 rgb255=255,255,255
159 54 rgb255=255,255,255
160 54 rgb255=255,255,255
161 54 rgb255=255,255,255
162 54 rgb255=255,255,255
163 54 rgb255=255,255,255
164 54 rgb255=168,219,230
165 54 rgb255=174,227,237
166 54 rgb255=174,227,235
167 54 rgb255=176,229,234
168 54 rgb255=178,231,235
169 54 rgb255=180,233,237
170 54 rgb255=185,236,239
171 54 rgb255=186,239,241
172 54 rgb255=181,239,236
173 54 rgb255=187,236,229
174 54 rgb255=136,159,150
175 54 rgb255=90,73,64
176 54 rgb255=128,75,67
177 54 rgb255=136,70,56
178 54 rgb255=133,66,48
179 54 rgb255=171,99,87
180 54 rgb255=202,125,118
181 54 rgb255=198,122,114
182 54 rgb255=183,110,95
183 54 rgb255=180,114,91
184 54 rgb255=156,98,80
185 54 rgb255=112,76,73
186 54 rgb255=162,168,171
187 54 rgb255=204,246,248
188 54 rgb255=197,248,246
189 54 rgb255=207,250,246
190 54 rgb255=213,249,250
191 54 rgb255=213,248,254
192 54 rgb255=209,249,252
193 54 rgb255=207,248,249
194 54 rgb255=208,250,252
195 54 rgb255=206,246,248
0 53 rgb255=152,152,152
1 53 rgb255=158,158,158
2 53 rgb255=163,163,162
3 53 rgb255=169,168,164
4 53 rgb255=173,172,168
5 53 rgb255=175,175,171
6 53 rgb255=180,177,173
7 53 rgb255=187,182,178
8 53 rgb255=190,185,179
9 53 rgb255=193,189,179
10 53 rgb255=202,197,184
11 53 rgb255=232,226,217
12 53 rgb255=255,253,249
13 53 rgb255=255,254,254
14 53 rgb255=244,239,235
15 53 rgb255=213,203,193
16 53 rgb255=181,175,164
17 53 rgb255=126,125,118
18 53 rgb255=92,93,89
19 53 rgb255=83,84,79
20 53 rgb255=80,81,76
21 53 rgb255=78,80,76
22 53 rgb255=72,74,71
23 53 rgb255=73,75,72
24 53 rgb255=74,76,73
25 53 rgb255=72,74,71
26 53 rgb255=77,79,76
27 53 rgb255=87,89,86
28 53 rgb255=92,94,91
29 53 rgb255=93,95,92
30 53 rgb255=91,93,90
31 53 rgb255=83,85,82
32 53 rgb255=255,255,255
33 53 rgb255=255,255,255
34 53 rgb255=255,255,255
35 53 rgb255=255,255,255
36 53 rgb255=255,255,255
37 53 rgb255=255,255,255
38 53 rgb255=255,255,255
39 53 rgb255=255,255,255
40 53 rgb255=255,255,255
41 53 rgb255=147,178,91
42 53 rgb255=142,174,85
43 53 rgb255=164,198,95
44 53 rgb255=161,191,101
45 53 rgb255=131,157,83
46 53 rgb255=135,161,90
47 53 rgb255=141,166,98
48 53 rgb255=126,153,84
49 53 rgb255=121,149,83
50 53 rgb255=136,159,104
51 53 rgb255=147,166,113
52 53 rgb255=159,174,117
53 53 rgb255=160,177,119
54 53 rgb255=158,174,121
55 53 rgb255=190,178,151
56 53 rgb255=129,118,111
57 53 rgb255=86,81,84
58 53 rgb255=99,94,100
59 53 rgb255=97,96,104
60 53 rgb255=89,90,100
61 53 rgb255=63,67,68
62 53 rgb255=61,66,72
63 53 rgb255=122,74,81
64 53 rgb255=129,57,46
65 53 rgb255=91,51,30
66 53 rgb255=67,37,9
67 53 rgb255=73,42,14
68 53 rgb255=85,54,26
69 53 rgb255=70,40,12
70 53 rgb255=72,46,13
71 53 rgb255=81,59,17
72 53 rgb255=77,57,18
73 53 rgb255=255,255,255
74 53 rgb255=255,255,255
75 53 rgb255=255,255,255
76 53 rgb255=255,255,255
77 53 rgb255=255,255,255
78 53 rgb255=255,255,255
79 53 rgb255=255,255,255
80 53 rgb255=255,255,255
81 53 rgb255=255,255,255
82 53 rgb255=190,186,183
83 53 rgb255=173,169,165
84 53 rgb255=181,177,175
85 53 rgb255=176,169,164
86 53 rgb255=131,106,96
87 53 rgb255=142,95,82
88 53 rgb255=169,108,95
89 53 rgb255=169,114,103
90 53 rgb255=165,110,94
91 53 rgb255=150,94,76
92 53 rgb255=141,97,84
93 53 rgb255=151,113,100
94 53 rgb255=138,98,81
95 53 rgb255=139,92,75
96 53 rgb255=144,94,79
97 53 rgb255=147,97,82
98 53 rgb255=157,105,91
99 53 rgb255=165,112,98
100 53 rgb255=166,117,100
101 53 rgb255=160,121,102
102 53 rgb255=154,119,100
103 53 rgb255=149,107,91
104 53 rgb255=136,88,73
105 53 rgb255=132,85,67
106 53 rgb255=133,87,69
107 53 rgb255=130,84,65
108 53 rgb255=130,84,65
109 53 rgb255=126,85,64
110 53 rgb255=129,88,63
111 53 rgb255=142,98,72
112 53 rgb255=144,105,82
113 53 rgb255=206,183,169
114 53 rgb255=255,255,255
115 53 rgb255=255,255,255
116 53 rgb255=255,255,255
117 53 rgb255=255,255,255
118 53 rgb255=255,255,255
119 53 rgb255=255,255,255
120 53 rgb255=255,255,255
121 53 rgb255=255,255,255
122 53 rgb255=255,255,255
123 53 rgb255=212,231,248
124 53 rgb255=210,228,246
125 53 rgb255=213,227,244
126 53 rgb255=216,228,239
127 53 rgb255=216,226,229
128 53 rgb255=223,192,188
129 53 rgb255=215,124,87
130 53 rgb255=208,116,67
131 53 rgb255=208,155,133
132 53 rgb255=211,190,184
133 53 rgb255=211,200,203
134 53 rgb255=210,205,217
135 53 rgb255=215,176,187
136 53 rgb255=209,159,172
137 53 rgb255=210,150,150
138 53 rgb255=204,89,70
139 53 rgb255=211,130,109
140 53 rgb255=207,140,123
141 53 rgb255=214,194,193
142 53 rgb255=211,150,134
143 53 rgb255=214,186,193
144 53 rgb255=209,233,244
145 53 rgb255=216,228,247
146 53 rgb255=216,198,211
147 53 rgb255=208,148,140
148 53 rgb255=212,184,181
149 53 rgb255=214,230,248
150 53 rgb255=218,187,183
151 53 rgb255=211,102,34
152 53 rgb255=199,101,58
153 53 rgb255=196,122,101
154 53 rgb255=214,217,218
155 53 rgb255=255,255,255
156 53 rgb255=255,255,255
157 53 rgb255=255,255,255
158 53 rgb255=255,255,255
159 53 rgb255=255,255,255
160 53 rgb255=255,255,255
161 53 rgb255=255,255,255
162 53 rgb255=255,255,255
163 53 rgb255=255,255,255
164 53 rgb255=169,220,231
165 53 rgb255=174,227,237
166 53 rgb255=174,226,234
167 53 rgb255=176,228,234
168 53 rgb255=178,231,235
169 53 rgb255=181,234,237
170 53 rgb255=185,238,234
171 53 rgb255=186,243,235
172 53 rgb255=177,239,235
173 53 rgb255=183,240,238
174 53 rgb255=164,198,199
175 53 rgb255=80,80,83
176 53 rgb255=70,38,41
177 53 rgb255=114,63,59
178 53 rgb255=152,92,80
179 53 rgb255=189,123,104
180 53 rgb255=202,131,106
181 53 rgb255=210,138,112
182 53 rgb255=205,138,113
183 53 rgb255=167,107,86
184 53 rgb255=113,67,58
185 53 rgb255=106,92,95
186 53 rgb255=174,199,204
187 53 rgb255=202,249,251
188 53 rgb255=208,248,248
189 53 rgb255=222,248,246
190 53 rgb255=220,250,249
191 53 rgb255=212,252,253
192 53 rgb255=209,250,252
193 53 rgb255=206,247,249
194 53 rgb255=206,248,250
195 53 rgb255=204,245,247
0 52 rgb255=148,148,148
1 52 rgb255=153,153,153
2 52 rgb255=159,158,157
3 52 rgb255=163,162,158
4 52 rgb255=165,164,160
5 52 rgb255=166,166,161
6 52 rgb255=171,168,165
7 52 rgb255=178,172,169
8 52 rgb255=181,176,170
9 52 rgb255=187,183,173
10 52 rgb255=203,197,185
11 52 rgb255=229,224,214
12 52 rgb255=251,249,245
13 52 rgb255=255,255,254
14 52 rgb255=241,236,233
15 52 rgb255=208,198,188
16 52 rgb255=184,177,166
17 52 rgb255=142,141,134
18 52 rgb255=99,100,95
19 52 rgb255=81,82,76
20 52 rgb255=72,73,68
21 52 rgb255=69,70,67
22 52 rgb255=64,66,63
23 52 rgb255=60,62,59
24 52 rgb255=58,60,57
25 52 rgb255=62,64,61
26 52 rgb255=66,68,65
27 52 rgb255=76,78,75
28 52 rgb255=83,85,82
29 52 rgb255=84,86,83
30 52 rgb255=82,84,81
31 52 rgb255=79,81,78
32 52 rgb255=255,255,255
33 52 rgb255=255,255,255
34 52 rgb255=255,255,255
35 52 rgb255=255,255,255
36 52 rgb255=255,255,255
37 52 rgb255=255,255,255
38 52 rgb255=255,255,255
39 52 rgb255=255,255,255
40 52 rgb255=255,255,255
41 52 rgb255=199,226,130
42 52 rgb255=187,214,121
43 52 rgb255=145,172,74
44 52 rgb255=127,156,57
45 52 rgb255=167,198,101
46 52 rgb255=180,210,115
47 52 rgb255=180,210,116
48 52 rgb255=158,189,97
49 52 rgb255=153,183,98
50 52 rgb255=140,167,91
51 52 rgb255=133,156,83
52 52 rgb255=166,184,107
53 52 rgb255=185,202,124
54 52 rgb255=173,194,126
55 52 rgb255=198,197,167
56 52 rgb255=133,128,124
57 52 rgb255=83,76,75
58 52 rgb255=105,95,96
59 52 rgb255=115,108,111
60 52 rgb255=117,112,117
61 52 rgb255=73,69,71
62 52 rgb255=89,94,104
63 52 rgb255=139,100,108
64 52 rgb255=124,56,43
65 52 rgb255=89,52,24
66 52 rgb255=74,44,15
67 52 rgb255=76,45,16
68 52 rgb255=81,50,21
69 52 rgb255=65,35,6
70 52 rgb255=76,49,16
71 52 rgb255=78,55,15
72 52 rgb255=88,67,30
73 52 rgb255=255,255,255
74 52 rgb255=255,255,255
75 52 rgb255=255,255,255
76 52 rgb255=255,255,255
77 52 rgb255=255,255,255
78 52 rgb255=255,255,255
79 52 rgb255=255,255,255
80 52 rgb255=255,255,255
81 52 rgb255=255,255,255
82 52 rgb255=194,190,187
83 52 rgb255=171,167,164
84 52 rgb255=180,176,173
85 52 rgb255=178,172,167
86 52 rgb255=136,120,109
87 52 rgb255=115,82,68
88 52 rgb255=142,94,79
89 52 rgb255=163,110,96
90 52 rgb255=171,119,98
91 52 rgb255=162,103,83
92 52 rgb255=139,78,65
93 52 rgb255=131,80,68
94 52 rgb255=146,91,79
95 52 rgb255=162,102,87
96 52 rgb255=156,97,80
97 52 rgb255=150,91,74
98 52 rgb255=157,99,82
99 52 rgb255=162,105,88
100 52 rgb255=159,107,91
101 52 rgb255=154,109,92
102 52 rgb255=144,104,86
103 52 rgb255=135,92,76
104 52 rgb255=130,84,69
105 52 rgb255=131,86,69
106 52 rgb255=129,83,66
107 52 rgb255=127,82,64
108 52 rgb255=129,84,67
109 52 rgb255=126,87,66
110 52 rgb255=126,87,62
111 52 rgb255=138,96,71
112 52 rgb255=141,104,82
113 52 rgb255=209,188,175
114 52 rgb255=255,255,255
115 52 rgb255=255,255,255
116 52 rgb255=255,255,255
117 52 rgb255=255,255,255
118 52 rgb255=255,255,255
119 52 rgb255=255,255,255
120 52 rgb255=255,255,255
121 52 rgb255=255,255,255
122 52 rgb255=255,255,255
123 52 rgb255=217,225,236
124 52 rgb255=215,221,230
125 52 rgb255=212,227,245
126 52 rgb255=211,226,250
127 52 rgb255=211,226,244
128 52 rgb255=215,204,213
129 52 rgb255=213,159,141
130 52 rgb255=208,105,68
131 52 rgb255=206,92,54
132 52 rgb255=218,175,172
133 52 rgb255=211,233,248
134 52 rgb255=203,233,247
135 52 rgb255=212,231,241
136 52 rgb255=218,235,252
137 52 rgb255=213,176,183
138 52 rgb255=197,79,84
139 52 rgb255=218,154,153
140 52 rgb255=210,165,157
141 52 rgb255=215,232,243
142 52 rgb255=215,190,189
143 52 rgb255=211,165,164
144 52 rgb255=211,228,236
145 52 rgb255=219,226,245
146 52 rgb255=215,144,139
147 52 rgb255=200,60,23
148 52 rgb255=194,93,67
149 52 rgb255=208,199,191
150 52 rgb255=219,164,135
151 52 rgb255=213,87,17
152 52 rgb255=199,96,49
153 52 rgb255=186,122,112
154 52 rgb255=211,223,231
155 52 rgb255=255,255,255
156 52 rgb255=255,255,255
157 52 rgb255=255,255,255
158 52 rgb255=255,255,255
159 52 rgb255=255,255,255
160 52 rgb255=255,255,255
161 52 rgb255=255,255,255
162 52 rgb255=255,255,255
163 52 rgb255=255,255,255
164 52 rgb255=169,220,232
165 52 rgb255=174,226,236
166 52 rgb255=173,225,232
167 52 rgb255=173,227,231
168 52 rgb255=174,230,233
169 52 rgb255=176,233,234
170 52 rgb255=181,237,229
171 52 rgb255=184,241,231
172 52 rgb255=181,238,236
173 52 rgb255=180,231,236
174 52 rgb255=160,194,204
175 52 rgb255=89,99,110
176 52 rgb255=49,35,46
177 52 rgb255=75,41,45
178 52 rgb255=130,81,73
179 52 rgb255=188,129,106
180 52 rgb255=215,150,114
181 52 rgb255=215,152,112
182 52 rgb255=183,126,97
183 52 rgb255=129,79,63
184 52 rgb255=92,58,57
185 52 rgb255=146,144,152
186 52 rgb255=204,235,240
187 52 rgb255=207,249,250
188 52 rgb255=225,249,250
189 52 rgb255=236,248,246
190 52 rgb255=226,252,248
191 52 rgb255=213,254,252
192 52 rgb255=210,251,252
193 52 rgb255=209,248,250
194 52 rgb255=211,251,252
195 52 rgb255=208,248,249
0 51 rgb255=142,142,142
1 51 rgb255=145,145,145
2 51 rgb255=150,150,149
3 51 rgb255=154,153,150
4 51 rgb255=156,155,151
5 51 rgb255=157,156,152
6 51 rgb255=160,157,154
7 51 rgb255=169,164,161
8 51 rgb255=175,171,164
9 51 rgb255=181,177,167
10 51 rgb255=202,196,184
11 51 rgb255=226,221,211
12 51 rgb255=247,245,240
13 51 rgb255=254,253,252
14 51 rgb255=242,237,234
15 51 rgb255=202,192,182
16 51 rgb255=173,167,156
17 51 rgb255=145,144,137
18 51 rgb255=113,114,109
19 51 rgb255=88,89,84
20 51 rgb255=71,72,68
21 51 rgb255=64,66,63
22 51 rgb255=61,63,60
23 51 rgb255=57,59,56
24 51 rgb255=54,56,53
25 51 rgb255=56,58,55
26 51 rgb255=61,63,60
27 51 rgb255=69,71,68
28 51 rgb255=76,78,75
29 51 rgb255=75,77,74
30 51 rgb255=73,75,72
31 51 rgb255=72,74,71
32 51 rgb255=255,255,255
33 51 rgb255=255,255,255
34 51 rgb255=255,255,255
35 51 rgb255=255,255,255
36 51 rgb255=255,255,255
37 51 rgb255=255,255,255
38 51 rgb255=255,255,255
39 51 rgb255=255,255,255
40 51 rgb255=255,255,255
41 51 rgb255=184,214,110
42 51 rgb255=186,214,117
43 51 rgb255=131,157,72
44 51 rgb255=87,116,36
45 51 rgb255=91,122,38
46 51 rgb255=119,152,58
47 51 rgb255=165,200,93
48 51 rgb255=188,219,113
49 51 rgb255=197,221,127
50 51 rgb255=196,218,128
51 51 rgb255=193,214,125
52 51 rgb255=199,219,134
53 51 rgb255=200,224,134
54 51 rgb255=195,215,133
55 51 rgb255=223,225,202
56 51 rgb255=182,176,177
57 51 rgb255=153,143,142
58 51 rgb255=94,81,83
59 51 rgb255=90,78,80
60 51 rgb255=86,74,77
61 51 rgb255=52,42,49
62 51 rgb255=72,80,90
63 51 rgb255=136,118,125
64 51 rgb255=124,53,44
65 51 rgb255=93,60,21
66 51 rgb255=81,56,20
67 51 rgb255=72,45,10
68 51 rgb255=74,47,12
69 51 rgb255=71,43,8
70 51 rgb255=79,49,14
71 51 rgb255=73,46,11
72 51 rgb255=88,63,30
73 51 rgb255=255,255,255
74 51 rgb255=255,255,255
75 51 rgb255=255,255,255
76 51 rgb255=255,255,255
77 51 rgb255=255,255,255
78 51 rgb255=255,255,255
79 51 rgb255=255,255,255
80 51 rgb255=255,255,255
81 51 rgb255=255,255,255
82 51 rgb255=222,219,215
83 51 rgb255=176,172,169
84 51 rgb255=176,172,169
85 51 rgb255=177,174,169
86 51 rgb255=162,157,148
87 51 rgb255=126,110,100
88 51 rgb255=112,81,69
89 51 rgb255=134,91,76
90 51 rgb255=154,108,87
91 51 rgb255=149,87,68
92 51 rgb255=148,77,63
93 51 rgb255=144,93,77
94 51 rgb255=150,97,84
95 51 rgb255=162,104,87
96 51 rgb255=153,97,76
97 51 rgb255=139,82,62
98 51 rgb255=148,91,71
99 51 rgb255=155,99,80
100 51 rgb255=149,96,82
101 51 rgb255=142,93,78
102 51 rgb255=136,90,74
103 51 rgb255=129,86,69
104 51 rgb255=127,85,68
105 51 rgb255=125,82,65
106 51 rgb255=120,77,60
107 51 rgb255=120,77,60
108 51 rgb255=120,78,60
109 51 rgb255=119,80,61
110 51 rgb255=126,84,61
111 51 rgb255=136,92,67
112 51 rgb255=135,96,75
113 51 rgb255=202,178,166
114 51 rgb255=255,255,255
115 51 rgb255=255,255,255
116 51 rgb255=255,255,255
117 51 rgb255=255,255,255
118 51 rgb255=255,255,255
119 51 rgb255=255,255,255
120 51 rgb255=255,255,255
121 51 rgb255=255,255,255
122 51 rgb255=255,255,255
123 51 rgb255=213,201,203
124 51 rgb255=212,194,187
125 51 rgb255=211,231,244
126 51 rgb255=209,232,243
127 51 rgb255=215,203,211
128 51 rgb255=198,177,176
129 51 rgb255=215,210,209
130 51 rgb255=213,157,136
131 51 rgb255=208,85,26
132 51 rgb255=209,128,94
133 51 rgb255=216,216,217
134 51 rgb255=216,228,241
135 51 rgb255=210,228,237
136 51 rgb255=212,227,243
137 51 rgb255=201,127,134
138 51 rgb255=195,79,87
139 51 rgb255=218,174,174
140 51 rgb255=214,176,163
141 51 rgb255=211,232,238
142 51 rgb255=213,217,225
143 51 rgb255=209,182,176
144 51 rgb255=211,222,230
145 51 rgb255=212,228,241
146 51 rgb255=208,132,114
147 51 rgb255=215,55,11
148 51 rgb255=203,59,25
149 51 rgb255=198,126,89
150 51 rgb255=216,118,65
151 51 rgb255=210,89,17
152 51 rgb255=202,96,57
153 51 rgb255=203,156,158
154 51 rgb255=214,232,246
155 51 rgb255=255,255,255
156 51 rgb255=255,255,255
157 51 rgb255=255,255,255
158 51 rgb255=255,255,255
159 51 rgb255=255,255,255
160 51 rgb255=255,255,255
161 51 rgb255=255,255,255
162 51 rgb255=255,255,255
163 51 rgb255=255,255,255
164 51 rgb255=164,217,229
165 51 rgb255=171,224,233
166 51 rgb255=173,224,231
167 51 rgb255=172,225,230
168 51 rgb255=172,228,231
169 51 rgb255=173,232,234
170 51 rgb255=177,234,233
171 51 rgb255=181,236,236
172 51 rgb255=181,235,238
173 51 rgb255=169,218,225
174 51 rgb255=154,193,202
175 51 rgb255=155,179,189
176 51 rgb255=134,141,151
177 51 rgb255=103,91,96
178 51 rgb255=104,71,68
179 51 rgb255=128,78,66
180 51 rgb255=143,84,63
181 51 rgb255=141,86,60
182 51 rgb255=120,72,53
183 51 rgb255=100,56,49
184 51 rgb255=85,54,64
185 51 rgb255=123,121,139
186 51 rgb255=197,221,229
187 51 rgb255=216,251,248
188 51 rgb255=228,250,246
189 51 rgb255=238,248,247
190 51 rgb255=230,251,249
191 51 rgb255=220,253,251
192 51 rgb255=218,252,253
193 51 rgb255=217,250,251
194 51 rgb255=217,252,253
195 51 rgb255=213,248,249
0 50 rgb255=135,135,135
1 50 rgb255=137,137,137
2 50 rgb255=140,140,139
3 50 rgb255=143,142,138
4 50 rgb255=144,143,139
5 50 rgb255=145,144,140
6 50 rgb255=151,148,145
7 50 rgb255=161,155,152
8 50 rgb255=169,164,158
9 50 rgb255=178,174,164
10 50 rgb255=191,186,173
11 50 rgb255=217,212,202
12 50 rgb255=241,239,235
13 50 rgb255=248,247,247
14 50 rgb255=219,214,210
15 50 rgb255=186,176,166
16 50 rgb255=157,151,139
17 50 rgb255=133,132,125
18 50 rgb255=114,115,110
19 50 rgb255=97,98,93
20 50 rgb255=76,77,72
21 50 rgb255=65,67,64
22 50 rgb255=61,63,60
23 50 rgb255=56,58,55
24 50 rgb255=52,54,51
25 50 rgb255=53,55,52
26 50 rgb255=59,61,58
27 50 rgb255=66,68,65
28 50 rgb255=69,71,68
29 50 rgb255=67,69,66
30 50 rgb255=64,66,63
31 50 rgb255=63,65,62
32 50 rgb255=255,255,255
33 50 rgb255=255,255,255
34 50 rgb255=255,255,255
35 50 rgb255=255,255,255
36 50 rgb255=255,255,255
37 50 rgb255=255,255,255
38 50 rgb255=255,255,255
39 50 rgb255=255,255,255
40 50 rgb255=255,255,255
41 50 rgb255=194,220,112
42 50 rgb255=193,218,115
43 50 rgb255=190,213,123
44 50 rgb255=166,192,113
45 50 rgb255=132,161,81
46 50 rgb255=110,140,53
47 50 rgb255=149,181,81
48 50 rgb255=173,205,100
49 50 rgb255=165,196,92
50 50 rgb255=181,212,106
51 50 rgb255=194,225,119
52 50 rgb255=198,230,126
53 50 rgb255=186,216,111
54 50 rgb255=204,226,139
55 50 rgb255=244,248,223
56 50 rgb255=210,205,211
57 50 rgb255=129,119,120
58 50 rgb255=75,65,63
59 50 rgb255=73,63,61
60 50 rgb255=73,63,61
61 50 rgb255=53,50,49
62 50 rgb255=90,98,98
63 50 rgb255=154,145,141
64 50 rgb255=125,55,44
65 50 rgb255=98,61,23
66 50 rgb255=87,65,26
67 50 rgb255=81,57,19
68 50 rgb255=72,48,10
69 50 rgb255=70,45,7
70 50 rgb255=75,47,10
71 50 rgb255=71,44,10
72 50 rgb255=78,54,21
73 50 rgb255=255,255,255
74 50 rgb255=255,255,255
75 50 rgb255=255,255,255
76 50 rgb255=255,255,255
77 50 rgb255=255,255,255
78 50 rgb255=255,255,255
79 50 rgb255=255,255,255
80 50 rgb255=255,255,255
81 50 rgb255=255,255,255
82 50 rgb255=239,236,233
83 50 rgb255=176,172,169
84 50 rgb255=171,167,164
85 50 rgb255=174,172,169
86 50 rgb255=172,171,168
87 50 rgb255=167,159,155
88 50 rgb255=142,124,118
89 50 rgb255=115,90,83
90 50 rgb255=122,83,70
91 50 rgb255=143,79,65
92 50 rgb255=160,92,81
93 50 rgb255=149,104,87
94 50 rgb255=140,97,80
95 50 rgb255=146,95,77
96 50 rgb255=140,88,68
97 50 rgb255=128,76,56
98 50 rgb255=133,80,61
99 50 rgb255=133,81,62
100 50 rgb255=129,79,63
101 50 rgb255=130,83,67
102 50 rgb255=130,86,69
103 50 rgb255=130,89,71
104 50 rgb255=125,86,67
105 50 rgb255=116,76,58
106 50 rgb255=107,67,49
107 50 rgb255=107,67,49
108 50 rgb255=111,72,53
109 50 rgb255=119,76,57
110 50 rgb255=127,78,55
111 50 rgb255=132,81,57
112 50 rgb255=127,82,61
113 50 rgb255=184,154,141
114 50 rgb255=255,255,255
115 50 rgb255=255,255,255
116 50 rgb255=255,255,255
117 50 rgb255=255,255,255
118 50 rgb255=255,255,255
119 50 rgb255=255,255,255
120 50 rgb255=255,255,255
121 50 rgb255=255,255,255
122 50 rgb255=255,255,255
123 50 rgb255=211,182,178
124 50 rgb255=208,151,125
125 50 rgb255=216,222,228
126 50 rgb255=214,229,236
127 50 rgb255=208,184,185
128 50 rgb255=212,205,216
129 50 rgb255=213,234,246
130 50 rgb255=216,207,208
131 50 rgb255=209,126,82
132 50 rgb255=211,98,33
133 50 rgb255=214,170,149
134 50 rgb255=215,224,233
135 50 rgb255=214,231,243
136 50 rgb255=209,183,197
137 50 rgb255=192,89,87
138 50 rgb255=202,135,133
139 50 rgb255=216,200,201
140 50 rgb255=206,159,151
141 50 rgb255=213,221,225
142 50 rgb255=211,231,244
143 50 rgb255=214,224,232
144 50 rgb255=211,228,240
145 50 rgb255=215,224,235
146 50 rgb255=216,140,124
147 50 rgb255=211,71,30
148 50 rgb255=204,61,28
149 50 rgb255=204,96,48
150 50 rgb255=214,94,32
151 50 rgb255=203,89,25
152 50 rgb255=192,115,80
153 50 rgb255=209,200,199
154 50 rgb255=213,234,248
155 50 rgb255=255,255,255
156 50 rgb255=255,255,255
157 50 rgb255=255,255,255
158 50 rgb255=255,255,255
159 50 rgb255=255,255,255
160 50 rgb255=255,255,255
161 50 rgb255=255,255,255
162 50 rgb255=255,255,255
163 50 rgb255=255,255,255
164 50 rgb255=159,216,227
165 50 rgb255=165,221,232
166 50 rgb255=169,221,232
167 50 rgb255=172,221,233
168 50 rgb255=175,222,233
169 50 rgb255=180,224,235
170 50 rgb255=182,230,233
171 50 rgb255=188,238,237
172 50 rgb255=185,231,234
173 50 rgb255=161,208,214
174 50 rgb255=158,207,211
175 50 rgb255=180,219,224
176 50 rgb255=200,222,229
177 50 rgb255=196,199,205
178 50 rgb255=163,148,149
179 50 rgb255=138,104,98
180 50 rgb255=137,89,73
181 50 rgb255=144,88,68
182 50 rgb255=133,76,58
183 50 rgb255=117,63,51
184 50 rgb255=83,50,53
185 50 rgb255=97,99,113
186 50 rgb255=178,202,208
187 50 rgb255=217,248,246
188 50 rgb255=230,253,250
189 50 rgb255=237,252,251
190 50 rgb255=233,251,250
191 50 rgb255=225,252,251
192 50 rgb255=222,254,254
193 50 rgb255=219,252,253
194 50 rgb255=219,252,253
195 50 rgb255=216,248,249
0 49 rgb255=128,128,128
1 49 rgb255=129,129,129
2 49 rgb255=130,130,129
3 49 rgb255=132,132,129
4 49 rgb255=134,133,130
5 49 rgb255=134,134,131
6 49 rgb255=141,139,136
7 49 rgb255=148,145,141
8 49 rgb255=157,154,149
9 49 rgb255=166,163,157
10 49 rgb255=179,174,164
11 49 rgb255=200,196,186
12 49 rgb255=237,234,226
13 49 rgb255=238,235,228
14 49 rgb255=194,189,182
15 49 rgb255=157,150,142
16 49 rgb255=135,130,122
17 49 rgb255=119,118,113
18 49 rgb255=110,110,107
19 49 rgb255=101,101,98
20 49 rgb255=82,82,79
21 49 rgb255=65,66,64
22 49 rgb255=59,61,59
23 49 rgb255=56,58,56
24 49 rgb255=52,54,52
25 49 rgb255=53,55,53
26 49 rgb255=59,61,58
27 49 rgb255=62,64,61
28 49 rgb255=64,66,64
29 49 rgb255=61,63,61
30 49 rgb255=57,59,58
31 49 rgb255=57,59,57
32 49 rgb255=255,255,255
33 49 rgb255=255,255,255
34 49 rgb255=255,255,255
35 49 rgb255=255,255,255
36 49 rgb255=255,255,255
37 49 rgb255=255,255,255
38 49 rgb255=255,255,255
39 49 rgb255=255,255,255
40 49 rgb255=255,255,255
41 49 rgb255=196,223,108
42 49 rgb255=198,225,111
43 49 rgb255=207,233,128
44 49 rgb255=210,237,140
45 49 rgb255=207,236,139
46 49 rgb255=199,228,130
47 49 rgb255=197,226,127
48 49 rgb255=172,206,102
49 49 rgb255=143,181,72
50 49 rgb255=143,182,69
51 49 rgb255=167,207,90
52 49 rgb255=182,222,98
53 49 rgb255=180,218,86
54 49 rgb255=192,221,113
55 49 rgb255=225,240,169
56 49 rgb255=183,187,155
57 49 rgb255=85,77,61
58 49 rgb255=68,57,41
59 49 rgb255=76,65,49
60 49 rgb255=76,65,49
61 49 rgb255=64,65,48
62 49 rgb255=119,116,102
63 49 rgb255=139,132,111
64 49 rgb255=127,71,52
65 49 rgb255=114,76,43
66 49 rgb255=96,76,37
67 49 rgb255=89,67,28
68 49 rgb255=77,56,16
69 49 rgb255=65,43,4
70 49 rgb255=73,47,10
71 49 rgb255=71,47,12
72 49 rgb255=75,55,21
73 49 rgb255=255,255,255
74 49 rgb255=255,255,255
75 49 rgb255=255,255,255
76 49 rgb255=255,255,255
77 49 rgb255=255,255,255
78 49 rgb255=255,255,255
79 49 rgb255=255,255,255
80 49 rgb255=255,255,255
81 49 rgb255=255,255,255
82 49 rgb255=226,222,219
83 49 rgb255=169,165,162
84 49 rgb255=169,165,162
85 49 rgb255=171,169,166
86 49 rgb255=171,171,170
87 49 rgb255=174,171,170
88 49 rgb255=176,169,167
89 49 rgb255=154,145,143
90 49 rgb255=123,97,89
91 49 rgb255=137,81,70
92 49 rgb255=155,93,84
93 49 rgb255=133,93,76
94 49 rgb255=123,84,65
95 49 rgb255=130,82,65
96 49 rgb255=122,74,56
97 49 rgb255=120,72,55
98 49 rgb255=125,77,60
99 49 rgb255=127,79,62
100 49 rgb255=128,82,66
101 49 rgb255=132,87,71
102 49 rgb255=127,86,68
103 49 rgb255=118,80,61
104 49 rgb255=107,70,51
105 49 rgb255=100,62,43
106 49 rgb255=101,64,45
107 49 rgb255=107,69,50
108 49 rgb255=110,73,54
109 49 rgb255=112,73,55
110 49 rgb255=114,70,50
111 49 rgb255=113,68,46
112 49 rgb255=110,69,51
113 49 rgb255=180,154,144
114 49 rgb255=255,255,255
115 49 rgb255=255,255,255
116 49 rgb255=255,255,255
117 49 rgb255=255,255,255
118 49 rgb255=255,255,255
119 49 rgb255=255,255,255
120 49 rgb255=255,255,255
121 49 rgb255=255,255,255
122 49 rgb255=255,255,255
123 49 rgb255=214,182,172
124 49 rgb255=202,98,62
125 49 rgb255=219,156,145
126 49 rgb255=215,206,200
127 49 rgb255=206,195,192
128 49 rgb255=213,225,243
129 49 rgb255=214,225,245
130 49 rgb255=217,229,244
131 49 rgb255=220,173,165
132 49 rgb255=216,91,38
133 49 rgb255=205,106,67
134 49 rgb255=207,155,150
135 49 rgb255=221,221,227
136 49 rgb255=203,131,138
137 49 rgb255=191,57,55
138 49 rgb255=207,181,178
139 49 rgb255=215,224,231
140 49 rgb255=207,164,168
141 49 rgb255=215,210,221
142 49 rgb255=210,231,248
143 49 rgb255=211,228,242
144 49 rgb255=217,228,247
145 49 rgb255=216,200,209
146 49 rgb255=202,100,65
147 49 rgb255=209,72,17
148 49 rgb255=211,72,35
149 49 rgb255=210,103,49
150 49 rgb255=212,103,26
151 49 rgb255=207,99,43
152 49 rgb255=194,141,119
153 49 rgb255=208,219,224
154 49 rgb255=211,232,246
155 49 rgb255=255,255,255
156 49 rgb255=255,255,255
157 49 rgb255=255,255,255
158 49 rgb255=255,255,255
159 49 rgb255=255,255,255
160 49 rgb255=255,255,255
161 49 rgb255=255,255,255
162 49 rgb255=255,255,255
163 49 rgb255=255,255,255
164 49 rgb255=157,212,224
165 49 rgb255=158,218,231
166 49 rgb255=157,219,232
167 49 rgb255=161,221,232
168 49 rgb255=169,223,232
169 49 rgb255=181,227,234
170 49 rgb255=174,198,199
171 49 rgb255=118,120,122
172 49 rgb255=128,126,135
173 49 rgb255=181,194,202
174 49 rgb255=182,216,220
175 49 rgb255=189,224,227
176 49 rgb255=214,232,239
177 49 rgb255=231,237,247
178 49 rgb255=234,236,241
179 49 rgb255=213,205,199
180 49 rgb255=173,141,128
181 49 rgb255=155,98,82
182 49 rgb255=150,83,66
183 49 rgb255=130,70,53
184 49 rgb255=73,42,35
185 49 rgb255=89,92,99
186 49 rgb255=191,207,214
187 49 rgb255=224,245,249
188 49 rgb255=232,252,253
189 49 rgb255=233,251,252
190 49 rgb255=233,249,250
191 49 rgb255=229,249,250
192 49 rgb255=222,250,252
193 49 rgb255=221,251,253
194 49 rgb255=224,253,255
195 49 rgb255=221,248,251
0 48 rgb255=118,118,118
1 48 rgb255=119,119,119
2 48 rgb255=122,122,121
3 48 rgb255=124,124,122
4 48 rgb255=124,124,123
5 48 rgb255=124,124,122
6 48 rgb255=130,130,127
7 48 rgb255=136,135,131
8 48 rgb255=144,143,140
9 48 rgb255=155,153,149
10 48 rgb255=167,164,156
11 48 rgb255=184,180,171
12 48 rgb255=218,214,205
13 48 rgb255=209,206,196
14 48 rgb255=167,164,153
15 48 rgb255=123,119,112
16 48 rgb255=114,109,105
17 48 rgb255=108,105,103
18 48 rgb255=100,100,98
19 48 rgb255=92,92,90
20 48 rgb255=82,82,80
21 48 rgb255=68,69,68
22 48 rgb255=60,62,61
23 48 rgb255=56,58,57
24 48 rgb255=54,56,55
25 48 rgb255=56,58,55
26 48 rgb255=59,61,58
27 48 rgb255=60,62,59
28 48 rgb255=60,62,60
29 48 rgb255=57,59,58
30 48 rgb255=54,56,55
31 48 rgb255=52,54,53
32 48 rgb255=255,255,255
33 48 rgb255=255,255,255
34 48 rgb255=255,255,255
35 48 rgb255=255,255,255
36 48 rgb255=255,255,255
37 48 rgb255=255,255,255
38 48 rgb255=255,255,255
39 48 rgb255=255,255,255
40 48 rgb255=255,255,255
41 48 rgb255=158,197,72
42 48 rgb255=173,213,85
43 48 rgb255=180,219,97
44 48 rgb255=194,227,108
45 48 rgb255=211,240,121
46 48 rgb255=207,236,123
47 48 rgb255=209,236,129
48 48 rgb255=194,223,121
49 48 rgb255=177,210,111
50 48 rgb255=163,197,90
51 48 rgb255=170,206,91
52 48 rgb255=168,206,82
53 48 rgb255=145,185,63
54 48 rgb255=130,162,55
55 48 rgb255=156,182,66
56 48 rgb255=184,197,115
57 48 rgb255=176,163,123
58 48 rgb255=131,110,76
59 48 rgb255=125,104,70
60 48 rgb255=141,121,87
61 48 rgb255=134,126,96
62 48 rgb255=133,110,87
63 48 rgb255=95,90,56
64 48 rgb255=127,92,64
65 48 rgb255=133,103,70
66 48 rgb255=110,92,52
67 48 rgb255=91,73,33
68 48 rgb255=91,72,32
69 48 rgb255=76,57,17
70 48 rgb255=64,42,4
71 48 rgb255=72,52,15
72 48 rgb255=85,69,33
73 48 rgb255=255,255,255
74 48 rgb255=255,255,255
75 48 rgb255=255,255,255
76 48 rgb255=255,255,255
77 48 rgb255=255,255,255
78 48 rgb255=255,255,255
79 48 rgb255=255,255,255
80 48 rgb255=255,255,255
81 48 rgb255=255,255,255
82 48 rgb255=241,237,234
83 48 rgb255=187,183,180
84 48 rgb255=169,165,162
85 48 rgb255=169,165,162
86 48 rgb255=171,166,163
87 48 rgb255=174,169,167
88 48 rgb255=175,171,168
89 48 rgb255=176,175,173
90 48 rgb255=157,145,136
91 48 rgb255=123,81,71
92 48 rgb255=128,73,64
93 48 rgb255=115,74,57
94 48 rgb255=112,67,49
95 48 rgb255=117,70,54
96 48 rgb255=125,82,66
97 48 rgb255=136,92,76
98 48 rgb255=136,92,76
99 48 rgb255=131,87,70
100 48 rgb255=124,80,63
101 48 rgb255=113,71,53
102 48 rgb255=102,64,45
103 48 rgb255=96,61,41
104 48 rgb255=96,61,41
105 48 rgb255=99,63,44
106 48 rgb255=102,66,47
107 48 rgb255=103,66,47
108 48 rgb255=101,65,45
109 48 rgb255=93,66,50
110 48 rgb255=97,71,55
111 48 rgb255=99,70,53
112 48 rgb255=110,88,75
113 48 rgb255=216,206,199
114 48 rgb255=255,255,255
115 48 rgb255=255,255,255
116 48 rgb255=255,255,255
117 48 rgb255=255,255,255
118 48 rgb255=255,255,255
119 48 rgb255=255,255,255
120 48 rgb255=255,255,255
121 48 rgb255=255,255,255
122 48 rgb255=255,255,255
123 48 rgb255=213,191,185
124 48 rgb255=211,89,55
125 48 rgb255=207,95,62
126 48 rgb255=202,125,98
127 48 rgb255=203,168,147
128 48 rgb255=217,227,226
129 48 rgb255=213,230,240
130 48 rgb255=210,233,245
131 48 rgb255=213,220,227
132 48 rgb255=212,131,88
133 48 rgb255=215,91,37
134 48 rgb255=211,81,50
135 48 rgb255=206,137,130
136 48 rgb255=194,94,90
137 48 rgb255=200,61,68
138 48 rgb255=213,184,199
139 48 rgb255=210,232,247
140 48 rgb255=214,217,222
141 48 rgb255=213,223,236
142 48 rgb255=210,229,248
143 48 rgb255=209,229,243
144 48 rgb255=212,231,251
145 48 rgb255=210,182,185
146 48 rgb255=204,70,36
147 48 rgb255=212,58,14
148 48 rgb255=213,67,33
149 48 rgb255=211,93,39
150 48 rgb255=208,90,19
151 48 rgb255=202,113,73
152 48 rgb255=210,197,190
153 48 rgb255=211,230,244
154 48 rgb255=213,230,246
155 48 rgb255=255,255,255
156 48 rgb255=255,255,255
157 48 rgb255=255,255,255
158 48 rgb255=255,255,255
159 48 rgb255=255,255,255
160 48 rgb255=255,255,255
161 48 rgb255=255,255,255
162 48 rgb255=255,255,255
163 48 rgb255=255,255,255
164 48 rgb255=154,206,222
165 48 rgb255=152,214,229
166 48 rgb255=151,216,228
167 48 rgb255=164,221,230
168 48 rgb255=174,218,221
169 48 rgb255=151,176,174
170 48 rgb255=99,75,73
171 48 rgb255=70,3,10
172 48 rgb255=89,19,35
173 48 rgb255=180,141,154
174 48 rgb255=221,228,231
175 48 rgb255=212,235,235
176 48 rgb255=231,237,242
177 48 rgb255=241,242,250
178 48 rgb255=234,247,249
179 48 rgb255=241,253,246
180 48 rgb255=231,217,208
181 48 rgb255=172,123,117
182 48 rgb255=147,82,77
183 48 rgb255=131,80,69
184 48 rgb255=82,60,53
185 48 rgb255=120,117,122
186 48 rgb255=190,188,198
187 48 rgb255=204,207,216
188 48 rgb255=234,248,252
189 48 rgb255=238,255,255
190 48 rgb255=233,247,249
191 48 rgb255=235,244,248
192 48 rgb255=231,248,253
193 48 rgb255=227,248,252
194 48 rgb255=229,250,254
195 48 rgb255=223,247,250
0 47 rgb255=111,111,111
1 47 rgb255=112,112,112
2 47 rgb255=116,116,116
3 47 rgb255=117,117,115
4 47 rgb255=116,116,114
5 47 rgb255=118,118,116
6 47 rgb255=124,123,120
7 47 rgb255=131,130,125
8 47 rgb255=135,134,130
9 47 rgb255=139,138,133
10 47 rgb255=149,146,140
11 47 rgb255=168,165,158
12 47 rgb255=174,171,164
13 47 rgb255=160,158,150
14 47 rgb255=134,132,124
15 47 rgb255=118,115,110
16 47 rgb255=105,102,99
17 47 rgb255=96,94,93
18 47 rgb255=89,90,88
19 47 rgb255=83,83,81
20 47 rgb255=76,77,75
21 47 rgb255=70,71,70
22 47 rgb255=62,64,63
23 47 rgb255=57,59,58
24 47 rgb255=56,58,57
25 47 rgb255=57,59,56
26 47 rgb255=59,61,58
27 47 rgb255=58,60,56
28 47 rgb255=56,58,56
29 47 rgb255=55,57,56
30 47 rgb255=51,53,52
31 47 rgb255=47,49,48
32 47 rgb255=255,255,255
33 47 rgb255=255,255,255
34 47 rgb255=255,255,255
35 47 rgb255=255,255,255
36 47 rgb255=255,255,255
37 47 rgb255=255,255,255
38 47 rgb255=255,255,255
39 47 rgb255=255,255,255
40 47 rgb255=255,255,255
41 47 rgb255=142,185,58
42 47 rgb255=150,193,64
43 47 rgb255=157,200,70
44 47 rgb255=175,213,85
45 47 rgb255=181,215,96
46 47 rgb255=181,215,94
47 47 rgb255=191,224,105
48 47 rgb255=203,233,130
49 47 rgb255=202,229,133
50 47 rgb255=198,225,125
51 47 rgb255=193,220,116
52 47 rgb255=178,207,102
53 47 rgb255=117,149,56
54 47 rgb255=121,151,59
55 47 rgb255=110,139,37
56 47 rgb255=127,147,66
57 47 rgb255=165,153,107
58 47 rgb255=149,123,91
59 47 rgb255=175,145,117
60 47 rgb255=177,143,113
61 47 rgb255=169,153,114
62 47 rgb255=150,131,92
63 47 rgb255=122,110,69
64 47 rgb255=136,114,84
65 47 rgb255=145,125,97
66 47 rgb255=130,115,78
67 47 rgb255=105,89,47
68 47 rgb255=99,81,40
69 47 rgb255=86,66,28
70 47 rgb255=66,45,8
71 47 rgb255=79,59,28
72 47 rgb255=102,86,57
73 47 rgb255=255,255,255
74 47 rgb255=255,255,255
75 47 rgb255=255,255,255
76 47 rgb255=255,255,255
77 47 rgb255=255,255,255
78 47 rgb255=255,255,255
79 47 rgb255=255,255,255
80 47 rgb255=255,255,255
81 47 rgb255=255,255,255
82 47 rgb255=255,255,252
83 47 rgb255=198,194,191
84 47 rgb255=167,163,160
85 47 rgb255=169,163,160
86 47 rgb255=171,163,158
87 47 rgb255=172,165,161
88 47 rgb255=172,169,165
89 47 rgb255=172,172,168
90 47 rgb255=167,162,154
91 47 rgb255=123,97,87
92 47 rgb255=104,63,53
93 47 rgb255=99,61,44
94 47 rgb255=113,68,49
95 47 rgb255=130,85,67
96 47 rgb255=136,94,76
97 47 rgb255=132,91,73
98 47 rgb255=118,77,60
99 47 rgb255=109,68,52
100 47 rgb255=107,66,50
101 47 rgb255=101,62,45
102 47 rgb255=95,58,41
103 47 rgb255=95,60,42
104 47 rgb255=96,61,41
105 47 rgb255=95,60,38
106 47 rgb255=92,59,39
107 47 rgb255=87,57,37
108 47 rgb255=97,70,52
109 47 rgb255=111,97,86
110 47 rgb255=131,121,111
111 47 rgb255=141,129,117
112 47 rgb255=152,144,136
113 47 rgb255=233,232,228
114 47 rgb255=255,255,255
115 47 rgb255=255,255,255
116 47 rgb255=255,255,255
117 47 rgb255=255,255,255
118 47 rgb255=255,255,255
119 47 rgb255=255,255,255
120 47 rgb255=255,255,255
121 47 rgb255=255,255,255
122 47 rgb255=255,255,255
123 47 rgb255=214,210,217
124 47 rgb255=207,113,90
125 47 rgb255=206,92,50
126 47 rgb255=199,95,47
127 47 rgb255=203,127,81
128 47 rgb255=225,169,142
129 47 rgb255=214,195,182
130 47 rgb255=212,198,187
131 47 rgb255=213,207,201
132 47 rgb255=210,150,114
133 47 rgb255=215,92,42
134 47 rgb255=208,75,22
135 47 rgb255=193,79,57
136 47 rgb255=195,81,80
137 47 rgb255=205,160,162
138 47 rgb255=211,224,237
139 47 rgb255=209,229,249
140 47 rgb255=215,228,242
141 47 rgb255=211,229,243
142 47 rgb255=212,228,245
143 47 rgb255=208,229,242
144 47 rgb255=207,234,251
145 47 rgb255=215,179,173
146 47 rgb255=204,67,44
147 47 rgb255=205,58,30
148 47 rgb255=206,73,40
149 47 rgb255=203,90,43
150 47 rgb255=202,94,51
151 47 rgb255=210,160,143
152 47 rgb255=206,226,231
153 47 rgb255=209,228,247
154 47 rgb255=215,230,246
155 47 rgb255=255,255,255
156 47 rgb255=255,255,255
157 47 rgb255=255,255,255
158 47 rgb255=255,255,255
159 47 rgb255=255,255,255
160 47 rgb255=255,255,255
161 47 rgb255=255,255,255
162 47 rgb255=255,255,255
163 47 rgb255=255,255,255
164 47 rgb255=142,206,220
165 47 rgb255=150,212,227
166 47 rgb255=162,207,223
167 47 rgb255=163,176,190
168 47 rgb255=130,106,117
169 47 rgb255=98,42,49
170 47 rgb255=97,12,13
171 47 rgb255=123,11,17
172 47 rgb255=123,10,25
173 47 rgb255=159,91,101
174 47 rgb255=228,224,221
175 47 rgb255=227,252,242
176 47 rgb255=235,246,242
177 47 rgb255=244,247,247
178 47 rgb255=235,251,246
179 47 rgb255=227,249,238
180 47 rgb255=235,235,228
181 47 rgb255=189,151,155
182 47 rgb255=167,114,123
183 47 rgb255=139,107,110
184 47 rgb255=111,99,100
185 47 rgb255=140,127,134
186 47 rgb255=143,122,137
187 47 rgb255=119,106,123
188 47 rgb255=146,154,164
189 47 rgb255=192,212,216
190 47 rgb255=215,228,231
191 47 rgb255=234,237,242
192 47 rgb255=235,239,247
193 47 rgb255=236,242,250
194 47 rgb255=239,251,255
195 47 rgb255=225,247,250
0 46 rgb255=105,105,105
1 46 rgb255=106,106,106
2 46 rgb255=109,109,109
3 46 rgb255=110,110,108
4 46 rgb255=109,109,107
5 46 rgb255=112,112,110
6 46 rgb255=117,116,113
7 46 rgb255=126,125,121
8 46 rgb255=127,126,122
9 46 rgb255=126,125,121
10 46 rgb255=128,127,122
11 46 rgb255=132,132,126
12 46 rgb255=141,141,135
13 46 rgb255=133,133,127
14 46 rgb255=112,112,106
15 46 rgb255=104,104,100
16 46 rgb255=92,91,90
17 46 rgb255=82,82,81
18 46 rgb255=80,80,78
19 46 rgb255=77,77,75
20 46 rgb255=71,71,69
21 46 rgb255=65,67,66
22 46 rgb255=60,62,61
23 46 rgb255=57,59,58
24 46 rgb255=55,57,56
25 46 rgb255=55,57,54
26 46 rgb255=57,59,56
27 46 rgb255=54,56,53
28 46 rgb255=51,53,51
29 46 rgb255=49,51,50
30 46 rgb255=47,49,48
31 46 rgb255=43,45,44
32 46 rgb255=255,255,255
33 46 rgb255=255,255,255
34 46 rgb255=255,255,255
35 46 rgb255=255,255,255
36 46 rgb255=255,255,255
37 46 rgb255=255,255,255
38 46 rgb255=255,255,255
39 46 rgb255=255,255,255
40 46 rgb255=255,255,255
41 46 rgb255=170,208,94
42 46 rgb255=166,204,92
43 46 rgb255=168,207,94
44 46 rgb255=166,204,88
45 46 rgb255=153,188,85
46 46 rgb255=139,175,64
47 46 rgb255=168,206,88
48 46 rgb255=181,213,111
49 46 rgb255=173,200,100
50 46 rgb255=185,212,112
51 46 rgb255=204,231,131
52 46 rgb255=198,225,126
53 46 rgb255=151,180,84
54 46 rgb255=161,192,92
55 46 rgb255=127,157,62
56 46 rgb255=134,161,77
57 46 rgb255=167,186,105
58 46 rgb255=165,176,105
59 46 rgb255=163,164,104
60 46 rgb255=166,161,97
61 46 rgb255=201,204,133
62 46 rgb255=167,164,111
63 46 rgb255=145,127,100
64 46 rgb255=153,134,110
65 46 rgb255=150,136,108
66 46 rgb255=149,137,107
67 46 rgb255=134,120,81
68 46 rgb255=117,100,62
69 46 rgb255=100,79,47
70 46 rgb255=76,57,23
71 46 rgb255=83,66,35
72 46 rgb255=104,89,61
73 46 rgb255=255,255,255
74 46 rgb255=255,255,255
75 46 rgb255=255,255,255
76 46 rgb255=255,255,255
77 46 rgb255=255,255,255
78 46 rgb255=255,255,255
79 46 rgb255=255,255,255
80 46 rgb255=255,255,255
81 46 rgb255=255,255,255
82 46 rgb255=241,242,237
83 46 rgb255=180,178,174
84 46 rgb255=167,161,158
85 46 rgb255=167,160,158
86 46 rgb255=170,165,162
87 46 rgb255=172,168,165
88 46 rgb255=173,170,166
89 46 rgb255=172,168,165
90 46 rgb255=171,166,161
91 46 rgb255=151,140,132
92 46 rgb255=130,112,100
93 46 rgb255=114,90,73
94 46 rgb255=106,76,56
95 46 rgb255=125,85,64
96 46 rgb255=122,79,60
97 46 rgb255=109,68,51
98 46 rgb255=102,64,49
99 46 rgb255=100,65,51
100 46 rgb255=93,65,51
101 46 rgb255=90,62,48
102 46 rgb255=97,70,55
103 46 rgb255=107,80,66
104 46 rgb255=101,71,52
105 46 rgb255=89,56,34
106 46 rgb255=87,61,43
107 46 rgb255=99,83,68
108 46 rgb255=139,129,118
109 46 rgb255=156,151,145
110 46 rgb255=162,158,154
111 46 rgb255=165,161,157
112 46 rgb255=164,160,156
113 46 rgb255=213,210,207
114 46 rgb255=255,255,255
115 46 rgb255=255,255,255
116 46 rgb255=255,255,255
117 46 rgb255=255,255,255
118 46 rgb255=255,255,255
119 46 rgb255=255,255,255
120 46 rgb255=255,255,255
121 46 rgb255=255,255,255
122 46 rgb255=255,255,255
123 46 rgb255=215,227,240
124 46 rgb255=207,155,139
125 46 rgb255=200,84,56
126 46 rgb255=194,91,53
127 46 rgb255=199,121,60
128 46 rgb255=213,112,51
129 46 rgb255=209,111,65
130 46 rgb255=209,113,69
131 46 rgb255=211,104,67
132 46 rgb255=207,98,69
133 46 rgb255=209,91,58
134 46 rgb255=205,82,53
135 46 rgb255=197,62,51
136 46 rgb255=207,124,129
137 46 rgb255=213,229,237
138 46 rgb255=207,231,241
139 46 rgb255=209,228,245
140 46 rgb255=213,227,245
141 46 rgb255=213,228,242
142 46 rgb255=212,228,242
143 46 rgb255=210,230,240
144 46 rgb255=213,228,248
145 46 rgb255=212,143,136
146 46 rgb255=203,57,36
147 46 rgb255=208,57,34
148 46 rgb255=204,62,32
149 46 rgb255=193,73,48
150 46 rgb255=206,152,138
151 46 rgb255=218,220,222
152 46 rgb255=210,229,247
153 46 rgb255=210,228,244
154 46 rgb255=213,231,245
155 46 rgb255=255,255,255
156 46 rgb255=255,255,255
157 46 rgb255=255,255,255
158 46 rgb255=255,255,255
159 46 rgb255=255,255,255
160 46 rgb255=255,255,255
161 46 rgb255=255,255,255
162 46 rgb255=255,255,255
163 46 rgb255=255,255,255
164 46 rgb255=140,203,218
165 46 rgb255=157,204,210
166 46 rgb255=140,145,149
167 46 rgb255=107,57,66
168 46 rgb255=105,8,23
169 46 rgb255=122,1,19
170 46 rgb255=125,4,15
171 46 rgb255=128,10,16
172 46 rgb255=135,13,25
173 46 rgb255=150,66,77
174 46 rgb255=210,198,198
175 46 rgb255=229,248,243
176 46 rgb255=234,247,241
177 46 rgb255=235,245,242
178 46 rgb255=227,240,237
179 46 rgb255=217,227,220
180 46 rgb255=219,213,206
181 46 rgb255=174,148,148
182 46 rgb255=148,119,126
183 46 rgb255=149,133,142
184 46 rgb255=164,157,161
185 46 rgb255=190,182,181
186 46 rgb255=207,196,198
187 46 rgb255=190,183,188
188 46 rgb255=164,168,172
189 46 rgb255=165,177,180
190 46 rgb255=170,178,183
191 46 rgb255=214,214,221
192 46 rgb255=219,200,215
193 46 rgb255=204,163,185
194 46 rgb255=228,204,221
195 46 rgb255=228,245,248
0 45 rgb255=98,98,98
1 45 rgb255=99,99,99
2 45 rgb255=102,102,101
3 45 rgb255=103,103,101
4 45 rgb255=103,103,101
5 45 rgb255=104,104,103
6 45 rgb255=108,108,105
7 45 rgb255=115,114,110
8 45 rgb255=118,117,113
9 45 rgb255=119,118,114
10 45 rgb255=120,121,116
11 45 rgb255=116,118,112
12 45 rgb255=117,118,113
13 45 rgb255=115,117,111
14 45 rgb255=109,110,105
15 45 rgb255=97,98,96
16 45 rgb255=82,83,83
17 45 rgb255=76,76,76
18 45 rgb255=75,75,73
19 45 rgb255=71,71,69
20 45 rgb255=64,64,62
21 45 rgb255=59,60,59
22 45 rgb255=57,59,58
23 45 rgb255=56,58,57
24 45 rgb255=54,56,54
25 45 rgb255=53,55,52
26 45 rgb255=55,57,54
27 45 rgb255=51,53,50
28 45 rgb255=47,49,47
29 45 rgb255=45,47,46
30 45 rgb255=43,45,44
31 45 rgb255=39,41,40
32 45 rgb255=255,255,255
33 45 rgb255=255,255,255
34 45 rgb255=255,255,255
35 45 rgb255=255,255,255
36 45 rgb255=255,255,255
37 45 rgb255=255,255,255
38 45 rgb255=255,255,255
39 45 rgb255=255,255,255
40 45 rgb255=255,255,255
41 45 rgb255=164,204,83
42 45 rgb255=171,211,92
43 45 rgb255=182,220,110
44 45 rgb255=179,216,106
45 45 rgb255=156,189,96
46 45 rgb255=150,185,88
47 45 rgb255=165,201,94
48 45 rgb255=163,196,94
49 45 rgb255=171,202,98
50 45 rgb255=186,217,112
51 45 rgb255=202,233,128
52 45 rgb255=188,219,114
53 45 rgb255=173,204,98
54 45 rgb255=183,214,108
55 45 rgb255=185,216,110
56 45 rgb255=181,213,107
57 45 rgb255=174,211,98
58 45 rgb255=193,229,118
59 45 rgb255=184,214,109
60 45 rgb255=192,219,116
61 45 rgb255=204,229,124
62 45 rgb255=175,183,119
63 45 rgb255=154,140,125
64 45 rgb255=156,138,118
65 45 rgb255=150,138,107
66 45 rgb255=151,141,116
67 45 rgb255=143,131,97
68 45 rgb255=124,109,75
69 45 rgb255=105,87,60
70 45 rgb255=73,56,26
71 45 rgb255=81,67,30
72 45 rgb255=95,85,47
73 45 rgb255=255,255,255
74 45 rgb255=255,255,255
75 45 rgb255=255,255,255
76 45 rgb255=255,255,255
77 45 rgb255=255,255,255
78 45 rgb255=255,255,255
79 45 rgb255=255,255,255
80 45 rgb255=255,255,255
81 45 rgb255=255,255,255
82 45 rgb255=217,218,213
83 45 rgb255=166,164,160
84 45 rgb255=169,163,160
85 45 rgb255=170,163,161
86 45 rgb255=173,169,166
87 45 rgb255=173,170,167
88 45 rgb255=174,170,167
89 45 rgb255=172,168,165
90 45 rgb255=168,165,164
91 45 rgb255=169,166,164
92 45 rgb255=175,168,162
93 45 rgb255=158,146,136
94 45 rgb255=110,93,80
95 45 rgb255=99,72,58
96 45 rgb255=97,67,54
97 45 rgb255=99,72,61
98 45 rgb255=110,85,77
99 45 rgb255=114,93,84
100 45 rgb255=101,88,74
101 45 rgb255=131,120,104
102 45 rgb255=148,137,121
103 45 rgb255=136,125,110
104 45 rgb255=108,90,75
105 45 rgb255=97,74,61
106 45 rgb255=118,102,91
107 45 rgb255=153,146,138
108 45 rgb255=168,168,162
109 45 rgb255=157,155,151
110 45 rgb255=163,159,156
111 45 rgb255=164,160,157
112 45 rgb255=161,157,154
113 45 rgb255=201,198,195
114 45 rgb255=255,255,255
115 45 rgb255=255,255,255
116 45 rgb255=255,255,255
117 45 rgb255=255,255,255
118 45 rgb255=255,255,255
119 45 rgb255=255,255,255
120 45 rgb255=255,255,255
121 45 rgb255=255,255,255
122 45 rgb255=255,255,255
123 45 rgb255=214,232,249
124 45 rgb255=211,196,190
125 45 rgb255=199,95,77
126 45 rgb255=197,70,44
127 45 rgb255=199,109,56
128 45 rgb255=202,118,49
129 45 rgb255=201,102,41
130 45 rgb255=205,98,50
131 45 rgb255=212,77,42
132 45 rgb255=203,84,59
133 45 rgb255=198,91,71
134 45 rgb255=191,51,52
135 45 rgb255=193,58,68
136 45 rgb255=212,176,186
137 45 rgb255=216,235,253
138 45 rgb255=221,228,246
139 45 rgb255=210,229,247
140 45 rgb255=206,231,247
141 45 rgb255=213,228,241
142 45 rgb255=211,229,239
143 45 rgb255=211,231,239
144 45 rgb255=219,220,237
145 45 rgb255=202,111,100
146 45 rgb255=205,47,21
147 45 rgb255=209,45,28
148 45 rgb255=202,66,58
149 45 rgb255=213,133,136
150 45 rgb255=217,213,220
151 45 rgb255=209,232,243
152 45 rgb255=213,227,246
153 45 rgb255=211,229,243
154 45 rgb255=212,232,244
155 45 rgb255=255,255,255
156 45 rgb255=255,255,255
157 45 rgb255=255,255,255
158 45 rgb255=255,255,255
159 45 rgb255=255,255,255
160 45 rgb255=255,255,255
161 45 rgb255=255,255,255
162 45 rgb255=255,255,255
163 45 rgb255=255,255,255
164 45 rgb255=149,188,201
165 45 rgb255=144,127,138
166 45 rgb255=113,43,50
167 45 rgb255=112,9,15
168 45 rgb255=123,6,15
169 45 rgb255=126,7,19
170 45 rgb255=126,6,17
171 45 rgb255=127,14,18
172 45 rgb255=133,11,19
173 45 rgb255=148,57,68
174 45 rgb255=189,171,173
175 45 rgb255=206,216,215
176 45 rgb255=218,227,222
177 45 rgb255=211,222,216
178 45 rgb255=206,215,211
179 45 rgb255=212,212,205
180 45 rgb255=228,219,208
181 45 rgb255=233,222,211
182 45 rgb255=218,209,203
183 45 rgb255=198,195,194
184 45 rgb255=213,210,208
185 45 rgb255=217,212,205
186 45 rgb255=222,217,211
187 45 rgb255=223,221,217
188 45 rgb255=216,216,214
189 45 rgb255=211,214,215
190 45 rgb255=197,201,205
191 45 rgb255=207,211,214
192 45 rgb255=234,227,232
193 45 rgb255=212,178,192
194 45 rgb255=182,123,145
195 45 rgb255=193,140,160
0 44 rgb255=91,91,91
1 44 rgb255=91,91,91
2 44 rgb255=94,94,93
3 44 rgb255=96,96,95
4 44 rgb255=96,96,96
5 44 rgb255=95,95,95
6 44 rgb255=97,96,95
7 44 rgb255=102,102,99
8 44 rgb255=108,108,105
9 44 rgb255=112,112,109
10 44 rgb255=111,112,109
11 44 rgb255=111,112,109
12 44 rgb255=106,107,104
13 44 rgb255=100,100,97
14 44 rgb255=99,99,96
15 44 rgb255=93,94,91
16 44 rgb255=85,85,84
17 44 rgb255=70,71,70
18 44 rgb255=65,67,65
19 44 rgb255=59,60,59
20 44 rgb255=54,55,54
21 44 rgb255=52,54,53
22 44 rgb255=53,55,54
23 44 rgb255=54,56,55
24 44 rgb255=52,54,53
25 44 rgb255=52,54,52
26 44 rgb255=53,55,53
27 44 rgb255=50,52,50
28 44 rgb255=46,48,47
29 44 rgb255=44,46,45
30 44 rgb255=42,44,43
31 44 rgb255=38,40,39
32 44 rgb255=255,255,255
33 44 rgb255=255,255,255
34 44 rgb255=255,255,255
35 44 rgb255=255,255,255
36 44 rgb255=255,255,255
37 44 rgb255=255,255,255
38 44 rgb255=255,255,255
39 44 rgb255=255,255,255
40 44 rgb255=255,255,255
41 44 rgb255=153,194,65
42 44 rgb255=160,202,64
43 44 rgb255=158,199,69
44 44 rgb255=161,200,79
45 44 rgb255=157,190,97
46 44 rgb255=165,198,106
47 44 rgb255=155,191,83
48 44 rgb255=160,195,88
49 44 rgb255=172,206,97
50 44 rgb255=175,209,100
51 44 rgb255=173,207,98
52 44 rgb255=161,195,85
53 44 rgb255=161,193,84
54 44 rgb255=172,202,99
55 44 rgb255=175,207,100
56 44 rgb255=173,205,89
57 44 rgb255=175,205,90
58 44 rgb255=190,219,103
59 44 rgb255=188,217,101
60 44 rgb255=181,209,102
61 44 rgb255=179,213,97
62 44 rgb255=176,198,108
63 44 rgb255=155,151,110
64 44 rgb255=145,131,104
65 44 rgb255=140,130,101
66 44 rgb255=136,130,100
67 44 rgb255=129,121,83
68 44 rgb255=119,108,70
69 44 rgb255=77,62,33
70 44 rgb255=49,34,8
71 44 rgb255=70,60,17
72 44 rgb255=80,75,26
73 44 rgb255=255,255,255
74 44 rgb255=255,255,255
75 44 rgb255=255,255,255
76 44 rgb255=255,255,255
77 44 rgb255=255,255,255
78 44 rgb255=255,255,255
79 44 rgb255=255,255,255
80 44 rgb255=255,255,255
81 44 rgb255=255,255,255
82 44 rgb255=212,213,208
83 44 rgb255=164,162,158
84 44 rgb255=171,165,162
85 44 rgb255=171,165,162
86 44 rgb255=172,168,165
87 44 rgb255=170,166,163
88 44 rgb255=168,164,161
89 44 rgb255=166,162,159
90 44 rgb255=162,162,162
91 44 rgb255=164,166,168
92 44 rgb255=168,168,168
93 44 rgb255=171,169,166
94 44 rgb255=149,144,139
95 44 rgb255=124,112,105
96 44 rgb255=125,111,104
97 44 rgb255=142,130,126
98 44 rgb255=155,147,145
99 44 rgb255=153,144,141
100 44 rgb255=130,114,106
101 44 rgb255=150,133,125
102 44 rgb255=137,120,112
103 44 rgb255=110,93,85
104 44 rgb255=116,100,94
105 44 rgb255=141,129,124
106 44 rgb255=159,152,148
107 44 rgb255=167,166,164
108 44 rgb255=164,167,165
109 44 rgb255=156,155,152
110 44 rgb255=166,162,159
111 44 rgb255=166,162,159
112 44 rgb255=165,161,158
113 44 rgb255=214,211,208
114 44 rgb255=255,255,255
115 44 rgb255=255,255,255
116 44 rgb255=255,255,255
117 44 rgb255=255,255,255
118 44 rgb255=255,255,255
119 44 rgb255=255,255,255
120 44 rgb255=255,255,255
121 44 rgb255=255,255,255
122 44 rgb255=255,255,255
123 44 rgb255=213,230,251
124 44 rgb255=212,227,236
125 44 rgb255=215,163,156
126 44 rgb255=198,80,56
127 44 rgb255=198,87,41
128 44 rgb255=201,108,58
129 44 rgb255=198,91,60
130 44 rgb255=196,87,59
131 44 rgb255=205,65,50
132 44 rgb255=199,59,42
133 44 rgb255=188,64,53
134 44 rgb255=196,77,82
135 44 rgb255=212,157,157
136 44 rgb255=222,201,204
137 44 rgb255=213,192,201
138 44 rgb255=212,202,211
139 44 rgb255=213,222,236
140 44 rgb255=211,229,246
141 44 rgb255=214,227,243
142 44 rgb255=212,229,240
143 44 rgb255=210,230,239
144 44 rgb255=215,224,242
145 44 rgb255=209,152,152
146 44 rgb255=200,101,90
147 44 rgb255=205,119,114
148 44 rgb255=219,176,179
149 44 rgb255=220,223,233
150 44 rgb255=212,230,245
151 44 rgb255=211,229,243
152 44 rgb255=211,229,243
153 44 rgb255=211,229,243
154 44 rgb255=213,231,245
155 44 rgb255=255,255,255
156 44 rgb255=255,255,255
157 44 rgb255=255,255,255
158 44 rgb255=255,255,255
159 44 rgb255=255,255,255
160 44 rgb255=255,255,255
161 44 rgb255=255,255,255
162 44 rgb255=255,255,255
163 44 rgb255=255,255,255
164 44 rgb255=130,115,127
165 44 rgb255=125,31,54
166 44 rgb255=138,6,26
167 44 rgb255=134,9,17
168 44 rgb255=124,11,14
169 44 rgb255=126,9,15
170 44 rgb255=127,5,10
171 44 rgb255=130,14,12
172 44 rgb255=138,13,16
173 44 rgb255=154,60,66
174 44 rgb255=188,168,165
175 44 rgb255=191,200,193
176 44 rgb255=203,210,198
177 44 rgb255=207,216,202
178 44 rgb255=213,218,207
179 44 rgb255=219,220,206
180 44 rgb255=223,220,203
181 44 rgb255=226,223,206
182 44 rgb255=226,228,213
183 44 rgb255=206,213,201
184 44 rgb255=206,205,197
185 44 rgb255=178,164,160
186 44 rgb255=175,160,157
187 44 rgb255=226,216,214
188 44 rgb255=219,214,212
189 44 rgb255=221,221,220
190 44 rgb255=215,218,218
191 44 rgb255=207,210,208
192 44 rgb255=225,232,226
193 44 rgb255=239,244,238
194 44 rgb255=225,186,196
195 44 rgb255=180,88,116
0 43 rgb255=86,86,86
1 43 rgb255=86,86,86
2 43 rgb255=87,87,88
3 43 rgb255=89,89,89
4 43 rgb255=90,90,90
5 43 rgb255=90,90,90
6 43 rgb255=88,88,87
7 43 rgb255=93,93,91
8 43 rgb255=98,98,97
9 43 rgb255=100,100,98
10 43 rgb255=100,100,98
11 43 rgb255=103,103,101
12 43 rgb255=102,102,100
13 43 rgb255=101,101,99
14 43 rgb255=93,93,91
15 43 rgb255=83,83,81
16 43 rgb255=74,74,71
17 43 rgb255=62,63,61
18 43 rgb255=55,57,56
19 43 rgb255=49,51,50
20 43 rgb255=47,49,48
21 43 rgb255=47,49,48
22 43 rgb255=49,51,50
23 43 rgb255=50,52,51
24 43 rgb255=49,51,50
25 43 rgb255=49,51,50
26 43 rgb255=48,50,49
27 43 rgb255=46,48,47
28 43 rgb255=44,46,45
29 43 rgb255=42,44,43
30 43 rgb255=40,42,41
31 43 rgb255=38,40,39
32 43 rgb255=255,255,255
33 43 rgb255=255,255,255
34 43 rgb255=255,255,255
35 43 rgb255=255,255,255
36 43 rgb255=255,255,255
37 43 rgb255=255,255,255
38 43 rgb255=255,255,255
39 43 rgb255=255,255,255
40 43 rgb255=255,255,255
41 43 rgb255=148,185,79
42 43 rgb255=142,182,57
43 43 rgb255=140,179,60
44 43 rgb255=134,173,54
45 43 rgb255=140,175,76
46 43 rgb255=123,157,66
47 43 rgb255=109,146,39
48 43 rgb255=153,191,77
49 43 rgb255=145,182,69
50 43 rgb255=147,183,73
51 43 rgb255=145,181,71
52 43 rgb255=145,179,72
53 43 rgb255=112,144,45
54 43 rgb255=119,150,55
55 43 rgb255=135,168,64
56 43 rgb255=150,185,66
57 43 rgb255=165,201,72
58 43 rgb255=175,213,79
59 43 rgb255=183,223,89
60 43 rgb255=166,205,81
61 43 rgb255=156,199,75
62 43 rgb255=155,189,71
63 43 rgb255=147,156,76
64 43 rgb255=140,131,90
65 43 rgb255=138,125,98
66 43 rgb255=131,128,88
67 43 rgb255=124,125,69
68 43 rgb255=109,103,51
69 43 rgb255=43,32,4
70 43 rgb255=30,17,1
71 43 rgb255=65,62,15
72 43 rgb255=76,77,20
73 43 rgb255=255,255,255
74 43 rgb255=255,255,255
75 43 rgb255=255,255,255
76 43 rgb255=255,255,255
77 43 rgb255=255,255,255
78 43 rgb255=255,255,255
79 43 rgb255=255,255,255
80 43 rgb255=255,255,255
81 43 rgb255=255,255,255
82 43 rgb255=210,210,205
83 43 rgb255=161,158,155
84 43 rgb255=169,163,160
85 43 rgb255=172,166,163
86 43 rgb255=172,168,165
87 43 rgb255=171,167,164
88 43 rgb255=171,167,164
89 43 rgb255=171,166,163
90 43 rgb255=167,165,164
91 43 rgb255=163,164,165
92 43 rgb255=163,163,164
93 43 rgb255=163,164,164
94 43 rgb255=164,163,163
95 43 rgb255=162,158,153
96 43 rgb255=162,157,152
97 43 rgb255=164,162,158
98 43 rgb255=163,164,163
99 43 rgb255=163,161,161
100 43 rgb255=140,121,120
101 43 rgb255=120,98,97
102 43 rgb255=123,102,101
103 43 rgb255=145,123,122
104 43 rgb255=166,150,149
105 43 rgb255=169,162,161
106 43 rgb255=165,161,159
107 43 rgb255=171,170,167
108 43 rgb255=167,168,165
109 43 rgb255=159,157,154
110 43 rgb255=168,163,160
111 43 rgb255=166,162,159
112 43 rgb255=167,163,160
113 43 rgb255=220,217,214
114 43 rgb255=255,255,255
115 43 rgb255=255,255,255
116 43 rgb255=255,255,255
117 43 rgb255=255,255,255
118 43 rgb255=255,255,255
119 43 rgb255=255,255,255
120 43 rgb255=255,255,255
121 43 rgb255=255,255,255
122 43 rgb255=255,255,255
123 43 rgb255=215,229,248
124 43 rgb255=204,232,247
125 43 rgb255=218,219,234
126 43 rgb255=212,162,166
127 43 rgb255=196,130,99
128 43 rgb255=200,115,70
129 43 rgb255=201,74,53
130 43 rgb255=196,70,55
131 43 rgb255=197,76,64
132 43 rgb255=207,90,76
133 43 rgb255=209,125,112
134 43 rgb255=215,148,136
135 43 rgb255=211,159,148
136 43 rgb255=205,165,154
137 43 rgb255=208,163,154
138 43 rgb255=203,172,170
139 43 rgb255=210,206,212
140 43 rgb255=212,230,242
141 43 rgb255=208,230,245
142 43 rgb255=212,228,242
143 43 rgb255=212,229,240
144 43 rgb255=206,230,251
145 43 rgb255=218,219,237
146 43 rgb255=218,212,225
147 43 rgb255=215,220,231
148 43 rgb255=215,229,239
149 43 rgb255=211,231,242
150 43 rgb255=210,229,243
151 43 rgb255=211,229,243
152 43 rgb255=211,229,243
153 43 rgb255=211,229,243
154 43 rgb255=213,231,245
155 43 rgb255=255,255,255
156 43 rgb255=255,255,255
157 43 rgb255=255,255,255
158 43 rgb255=255,255,255
159 43 rgb255=255,255,255
160 43 rgb255=255,255,255
161 43 rgb255=255,255,255
162 43 rgb255=255,255,255
163 43 rgb255=255,255,255
164 43 rgb255=129,42,59
165 43 rgb255=147,17,38
166 43 rgb255=151,16,30
167 43 rgb255=137,19,22
168 43 rgb255=138,19,21
169 43 rgb255=151,8,20
170 43 rgb255=143,4,13
171 43 rgb255=132,11,8
172 43 rgb255=135,6,8
173 43 rgb255=151,53,58
174 43 rgb255=200,176,171
175 43 rgb255=207,212,204
176 43 rgb255=212,214,201
177 43 rgb255=215,219,203
178 43 rgb255=215,218,204
179 43 rgb255=225,226,211
180 43 rgb255=223,224,207
181 43 rgb255=218,219,202
182 43 rgb255=219,222,206
183 43 rgb255=211,217,202
184 43 rgb255=207,205,194
185 43 rgb255=199,185,181
186 43 rgb255=188,174,170
187 43 rgb255=224,212,209
188 43 rgb255=235,227,223
189 43 rgb255=236,232,228
190 43 rgb255=234,232,228
191 43 rgb255=224,218,215
192 43 rgb255=227,217,214
193 43 rgb255=234,231,225
194 43 rgb255=238,240,233
195 43 rgb255=224,197,201
0 42 rgb255=80,80,80
1 42 rgb255=81,81,81
2 42 rgb255=82,82,82
3 42 rgb255=83,83,83
4 42 rgb255=84,84,84
5 42 rgb255=85,85,85
6 42 rgb255=83,83,82
7 42 rgb255=81,81,79
8 42 rgb255=84,84,82
9 42 rgb255=88,88,86
10 42 rgb255=92,92,90
11 42 rgb255=98,98,96
12 42 rgb255=101,101,99
13 42 rgb255=92,92,90
14 42 rgb255=79,79,77
15 42 rgb255=70,70,68
16 42 rgb255=65,65,63
17 42 rgb255=55,56,55
18 42 rgb255=48,50,49
19 42 rgb255=45,47,46
20 42 rgb255=43,45,44
21 42 rgb255=43,45,44
22 42 rgb255=45,47,46
23 42 rgb255=45,47,46
24 42 rgb255=45,47,46
25 42 rgb255=45,47,46
26 42 rgb255=43,45,44
27 42 rgb255=42,44,43
28 42 rgb255=41,43,42
29 42 rgb255=39,41,40
30 42 rgb255=38,40,39
31 42 rgb255=36,38,37
32 42 rgb255=255,255,255
33 42 rgb255=255,255,255
34 42 rgb255=255,255,255
35 42 rgb255=255,255,255
36 42 rgb255=255,255,255
37 42 rgb255=255,255,255
38 42 rgb255=255,255,255
39 42 rgb255=255,255,255
40 42 rgb255=255,255,255
41 42 rgb255=122,157,66
42 42 rgb255=120,155,58
43 42 rgb255=126,160,71
44 42 rgb255=99,135,41
45 42 rgb255=93,129,36
46 42 rgb255=97,133,45
47 42 rgb255=113,150,53
48 42 rgb255=126,166,54
49 42 rgb255=129,168,55
50 42 rgb255=131,168,64
51 42 rgb255=141,173,76
52 42 rgb255=149,179,88
53 42 rgb255=116,151,67
54 42 rgb255=79,115,27
55 42 rgb255=105,142,41
56 42 rgb255=109,148,34
57 42 rgb255=114,153,32
58 42 rgb255=126,163,45
59 42 rgb255=137,174,60
60 42 rgb255=128,165,52
61 42 rgb255=131,171,50
62 42 rgb255=128,170,36
63 42 rgb255=140,164,64
64 42 rgb255=137,133,81
65 42 rgb255=137,116,81
66 42 rgb255=114,112,58
67 42 rgb255=115,134,45
68 42 rgb255=91,91,26
69 42 rgb255=30,20,2
70 42 rgb255=22,16,3
71 42 rgb255=97,112,56
72 42 rgb255=141,161,87
73 42 rgb255=255,255,255
74 42 rgb255=255,255,255
75 42 rgb255=255,255,255
76 42 rgb255=255,255,255
77 42 rgb255=255,255,255
78 42 rgb255=255,255,255
79 42 rgb255=255,255,255
80 42 rgb255=255,255,255
81 42 rgb255=255,255,255
82 42 rgb255=224,224,220
83 42 rgb255=168,166,162
84 42 rgb255=178,172,170
85 42 rgb255=173,167,165
86 42 rgb255=165,162,159
87 42 rgb255=167,164,161
88 42 rgb255=169,165,162
89 42 rgb255=171,167,165
90 42 rgb255=173,170,167
91 42 rgb255=170,167,164
92 42 rgb255=163,162,160
93 42 rgb255=162,162,161
94 42 rgb255=159,159,159
95 42 rgb255=155,154,148
96 42 rgb255=156,155,148
97 42 rgb255=157,158,153
98 42 rgb255=160,163,160
99 42 rgb255=162,165,163
100 42 rgb255=162,158,155
101 42 rgb255=158,153,150
102 42 rgb255=162,157,154
103 42 rgb255=171,166,163
104 42 rgb255=169,163,161
105 42 rgb255=164,158,156
106 42 rgb255=166,161,158
107 42 rgb255=173,170,165
108 42 rgb255=165,163,157
109 42 rgb255=159,156,152
110 42 rgb255=164,160,158
111 42 rgb255=164,161,158
112 42 rgb255=161,158,155
113 42 rgb255=205,202,200
114 42 rgb255=255,255,255
115 42 rgb255=255,255,255
116 42 rgb255=255,255,255
117 42 rgb255=255,255,255
118 42 rgb255=255,255,255
119 42 rgb255=255,255,255
120 42 rgb255=255,255,255
121 42 rgb255=255,255,255
122 42 rgb255=255,255,255
123 42 rgb255=215,228,243
124 42 rgb255=207,229,240
125 42 rgb255=205,230,245
126 42 rgb255=207,231,247
127 42 rgb255=213,219,222
128 42 rgb255=209,183,164
129 42 rgb255=194,120,90
130 42 rgb255=200,115,93
131 42 rgb255=215,152,132
132 42 rgb255=218,144,128
133 42 rgb255=213,146,137
134 42 rgb255=195,143,132
135 42 rgb255=202,176,170
136 42 rgb255=206,218,220
137 42 rgb255=214,226,238
138 42 rgb255=221,219,231
139 42 rgb255=214,222,233
140 42 rgb255=209,228,241
141 42 rgb255=209,228,243
142 42 rgb255=210,227,245
143 42 rgb255=212,227,239
144 42 rgb255=208,229,243
145 42 rgb255=207,229,244
146 42 rgb255=210,228,244
147 42 rgb255=213,225,244
148 42 rgb255=213,225,242
149 42 rgb255=211,228,242
150 42 rgb255=210,228,242
151 42 rgb255=210,228,242
152 42 rgb255=210,228,242
153 42 rgb255=210,228,242
154 42 rgb255=212,230,244
155 42 rgb255=255,255,255
156 42 rgb255=255,255,255
157 42 rgb255=255,255,255
158 42 rgb255=255,255,255
159 42 rgb255=255,255,255
160 42 rgb255=255,255,255
161 42 rgb255=255,255,255
162 42 rgb255=255,255,255
163 42 rgb255=255,255,255
164 42 rgb255=150,21,40
165 42 rgb255=152,17,33
166 42 rgb255=156,25,36
167 42 rgb255=156,27,36
168 42 rgb255=160,23,35
169 42 rgb255=164,15,32
170 42 rgb255=151,10,22
171 42 rgb255=140,15,16
172 42 rgb255=143,10,15
173 42 rgb255=153,51,59
174 42 rgb255=201,173,173
175 42 rgb255=210,210,206
176 42 rgb255=213,210,201
177 42 rgb255=215,217,203
178 42 rgb255=217,219,206
179 42 rgb255=224,226,213
180 42 rgb255=226,228,216
181 42 rgb255=221,220,209
182 42 rgb255=222,218,207
183 42 rgb255=223,217,207
184 42 rgb255=208,202,194
185 42 rgb255=209,204,198
186 42 rgb255=215,210,204
187 42 rgb255=218,212,206
188 42 rgb255=234,228,222
189 42 rgb255=236,229,222
190 42 rgb255=237,230,223
191 42 rgb255=237,229,224
192 42 rgb255=228,219,217
193 42 rgb255=227,225,221
194 42 rgb255=231,241,233
195 42 rgb255=231,236,230
0 41 rgb255=75,75,75
1 41 rgb255=76,76,76
2 41 rgb255=78,78,78
3 41 rgb255=79,79,79
4 41 rgb255=81,81,81
5 41 rgb255=81,81,82
6 41 rgb255=80,80,79
7 41 rgb255=78,78,76
8 41 rgb255=78,78,76
9 41 rgb255=76,76,74
10 41 rgb255=73,73,71
11 41 rgb255=77,77,75
12 41 rgb255=84,84,82
13 41 rgb255=82,82,80
14 41 rgb255=71,71,69
15 41 rgb255=62,62,60
16 41 rgb255=53,53,51
17 41 rgb255=46,47,46
18 41 rgb255=43,45,44
19 41 rgb255=41,43,42
20 41 rgb255=41,43,42
21 41 rgb255=40,42,41
22 41 rgb255=43,45,44
23 41 rgb255=43,45,44
24 41 rgb255=43,45,44
25 41 rgb255=42,44,43
26 41 rgb255=41,43,42
27 41 rgb255=39,41,40
28 41 rgb255=38,40,39
29 41 rgb255=38,40,39
30 41 rgb255=36,38,37
31 41 rgb255=35,37,36
32 41 rgb255=255,255,255
33 41 rgb255=255,255,255
34 41 rgb255=255,255,255
35 41 rgb255=255,255,255
36 41 rgb255=255,255,255
37 41 rgb255=255,255,255
38 41 rgb255=255,255,255
39 41 rgb255=255,255,255
40 41 rgb255=255,255,255
41 41 rgb255=87,122,41
42 41 rgb255=88,122,39
43 41 rgb255=101,134,56
44 41 rgb255=85,117,43
45 41 rgb255=72,104,30
46 41 rgb255=114,148,62
47 41 rgb255=146,181,81
48 41 rgb255=118,155,49
49 41 rgb255=131,168,66
50 41 rgb255=130,163,65
51 41 rgb255=151,179,90
52 41 rgb255=158,184,102
53 41 rgb255=148,181,89
54 41 rgb255=134,169,75
55 41 rgb255=126,161,65
56 41 rgb255=110,145,50
57 41 rgb255=99,131,48
58 41 rgb255=116,149,64
59 41 rgb255=125,158,67
60 41 rgb255=127,160,68
61 41 rgb255=116,154,48
62 41 rgb255=110,151,25
63 41 rgb255=112,136,43
64 41 rgb255=126,122,74
65 41 rgb255=133,115,76
66 41 rgb255=106,114,47
67 41 rgb255=113,140,47
68 41 rgb255=76,78,24
69 41 rgb255=19,9,4
70 41 rgb255=34,36,10
71 41 rgb255=105,133,59
72 41 rgb255=138,173,79
73 41 rgb255=255,255,255
74 41 rgb255=255,255,255
75 41 rgb255=255,255,255
76 41 rgb255=255,255,255
77 41 rgb255=255,255,255
78 41 rgb255=255,255,255
79 41 rgb255=255,255,255
80 41 rgb255=255,255,255
81 41 rgb255=255,255,255
82 41 rgb255=251,252,250
83 41 rgb255=225,224,223
84 41 rgb255=232,230,230
85 41 rgb255=214,212,211
86 41 rgb255=197,196,195
87 41 rgb255=204,203,202
88 41 rgb255=207,206,206
89 41 rgb255=212,211,210
90 41 rgb255=216,214,213
91 41 rgb255=212,211,209
92 41 rgb255=204,203,202
93 41 rgb255=208,208,207
94 41 rgb255=211,211,210
95 41 rgb255=196,196,194
96 41 rgb255=181,181,179
97 41 rgb255=195,195,194
98 41 rgb255=209,210,209
99 41 rgb255=204,206,205
100 41 rgb255=206,207,206
101 41 rgb255=219,221,219
102 41 rgb255=212,214,212
103 41 rgb255=207,208,207
104 41 rgb255=208,207,206
105 41 rgb255=202,201,200
106 41 rgb255=204,202,201
107 41 rgb255=203,202,200
108 41 rgb255=196,195,193
109 41 rgb255=192,191,190
110 41 rgb255=190,189,188
111 41 rgb255=199,198,197
112 41 rgb255=191,190,189
113 41 rgb255=217,216,216
114 41 rgb255=255,255,255
115 41 rgb255=255,255,255
116 41 rgb255=255,255,255
117 41 rgb255=255,255,255
118 41 rgb255=255,255,255
119 41 rgb255=255,255,255
120 41 rgb255=255,255,255
121 41 rgb255=255,255,255
122 41 rgb255=255,255,255
123 41 rgb255=215,230,244
124 41 rgb255=215,227,238
125 41 rgb255=212,229,237
126 41 rgb255=211,230,237
127 41 rgb255=216,229,247
128 41 rgb255=214,226,240
129 41 rgb255=211,208,204
130 41 rgb255=206,195,188
131 41 rgb255=212,192,192
132 41 rgb255=211,183,181
133 41 rgb255=210,197,199
134 41 rgb255=209,215,222
135 41 rgb255=213,229,240
136 41 rgb255=218,228,245
137 41 rgb255=214,228,244
138 41 rgb255=213,228,248
139 41 rgb255=210,229,247
140 41 rgb255=208,230,244
141 41 rgb255=211,229,242
142 41 rgb255=210,229,245
143 41 rgb255=212,228,243
144 41 rgb255=214,228,238
145 41 rgb255=213,229,236
146 41 rgb255=215,228,235
147 41 rgb255=208,231,239
148 41 rgb255=207,232,241
149 41 rgb255=215,227,240
150 41 rgb255=213,228,242
151 41 rgb255=211,229,243
152 41 rgb255=211,229,243
153 41 rgb255=211,229,243
154 41 rgb255=213,231,245
155 41 rgb255=255,255,255
156 41 rgb255=255,255,255
157 41 rgb255=255,255,255
158 41 rgb255=255,255,255
159 41 rgb255=255,255,255
160 41 rgb255=255,255,255
161 41 rgb255=255,255,255
162 41 rgb255=255,255,255
163 41 rgb255=255,255,255
164 41 rgb255=147,12,25
165 41 rgb255=146,11,23
166 41 rgb255=156,15,29
167 41 rgb255=171,22,39
168 41 rgb255=168,21,38
169 41 rgb255=156,18,33
170 41 rgb255=144,14,23
171 41 rgb255=145,19,23
172 41 rgb255=150,18,28
173 41 rgb255=166,68,78
174 41 rgb255=211,181,181
175 41 rgb255=213,212,208
176 41 rgb255=213,209,202
177 41 rgb255=212,211,199
178 41 rgb255=219,220,208
179 41 rgb255=223,223,212
180 41 rgb255=225,224,215
181 41 rgb255=224,220,212
182 41 rgb255=225,217,210
183 41 rgb255=227,216,208
184 41 rgb255=212,205,196
185 41 rgb255=199,199,190
186 41 rgb255=206,207,198
187 41 rgb255=215,214,206
188 41 rgb255=227,223,215
189 41 rgb255=230,223,216
190 41 rgb255=233,224,217
191 41 rgb255=232,227,221
192 41 rgb255=224,229,223
193 41 rgb255=230,237,232
194 41 rgb255=243,237,236
195 41 rgb255=243,230,231
0 40 rgb255=255,255,255
1 40 rgb255=255,255,255
2 40 rgb255=255,255,255
3 40 rgb255=255,255,255
4 40 rgb255=255,255,255
5 40 rgb255=255,255,255
6 40 rgb255=255,255,255
7 40 rgb255=255,255,255
8 40 rgb255=255,255,255
9 40 rgb255=255,255,255
10 40 rgb255=255,255,255
11 40 rgb255=255,255,255
12 40 rgb255=255,255,255
13 40 rgb255=255,255,255
14 40 rgb255=255,255,255
15 40 rgb255=255,255,255
16 40 rgb255=255,255,255
17 40 rgb255=255,255,255
18 40 rgb255=255,255,255
19 40 rgb255=255,255,255
20 40 rgb255=255,255,255
21 40 rgb255=255,255,255
22 40 rgb255=255,255,255
23 40 rgb255=255,255,255
24 40 rgb255=255,255,255
25 40 rgb255=255,255,255
26 40 rgb255=255,255,255
27 40 rgb255=255,255,255
28 40 rgb255=255,255,255
29 40 rgb255=255,255,255
30 40 rgb255=255,255,255
31 40 rgb255=255,255,255
32 40 rgb255=255,255,255
33 40 rgb255=255,255,255
34 40 rgb255=255,255,255
35 40 rgb255=255,255,255
36 40 rgb255=255,255,255
37 40 rgb255=255,255,255
38 40 rgb255=255,255,255
39 40 rgb255=255,255,255
40 40 rgb255=255,255,255
41 40 rgb255=255,255,255
42 40 rgb255=255,255,255
43 40 rgb255=255,255,255
44 40 rgb255=255,255,255
45 40 rgb255=255,255,255
46 40 rgb255=255,255,255
47 40 rgb255=255,255,255
48 40 rgb255=255,255,255
49 40 rgb255=255,255,255
50 40 rgb255=255,255,255
51 40 rgb255=255,255,255
52 40 rgb255=255,255,255
53 40 rgb255=255,255,255
54 40 rgb255=255,255,255
55 40 rgb255=255,255,255
56 40 rgb255=255,255,255
57 40 rgb255=255,255,255
58 40 rgb255=255,255,255
59 40 rgb255=255,255,255
60 40 rgb255=255,255,255
61 40 rgb255=255,255,255
62 40 rgb255=255,255,255
63 40 rgb255=255,255,255
64 40 rgb255=255,255,255
65 40 rgb255=255,255,255
66 40 rgb255=255,255,255
67 40 rgb255=255,255,255
68 40 rgb255=255,255,255
69 40 rgb255=255,255,255
70 40 rgb255=255,255,255
71 40 rgb255=255,255,255
72 40 rgb255=255,255,255
73 40 rgb255=255,255,255
74 40 rgb255=255,255,255
75 40 rgb255=255,255,255
76 40 rgb255=255,255,255
77 40 rgb255=255,255,255
78 40 rgb255=255,255,255
79 40 rgb255=255,255,255
80 40 rgb255=255,255,255
81 40 rgb255=255,255,255
82 40 rgb255=255,255,255
83 40 rgb255=255,255,255
84 40 rgb255=255,255,255
85 40 rgb255=255,255,255
86 40 rgb255=255,255,255
87 40 rgb255=255,255,255
88 40 rgb255=255,255,255
89 40 rgb255=255,255,255
90 40 rgb255=255,255,255
91 40 rgb255=255,255,255
92 40 rgb255=255,255,255
93 40 rgb255=255,255,255
94 40 rgb255=255,255,255
95 40 rgb255=255,255,255
96 40 rgb255=255,255,255
97 40 rgb255=255,255,255
98 40 rgb255=255,255,255
99 40 rgb255=255,255,255
100 40 rgb255=255,255,255
101 40 rgb255=255,255,255
102 40 rgb255=255,255,255
103 40 rgb255=255,255,255
104 40 rgb255=255,255,255
105 40 rgb255=255,255,255
106 40 rgb255=255,255,255
107 40 rgb255=255,255,255
108 40 rgb255=255,255,255
109 40 rgb255=255,255,255
110 40 rgb255=255,255,255
111 40 rgb255=255,255,255
112 40 rgb255=255,255,255
113 40 rgb255=255,255,255
114 40 rgb255=255,255,255
115 40 rgb255=255,255,255
116 40 rgb255=255,255,255
117 40 rgb255=255,255,255
118 40 rgb255=255,255,255
119 40 rgb255=255,255,255
120 40 rgb255=255,255,255
121 40 rgb255=255,255,255
122 40 rgb255=255,255,255
123 40 rgb255=255,255,255
124 40 rgb255=255,255,255
125 40 rgb255=255,255,255
126 40 rgb255=255,255,255
127 40 rgb255=255,255,255
128 40 rgb255=255,255,255
129 40 rgb255=255,255,255
130 40 rgb255=255,255,255
131 40 rgb255=255,255,255
132 40 rgb255=255,255,255
133 40 rgb255=255,255,255
134 40 rgb255=255,255,255
135 40 rgb255=255,255,255
136 40 rgb255=255,255,255
137 40 rgb255=255,255,255
138 40 rgb255=255,255,255
139 40 rgb255=255,255,255
140 40 rgb255=255,255,255
141 40 rgb255=255,255,255
142 40 rgb255=255,255,255
143 40 rgb255=255,255,255
144 40 rgb255=255,255,255
145 40 rgb255=255,255,255
146 40 rgb255=255,255,255
147 40 rgb255=255,255,255
148 40 rgb255=255,255,255
149 40 rgb255=255,255,255
150 40 rgb255=255,255,255
151 40 rgb255=255,255,255
152 40 rgb255=255,255,255
153 40 rgb255=255,255,255
154 40 rgb255=255,255,255
155 40 rgb255=255,255,255
156 40 rgb255=255,255,255
157 40 rgb255=255,255,255
158 40 rgb255=255,255,255
159 40 rgb255=255,255,255
160 40 rgb255=255,255,255
161 40 rgb255=255,255,255
162 40 rgb255=255,255,255
163 40 rgb255=255,255,255
164 40 rgb255=255,255,255
165 40 rgb255=255,255,255
166 40 rgb255=255,255,255
167 40 rgb255=255,255,255
168 40 rgb255=255,255,255
169 40 rgb255=255,255,255
170 40 rgb255=255,255,255
171 40 rgb255=255,255,255
172 40 rgb255=255,255,255
173 40 rgb255=255,255,255
174 40 rgb255=255,255,255
175 40 rgb255=255,255,255
176 40 rgb255=255,255,255
177 40 rgb255=255,255,255
178 40 rgb255=255,255,255
179 40 rgb255=255,255,255
180 40 rgb255=255,255,255
181 40 rgb255=255,255,255
182 40 rgb255=255,255,255
183 40 rgb255=255,255,255
184 40 rgb255=255,255,255
185 40 rgb255=255,255,255
186 40 rgb255=255,255,255
187 40 rgb255=255,255,255
188 40 rgb255=255,255,255
189 40 rgb255=255,255,255
190 40 rgb255=255,255,255
191 40 rgb255=255,255,255
192 40 rgb255=255,255,255
193 40 rgb255=255,255,255
194 40 rgb255=255,255,255
195 40 rgb255=255,255,255
0 39 rgb255=255,255,255
1 39 rgb255=255,255,255
2 39 rgb255=255,255,255
3 39 rgb255=255,255,255
4 39 rgb255=255,255,255
5 39 rgb255=255,255,255
6 39 rgb255=255,255,255
7 39 rgb255=255,255,255
8 39 rgb255=255,255,255
9 39 rgb255=255,255,255
10 39 rgb255=255,255,255
11 39 rgb255=255,255,255
12 39 rgb255=255,255,255
13 39 rgb255=255,255,255
14 39 rgb255=255,255,255
15 39 rgb255=255,255,255
16 39 rgb255=255,255,255
17 39 rgb255=255,255,255
18 39 rgb255=255,255,255
19 39 rgb255=255,255,255
20 39 rgb255=255,255,255
21 39 rgb255=255,255,255
22 39 rgb255=255,255,255
23 39 rgb255=255,255,255
24 39 rgb255=255,255,255
25 39 rgb255=255,255,255
26 39 rgb255=255,255,255
27 39 rgb255=255,255,255
28 39 rgb255=255,255,255
29 39 rgb255=255,255,255
30 39 rgb255=255,255,255
31 39 rgb255=255,255,255
32 39 rgb255=255,255,255
33 39 rgb255=255,255,255
34 39 rgb255=255,255,255
35 39 rgb255=255,255,255
36 39 rgb255=255,255,255
37 39 rgb255=255,255,255
38 39 rgb255=255,255,255
39 39 rgb255=255,255,255
40 39 rgb255=255,255,255
41 39 rgb255=255,255,255
42 39 rgb255=255,255,255
43 39 rgb255=255,255,255
44 39 rgb255=255,255,255
45 39 rgb255=255,255,255
46 39 rgb255=255,255,255
47 39 rgb255=255,255,255
48 39 rgb255=255,255,255
49 39 rgb255=255,255,255
50 39 rgb255=255,255,255
51 39 rgb255=255,255,255
52 39 rgb255=255,255,255
53 39 rgb255=255,255,255
54 39 rgb255=255,255,255
55 39 rgb255=255,255,255
56 39 rgb255=255,255,255
57 39 rgb255=255,255,255
58 39 rgb255=255,255,255
59 39 rgb255=255,255,255
60 39 rgb255=255,255,255
61 39 rgb255=255,255,255
62 39 rgb255=255,255,255
63 39 rgb255=255,255,255
64 39 rgb255=255,255,255
65 39 rgb255=255,255,255
66 39 rgb255=255,255,255
67 39 rgb255=255,255,255
68 39 rgb255=255,255,255
69 39 rgb255=255,255,255
70 39 rgb255=255,255,255
71 39 rgb255=255,255,255
72 39 rgb255=255,255,255
73 39 rgb255=255,255,255
74 39 rgb255=255,255,255
75 39 rgb255=255,255,255
76 39 rgb255=255,255,255
77 39 rgb255=255,255,255
78 39 rgb255=255,255,255
79 39 rgb255=255,255,255
80 39 rgb255=255,255,255
81 39 rgb255=255,255,255
82 39 rgb255=255,255,255
83 39 rgb255=255,255,255
84 39 rgb255=255,255,255
85 39 rgb255=255,255,255
86 39 rgb255=255,255,255
87 39 rgb255=255,255,255
88 39 rgb255=255,255,255
89 39 rgb255=255,255,255
90 39 rgb255=255,255,255
91 39 rgb255=255,255,255
92 39 rgb255=255,255,255
93 39 rgb255=255,255,255
94 39 rgb255=255,255,255
95 39 rgb255=255,255,255
96 39 rgb255=255,255,255
97 39 rgb255=255,255,255
98 39 rgb255=255,255,255
99 39 rgb255=255,255,255
100 39 rgb255=255,255,255
101 39 rgb255=255,255,255
102 39 rgb255=255,255,255
103 39 rgb255=255,255,255
104 39 rgb255=255,255,255
105 39 rgb255=255,255,255
106 39 rgb255=255,255,255
107 39 rgb255=255,255,255
108 39 rgb255=255,255,255
109 39 rgb255=255,255,255
110 39 rgb255=255,255,255
111 39 rgb255=255,255,255
112 39 rgb255=255,255,255
113 39 rgb255=255,255,255
114 39 rgb255=255,255,255
115 39 rgb255=255,255,255
116 39 rgb255=255,255,255
117 39 rgb255=255,255,255
118 39 rgb255=255,255,255
119 39 rgb255=255,255,255
120 39 rgb255=255,255,255
121 39 rgb255=255,255,255
122 39 rgb255=255,255,255
123 39 rgb255=255,255,255
124 39 rgb255=255,255,255
125 39 rgb255=255,255,255
126 39 rgb255=255,255,255
127 39 rgb255=255,255,255
128 39 rgb255=255,255,255
129 39 rgb255=255,255,255
130 39 rgb255=255,255,255
131 39 rgb255=255,255,255
132 39 rgb255=255,255,255
133 39 rgb255=255,255,255
134 39 rgb255=255,255,255
135 39 rgb255=255,255,255
136 39 rgb255=255,255,255
137 39 rgb255=255,255,255
138 39 rgb255=255,255,255
139 39 rgb255=255,255,255
140 39 rgb255=255,255,255
141 39 rgb255=255,255,255
142 39 rgb255=255,255,255
143 39 rgb255=255,255,255
144 39 rgb255=255,255,255
145 39 rgb255=255,255,255
146 39 rgb255=255,255,255
147 39 rgb255=255,255,255
148 39 rgb255=255,255,255
149 39 rgb255=255,255,255
150 39 rgb255=255,255,255
151 39 rgb255=255,255,255
152 39 rgb255=255,255,255
153 39 rgb255=255,255,255
154 39 rgb255=255,255,255
155 39 rgb255=255,255,255
156 39 rgb255=255,255,255
157 39 rgb255=255,255,255
158 39 rgb255=255,255,255
159 39 rgb255=255,255,255
160 39 rgb255=255,255,255
161 39 rgb255=255,255,255
162 39 rgb255=255,255,255
163 39 rgb255=255,255,255
164 39 rgb255=255,255,255
165 39 rgb255=255,255,255
166 39 rgb255=255,255,255
167 39 rgb255=255,255,255
168 39 rgb255=255,255,255
169 39 rgb255=255,255,255
170 39 rgb255=255,255,255
171 39 rgb255=255,255,255
172 39 rgb255=255,255,255
173 39 rgb255=255,255,255
174 39 rgb255=255,255,255
175 39 rgb255=255,255,255
176 39 rgb255=255,255,255
177 39 rgb255=255,255,255
178 39 rgb255=255,255,255
179 39 rgb255=255,255,255
180 39 rgb255=255,255,255
181 39 rgb255=255,255,255
182 39 rgb255=255,255,255
183 39 rgb255=255,255,255
184 39 rgb255=255,255,255
185 39 rgb255=255,255,255
186 39 rgb255=255,255,255
187 39 rgb255=255,255,255
188 39 rgb255=255,255,255
189 39 rgb255=255,255,255
190 39 rgb255=255,255,255
191 39 rgb255=255,255,255
192 39 rgb255=255,255,255
193 39 rgb255=255,255,255
194 39 rgb255=255,255,255
195 39 rgb255=255,255,255
0 38 rgb255=255,255,255
1 38 rgb255=255,255,255
2 38 rgb255=255,255,255
3 38 rgb255=255,255,255
4 38 rgb255=255,255,255
5 38 rgb255=255,255,255
6 38 rgb255=255,255,255
7 38 rgb255=255,255,255
8 38 rgb255=255,255,255
9 38 rgb255=255,255,255
10 38 rgb255=255,255,255
11 38 rgb255=255,255,255
12 38 rgb255=255,255,255
13 38 rgb255=255,255,255
14 38 rgb255=255,255,255
15 38 rgb255=255,255,255
16 38 rgb255=255,255,255
17 38 rgb255=255,255,255
18 38 rgb255=255,255,255
19 38 rgb255=255,255,255
20 38 rgb255=255,255,255
21 38 rgb255=255,255,255
22 38 rgb255=255,255,255
23 38 rgb255=255,255,255
24 38 rgb255=255,255,255
25 38 rgb255=255,255,255
26 38 rgb255=255,255,255
27 38 rgb255=255,255,255
28 38 rgb255=255,255,255
29 38 rgb255=255,255,255
30 38 rgb255=255,255,255
31 38 rgb255=255,255,255
32 38 rgb255=255,255,255
33 38 rgb255=255,255,255
34 38 rgb255=255,255,255
35 38 rgb255=255,255,255
36 38 rgb255=255,255,255
37 38 rgb255=255,255,255
38 38 rgb255=255,255,255
39 38 rgb255=255,255,255
40 38 rgb255=255,255,255
41 38 rgb255=255,255,255
42 38 rgb255=255,255,255
43 38 rgb255=255,255,255
44 38 rgb255=255,255,255
45 38 rgb255=255,255,255
46 38 rgb255=255,255,255
47 38 rgb255=255,255,255
48 38 rgb255=255,255,255
49 38 rgb255=255,255,255
50 38 rgb255=255,255,255
51 38 rgb255=255,255,255
52 38 rgb255=255,255,255
53 38 rgb255=255,255,255
54 38 rgb255=255,255,255
55 38 rgb255=255,255,255
56 38 rgb255=255,255,255
57 38 rgb255=255,255,255
58 38 rgb255=255,255,255
59 38 rgb255=255,255,255
60 38 rgb255=255,255,255
61 38 rgb255=255,255,255
62 38 rgb255=255,255,255
63 38 rgb255=255,255,255
64 38 rgb255=255,255,255
65 38 rgb255=255,255,255
66 38 rgb255=255,255,255
67 38 rgb255=255,255,255
68 38 rgb255=255,255,255
69 38 rgb255=255,255,255
70 38 rgb255=255,255,255
71 38 rgb255=255,255,255
72 38 rgb255=255,255,255
73 38 rgb255=255,255,255
74 38 rgb255=255,255,255
75 38 rgb255=255,255,255
76 38 rgb255=255,255,255
77 38 rgb255=255,255,255
78 38 rgb255=255,255,255
79 38 rgb255=255,255,255
80 38 rgb255=255,255,255
81 38 rgb255=255,255,255
82 38 rgb255=255,255,255
83 38 rgb255=255,255,255
84 38 rgb255=255,255,255
85 38 rgb255=255,255,255
86 38 rgb255=255,255,255
87 38 rgb255=255,255,255
88 38 rgb255=255,255,255
89 38 rgb255=255,255,255
90 38 rgb255=255,255,255
91 38 rgb255=255,255,255
92 38 rgb255=255,255,255
93 38 rgb255=255,255,255
94 38 rgb255=255,255,255
95 38 rgb255=255,255,255
96 38 rgb255=255,255,255
97 38 rgb255=255,255,255
98 38 rgb255=255,255,255
99 38 rgb255=255,255,255
100 38 rgb255=255,255,255
101 38 rgb255=255,255,255
102 38 rgb255=255,255,255
103 38 rgb255=255,255,255
104 38 rgb255=255,255,255
105 38 rgb255=255,255,255
106 38 rgb255=255,255,255
107 38 rgb255=255,255,255
108 38 rgb255=255,255,255
109 38 rgb255=255,255,255
110 38 rgb255=255,255,255
111 38 rgb255=255,255,255
112 38 rgb255=255,255,255
113 38 rgb255=255,255,255
114 38 rgb255=255,255,255
115 38 rgb255=255,255,255
116 38 rgb255=255,255,255
117 38 rgb255=255,255,255
118 38 rgb255=255,255,255
119 38 rgb255=255,255,255
120 38 rgb255=255,255,255
121 38 rgb255=255,255,255
122 38 rgb255=255,255,255
123 38 rgb255=255,255,255
124 38 rgb255=255,255,255
125 38 rgb255=255,255,255
126 38 rgb255=255,255,255
127 38 rgb255=255,255,255
128 38 rgb255=255,255,255
129 38 rgb255=255,255,255
130 38 rgb255=255,255,255
131 38 rgb255=255,255,255
132 38 rgb255=255,255,255
133 38 rgb255=255,255,255
134 38 rgb255=255,255,255
135 38 rgb255=255,255,255
136 38 rgb255=255,255,255
137 38 rgb255=255,255,255
138 38 rgb255=255,255,255
139 38 rgb255=255,255,255
140 38 rgb255=255,255,255
141 38 rgb255=255,255,255
142 38 rgb255=255,255,255
143 38 rgb255=255,255,255
144 38 rgb255=255,255,255
145 38 rgb255=255,255,255
146 38 rgb255=255,255,255
147 38 rgb255=255,255,255
148 38 rgb255=255,255,255
149 38 rgb255=255,255,255
150 38 rgb255=255,255,255
151 38 rgb255=255,255,255
152 38 rgb255=255,255,255
153 38 rgb255=255,255,255
154 38 rgb255=255,255,255
155 38 rgb255=255,255,255
156 38 rgb255=255,255,255
157 38 rgb255=255,255,255
158 38 rgb255=255,255,255
159 38 rgb255=255,255,255
160 38 rgb255=255,255,255
161 38 rgb255=255,255,255
162 38 rgb255=255,255,255
163 38 rgb255=255,255,255
164 38 rgb255=255,255,255
165 38 rgb255=255,255,255
166 38 rgb255=255,255,255
167 38 rgb255=255,255,255
168 38 rgb255=255,255,255
169 38 rgb255=255,255,255
170 38 rgb255=255,255,255
171 38 rgb255=255,255,255
172 38 rgb255=255,255,255
173 38 rgb255=255,255,255
174 38 rgb255=255,255,255
175 38 rgb255=255,255,255
176 38 rgb255=255,255,255
177 38 rgb255=255,255,255
178 38 rgb255=255,255,255
179 38 rgb255=255,255,255
180 38 rgb255=255,255,255
181 38 rgb255=255,255,255
182 38 rgb255=255,255,255
183 38 rgb255=255,255,255
184 38 rgb255=255,255,255
185 38 rgb255=255,255,255
186 38 rgb255=255,255,255
187 38 rgb255=255,255,255
188 38 rgb255=255,255,255
189 38 rgb255=255,255,255
190 38 rgb255=255,255,255
191 38 rgb255=255,255,255
192 38 rgb255=255,255,255
193 38 rgb255=255,255,255
194 38 rgb255=255,255,255
195 38 rgb255=255,255,255
0 37 rgb255=255,255,255
1 37 rgb255=255,255,255
2 37 rgb255=255,255,255
3 37 rgb255=255,255,255
4 37 rgb255=255,255,255
5 37 rgb255=255,255,255
6 37 rgb255=255,255,255
7 37 rgb255=255,255,255
8 37 rgb255=255,255,255
9 37 rgb255=255,255,255
10 37 rgb255=255,255,255
11 37 rgb255=255,255,255
12 37 rgb255=255,255,255
13 37 rgb255=255,255,255
14 37 rgb255=255,255,255
15 37 rgb255=255,255,255
16 37 rgb255=255,255,255
17 37 rgb255=255,255,255
18 37 rgb255=255,255,255
19 37 rgb255=255,255,255
20 37 rgb255=255,255,255
21 37 rgb255=255,255,255
22 37 rgb255=255,255,255
23 37 rgb255=255,255,255
24 37 rgb255=255,255,255
25 37 rgb255=255,255,255
26 37 rgb255=255,255,255
27 37 rgb255=255,255,255
28 37 rgb255=255,255,255
29 37 rgb255=255,255,255
30 37 rgb255=255,255,255
31 37 rgb255=255,255,255
32 37 rgb255=255,255,255
33 37 rgb255=255,255,255
34 37 rgb255=255,255,255
35 37 rgb255=255,255,255
36 37 rgb255=255,255,255
37 37 rgb255=255,255,255
38 37 rgb255=255,255,255
39 37 rgb255=255,255,255
40 37 rgb255=255,255,255
41 37 rgb255=255,255,255
42 37 rgb255=255,255,255
43 37 rgb255=255,255,255
44 37 rgb255=255,255,255
45 37 rgb255=255,255,255
46 37 rgb255=255,255,255
47 37 rgb255=255,255,255
48 37 rgb255=255,255,255
49 37 rgb255=255,255,255
50 37 rgb255=255,255,255
51 37 rgb255=255,255,255
52 37 rgb255=255,255,255
53 37 rgb255=255,255,255
54 37 rgb255=255,255,255
55 37 rgb255=255,255,255
56 37 rgb255=255,255,255
57 37 rgb255=255,255,255
58 37 rgb255=255,255,255
59 37 rgb255=255,255,255
60 37 rgb255=255,255,255
61 37 rgb255=255,255,255
62 37 rgb255=255,255,255
63 37 rgb255=255,255,255
64 37 rgb255=255,255,255
65 37 rgb255=255,255,255
66 37 rgb255=255,255,255
67 37 rgb255=255,255,255
68 37 rgb255=255,255,255
69 37 rgb255=255,255,255
70 37 rgb255=255,255,255
71 37 rgb255=255,255,255
72 37 rgb255=255,255,255
73 37 rgb255=255,255,255
74 37 rgb255=255,255,255
75 37 rgb255=255,255,255
76 37 rgb255=255,255,255
77 37 rgb255=255,255,255
78 37 rgb255=255,255,255
79 37 rgb255=255,255,255
80 37 rgb255=255,255,255
81 37 rgb255=255,255,255
82 37 rgb255=255,255,255
83 37 rgb255=255,255,255
84 37 rgb255=255,255,255
85 37 rgb255=255,255,255
86 37 rgb255=255,255,255
87 37 rgb255=255,255,255
88 37 rgb255=255,255,255
89 37 rgb255=255,255,255
90 37 rgb255=255,255,255
91 37 rgb255=255,255,255
92 37 rgb255=255,255,255
93 37 rgb255=255,255,255
94 37 rgb255=255,255,255
95 37 rgb255=255,255,255
96 37 rgb255=255,255,255
97 37 rgb255=255,255,255
98 37 rgb255=255,255,255
99 37 rgb255=255,255,255
100 37 rgb255=255,255,255
101 37 rgb255=255,255,255
102 37 rgb255=255,255,255
103 37 rgb255=255,255,255
104 37 rgb255=255,255,255
105 37 rgb255=255,255,255
106 37 rgb255=255,255,255
107 37 rgb255=255,255,255
108 37 rgb255=255,255,255
109 37 rgb255=255,255,255
110 37 rgb255=255,255,255
111 37 rgb255=255,255,255
112 37 rgb255=255,255,255
113 37 rgb255=255,255,255
114 37 rgb255=255,255,255
115 37 rgb255=255,255,255
116 37 rgb255=255,255,255
117 37 rgb255=255,255,255
118 37 rgb255=255,255,255
119 37 rgb255=255,255,255
120 37 rgb255=255,255,255
121 37 rgb255=255,255,255
122 37 rgb255=255,255,255
123 37 rgb255=255,255,255
124 37 rgb255=255,255,255
125 37 rgb255=255,255,255
126 37 rgb255=255,255,255
127 37 rgb255=255,255,255
128 37 rgb255=255,255,255
129 37 rgb255=255,255,255
130 37 rgb255=255,255,255
131 37 rgb255=255,255,255
132 37 rgb255=255,255,255
133 37 rgb255=255,255,255
134 37 rgb255=255,255,255
135 37 rgb255=255,255,255
136 37 rgb255=255,255,255
137 37 rgb255=255,255,255
138 37 rgb255=255,255,255
139 37 rgb255=255,255,255
140 37 rgb255=255,255,255
141 37 rgb255=255,255,255
142 37 rgb255=255,255,255
143 37 rgb255=255,255,255
144 37 rgb255=255,255,255
145 37 rgb255=255,255,255
146 37 rgb255=255,255,255
147 37 rgb255=255,255,255
148 37 rgb255=255,255,255
149 37 rgb255=255,255,255
150 37 rgb255=255,255,255
151 37 rgb255=255,255,255
152 37 rgb255=255,255,255
153 37 rgb255=255,255,255
154 37 rgb255=255,255,255
155 37 rgb255=255,255,255
156 37 rgb255=255,255,255
157 37 rgb255=255,255,255
158 37 rgb255=255,255,255
159 37 rgb255=255,255,255
160 37 rgb255=255,255,255
161 37 rgb255=255,255,255
162 37 rgb255=255,255,255
163 37 rgb255=255,255,255
164 37 rgb255=255,255,255
165 37 rgb255=255,255,255
166 37 rgb255=255,255,255
167 37 rgb255=255,255,255
168 37 rgb255=255,255,255
169 37 rgb255=255,255,255
170 37 rgb255=255,255,255
171 37 rgb255=255,255,255
172 37 rgb255=255,255,255
173 37 rgb255=255,255,255
174 37 rgb255=255,255,255
175 37 rgb255=255,255,255
176 37 rgb255=255,255,255
177 37 rgb255=255,255,255
178 37 rgb255=255,255,255
179 37 rgb255=255,255,255
180 37 rgb255=255,255,255
181 37 rgb255=255,255,255
182 37 rgb255=255,255,255
183 37 rgb255=255,255,255
184 37 rgb255=255,255,255
185 37 rgb255=255,255,255
186 37 rgb255=255,255,255
187 37 rgb255=255,255,255
188 37 rgb255=255,255,255
189 37 rgb255=255,255,255
190 37 rgb255=255,255,255
191 37 rgb255=255,255,255
192 37 rgb255=255,255,255
193 37 rgb255=255,255,255
194 37 rgb255=255,255,255
195 37 rgb255=255,255,255
0 36 rgb255=255,255,255
1 36 rgb255=255,255,255
2 36 rgb255=255,255,255
3 36 rgb255=255,255,255
4 36 rgb255=255,255,255
5 36 rgb255=255,255,255
6 36 rgb255=255,255,255
7 36 rgb255=255,255,255
8 36 rgb255=255,255,255
9 36 rgb255=255,255,255
10 36 rgb255=255,255,255
11 36 rgb255=255,255,255
12 36 rgb255=255,255,255
13 36 rgb255=255,255,255
14 36 rgb255=255,255,255
15 36 rgb255=255,255,255
16 36 rgb255=255,255,255
17 36 rgb255=255,255,255
18 36 rgb255=255,255,255
19 36 rgb255=255,255,255
20 36 rgb255=255,255,255
21 36 rgb255=255,255,255
22 36 rgb255=255,255,255
23 36 rgb255=255,255,255
24 36 rgb255=255,255,255
25 36 rgb255=255,255,255
26 36 rgb255=255,255,255
27 36 rgb255=255,255,255
28 36 rgb255=255,255,255
29 36 rgb255=255,255,255
30 36 rgb255=255,255,255
31 36 rgb255=255,255,255
32 36 rgb255=255,255,255
33 36 rgb255=255,255,255
34 36 rgb255=255,255,255
35 36 rgb255=255,255,255
36 36 rgb255=255,255,255
37 36 rgb255=255,255,255
38 36 rgb255=255,255,255
39 36 rgb255=255,255,255
40 36 rgb255=255,255,255
41 36 rgb255=255,255,255
42 36 rgb255=255,255,255
43 36 rgb255=255,255,255
44 36 rgb255=255,255,255
45 36 rgb255=255,255,255
46 36 rgb255=255,255,255
47 36 rgb255=255,255,255
48 36 rgb255=255,255,255
49 36 rgb255=255,255,255
50 36 rgb255=255,255,255
51 36 rgb255=255,255,255
52 36 rgb255=255,255,255
53 36 rgb255=255,255,255
54 36 rgb255=255,255,255
55 36 rgb255=255,255,255
56 36 rgb255=255,255,255
57 36 rgb255=255,255,255
58 36 rgb255=255,255,255
59 36 rgb255=255,255,255
60 36 rgb255=255,255,255
61 36 rgb255=255,255,255
62 36 rgb255=255,255,255
63 36 rgb255=255,255,255
64 36 rgb255=255,255,255
65 36 rgb255=255,255,255
66 36 rgb255=255,255,255
67 36 rgb255=255,255,255
68 36 rgb255=255,255,255
69 36 rgb255=255,255,255
70 36 rgb255=255,255,255
71 36 rgb255=255,255,255
72 36 rgb255=255,255,255
73 36 rgb255=255,255,255
74 36 rgb255=255,255,255
75 36 rgb255=255,255,255
76 36 rgb255=255,255,255
77 36 rgb255=255,255,255
78 36 rgb255=255,255,255
79 36 rgb255=255,255,255
80 36 rgb255=255,255,255
81 36 rgb255=255,255,255
82 36 rgb255=255,255,255
83 36 rgb255=255,255,255
84 36 rgb255=255,255,255
85 36 rgb255=255,255,255
86 36 rgb255=255,255,255
87 36 rgb255=255,255,255
88 36 rgb255=255,255,255
89 36 rgb255=255,255,255
90 36 rgb255=255,255,255
91 36 rgb255=255,255,255
92 36 rgb255=255,255,255
93 36 rgb255=255,255,255
94 36 rgb255=255,255,255
95 36 rgb255=255,255,255
96 36 rgb255=255,255,255
97 36 rgb255=255,255,255
98 36 rgb255=255,255,255
99 36 rgb255=255,255,255
100 36 rgb255=255,255,255
101 36 rgb255=255,255,255
102 36 rgb255=255,255,255
103 36 rgb255=255,255,255
104 36 rgb255=255,255,255
105 36 rgb255=255,255,255
106 36 rgb255=255,255,255
107 36 rgb255=255,255,255
108 36 rgb255=255,255,255
109 36 rgb255=255,255,255
110 36 rgb255=255,255,255
111 36 rgb255=255,255,255
112 36 rgb255=255,255,255
113 36 rgb255=255,255,255
114 36 rgb255=255,255,255
115 36 rgb255=255,255,255
116 36 rgb255=255,255,255
117 36 rgb255=255,255,255
118 36 rgb255=255,255,255
119 36 rgb255=255,255,255
120 36 rgb255=255,255,255
121 36 rgb255=255,255,255
122 36 rgb255=255,255,255
123 36 rgb255=255,255,255
124 36 rgb255=255,255,255
125 36 rgb255=255,255,255
126 36 rgb255=255,255,255
127 36 rgb255=255,255,255
128 36 rgb255=255,255,255
129 36 rgb255=255,255,255
130 36 rgb255=255,255,255
131 36 rgb255=255,255,255
132 36 rgb255=255,255,255
133 36 rgb255=255,255,255
134 36 rgb255=255,255,255
135 36 rgb255=255,255,255
136 36 rgb255=255,255,255
137 36 rgb255=255,255,255
138 36 rgb255=255,255,255
139 36 rgb255=255,255,255
140 36 rgb255=255,255,255
141 36 rgb255=255,255,255
142 36 rgb255=255,255,255
143 36 rgb255=255,255,255
144 36 rgb255=255,255,255
145 36 rgb255=255,255,255
146 36 rgb255=255,255,255
147 36 rgb255=255,255,255
148 36 rgb255=255,255,255
149 36 rgb255=255,255,255
150 36 rgb255=255,255,255
151 36 rgb255=255,255,255
152 36 rgb255=255,255,255
153 36 rgb255=255,255,255
154 36 rgb255=255,255,255
155 36 rgb255=255,255,255
156 36 rgb255=255,255,255
157 36 rgb255=255,255,255
158 36 rgb255=255,255,255
159 36 rgb255=255,255,255
160 36 rgb255=255,255,255
161 36 rgb255=255,255,255
162 36 rgb255=255,255,255
163 36 rgb255=255,255,255
164 36 rgb255=255,255,255
165 36 rgb255=255,255,255
166 36 rgb255=255,255,255
167 36 rgb255=255,255,255
168 36 rgb255=255,255,255
169 36 rgb255=255,255,255
170 36 rgb255=255,255,255
171 36 rgb255=255,255,255
172 36 rgb255=255,255,255
173 36 rgb255=255,255,255
174 36 rgb255=255,255,255
175 36 rgb255=255,255,255
176 36 rgb255=255,255,255
177 36 rgb255=255,255,255
178 36 rgb255=255,255,255
179 36 rgb255=255,255,255
180 36 rgb255=255,255,255
181 36 rgb255=255,255,255
182 36 rgb255=255,255,255
183 36 rgb255=255,255,255
184 36 rgb255=255,255,255
185 36 rgb255=255,255,255
186 36 rgb255=255,255,255
187 36 rgb255=255,255,255
188 36 rgb255=255,255,255
189 36 rgb255=255,255,255
190 36 rgb255=255,255,255
191 36 rgb255=255,255,255
192 36 rgb255=255,255,255
193 36 rgb255=255,255,255
194 36 rgb255=255,255,255
195 36 rgb255=255,255,255
0 35 rgb255=255,255,255
1 35 rgb255=255,255,255
2 35 rgb255=255,255,255
3 35 rgb255=255,255,255
4 35 rgb255=255,255,255
5 35 rgb255=255,255,255
6 35 rgb255=255,255,255
7 35 rgb255=255,255,255
8 35 rgb255=255,255,255
9 35 rgb255=255,255,255
10 35 rgb255=255,255,255
11 35 rgb255=255,255,255
12 35 rgb255=255,255,255
13 35 rgb255=255,255,255
14 35 rgb255=255,255,255
15 35 rgb255=255,255,255
16 35 rgb255=255,255,255
17 35 rgb255=255,255,255
18 35 rgb255=255,255,255
19 35 rgb255=255,255,255
20 35 rgb255=255,255,255
21 35 rgb255=255,255,255
22 35 rgb255=255,255,255
23 35 rgb255=255,255,255
24 35 rgb255=255,255,255
25 35 rgb255=255,255,255
26 35 rgb255=255,255,255
27 35 rgb255=255,255,255
28 35 rgb255=255,255,255
29 35 rgb255=255,255,255
30 35 rgb255=255,255,255
31 35 rgb255=255,255,255
32 35 rgb255=255,255,255
33 35 rgb255=255,255,255
34 35 rgb255=255,255,255
35 35 rgb255=255,255,255
36 35 rgb255=255,255,255
37 35 rgb255=255,255,255
38 35 rgb255=255,255,255
39 35 rgb255=255,255,255
40 35 rgb255=255,255,255
41 35 rgb255=255,255,255
42 35 rgb255=255,255,255
43 35 rgb255=255,255,255
44 35 rgb255=255,255,255
45 35 rgb255=255,255,255
46 35 rgb255=255,255,255
47 35 rgb255=255,255,255
48 35 rgb255=255,255,255
49 35 rgb255=255,255,255
50 35 rgb255=255,255,255
51 35 rgb255=255,255,255
52 35 rgb255=255,255,255
53 35 rgb255=255,255,255
54 35 rgb255=255,255,255
55 35 rgb255=255,255,255
56 35 rgb255=255,255,255
57 35 rgb255=255,255,255
58 35 rgb255=255,255,255
59 35 rgb255=255,255,255
60 35 rgb255=255,255,255
61 35 rgb255=255,255,255
62 35 rgb255=255,255,255
63 35 rgb255=255,255,255
64 35 rgb255=255,255,255
65 35 rgb255=255,255,255
66 35 rgb255=255,255,255
67 35 rgb255=255,255,255
68 35 rgb255=255,255,255
69 35 rgb255=255,255,255
70 35 rgb255=255,255,255
71 35 rgb255=255,255,255
72 35 rgb255=255,255,255
73 35 rgb255=255,255,255
74 35 rgb255=255,255,255
75 35 rgb255=255,255,255
76 35 rgb255=255,255,255
77 35 rgb255=255,255,255
78 35 rgb255=255,255,255
79 35 rgb255=255,255,255
80 35 rgb255=255,255,255
81 35 rgb255=255,255,255
82 35 rgb255=255,255,255
83 35 rgb255=255,255,255
84 35 rgb255=255,255,255
85 35 rgb255=255,255,255
86 35 rgb255=255,255,255
87 35 rgb255=255,255,255
88 35 rgb255=255,255,255
89 35 rgb255=255,255,255
90 35 rgb255=255,255,255
91 35 rgb255=255,255,255
92 35 rgb255=255,255,255
93 35 rgb255=255,255,255
94 35 rgb255=255,255,255
95 35 rgb255=255,255,255
96 35 rgb255=255,255,255
97 35 rgb255=255,255,255
98 35 rgb255=255,255,255
99 35 rgb255=255,255,255
100 35 rgb255=255,255,255
101 35 rgb255=255,255,255
102 35 rgb255=255,255,255
103 35 rgb255=255,255,255
104 35 rgb255=255,255,255
105 35 rgb255=255,255,255
106 35 rgb255=255,255,255
107 35 rgb255=255,255,255
108 35 rgb255=255,255,255
109 35 rgb255=255,255,255
110 35 rgb255=255,255,255
111 35 rgb255=255,255,255
112 35 rgb255=255,255,255
113 35 rgb255=255,255,255
114 35 rgb255=255,255,255
115 35 rgb255=255,255,255
116 35 rgb255=255,255,255
117 35 rgb255=255,255,255
118 35 rgb255=255,255,255
119 35 rgb255=255,255,255
120 35 rgb255=255,255,255
121 35 rgb255=255,255,255
122 35 rgb255=255,255,255
123 35 rgb255=255,255,255
124 35 rgb255=255,255,255
125 35 rgb255=255,255,255
126 35 rgb255=255,255,255
127 35 rgb255=255,255,255
128 35 rgb255=255,255,255
129 35 rgb255=255,255,255
130 35 rgb255=255,255,255
131 35 rgb255=255,255,255
132 35 rgb255=255,255,255
133 35 rgb255=255,255,255
134 35 rgb255=255,255,255
135 35 rgb255=255,255,255
136 35 rgb255=255,255,255
137 35 rgb255=255,255,255
138 35 rgb255=255,255,255
139 35 rgb255=255,255,255
140 35 rgb255=255,255,255
141 35 rgb255=255,255,255
142 35 rgb255=255,255,255
143 35 rgb255=255,255,255
144 35 rgb255=255,255,255
145 35 rgb255=255,255,255
146 35 rgb255=255,255,255
147 35 rgb255=255,255,255
148 35 rgb255=255,255,255
149 35 rgb255=255,255,255
150 35 rgb255=255,255,255
151 35 rgb255=255,255,255
152 35 rgb255=255,255,255
153 35 rgb255=255,255,255
154 35 rgb255=255,255,255
155 35 rgb255=255,255,255
156 35 rgb255=255,255,255
157 35 rgb255=255,255,255
158 35 rgb255=255,255,255
159 35 rgb255=255,255,255
160 35 rgb255=255,255,255
161 35 rgb255=255,255,255
162 35 rgb255=255,255,255
163 35 rgb255=255,255,255
164 35 rgb255=255,255,255
165 35 rgb255=255,255,255
166 35 rgb255=255,255,255
167 35 rgb255=255,255,255
168 35 rgb255=255,255,255
169 35 rgb255=255,255,255
170 35 rgb255=255,255,255
171 35 rgb255=255,255,255
172 35 rgb255=255,255,255
173 35 rgb255=255,255,255
174 35 rgb255=255,255,255
175 35 rgb255=255,255,255
176 35 rgb255=255,255,255
177 35 rgb255=255,255,255
178 35 rgb255=255,255,255
179 35 rgb255=255,255,255
180 35 rgb255=255,255,255
181 35 rgb255=255,255,255
182 35 rgb255=255,255,255
183 35 rgb255=255,255,255
184 35 rgb255=255,255,255
185 35 rgb255=255,255,255
186 35 rgb255=255,255,255
187 35 rgb255=255,255,255
188 35 rgb255=255,255,255
189 35 rgb255=255,255,255
190 35 rgb255=255,255,255
191 35 rgb255=255,255,255
192 35 rgb255=255,255,255
193 35 rgb255=255,255,255
194 35 rgb255=255,255,255
195 35 rgb255=255,255,255
0 34 rgb255=255,255,255
1 34 rgb255=255,255,255
2 34 rgb255=255,255,255
3 34 rgb255=255,255,255
4 34 rgb255=255,255,255
5 34 rgb255=255,255,255
6 34 rgb255=255,255,255
7 34 rgb255=255,255,255
8 34 rgb255=255,255,255
9 34 rgb255=255,255,255
10 34 rgb255=255,255,255
11 34 rgb255=255,255,255
12 34 rgb255=255,255,255
13 34 rgb255=255,255,255
14 34 rgb255=255,255,255
15 34 rgb255=255,255,255
16 34 rgb255=255,255,255
17 34 rgb255=255,255,255
18 34 rgb255=255,255,255
19 34 rgb255=255,255,255
20 34 rgb255=255,255,255
21 34 rgb255=255,255,255
22 34 rgb255=255,255,255
23 34 rgb255=255,255,255
24 34 rgb255=255,255,255
25 34 rgb255=255,255,255
26 34 rgb255=255,255,255
27 34 rgb255=255,255,255
28 34 rgb255=255,255,255
29 34 rgb255=255,255,255
30 34 rgb255=255,255,255
31 34 rgb255=255,255,255
32 34 rgb255=255,255,255
33 34 rgb255=255,255,255
34 34 rgb255=255,255,255
35 34 rgb255=255,255,255
36 34 rgb255=255,255,255
37 34 rgb255=255,255,255
38 34 rgb255=255,255,255
39 34 rgb255=255,255,255
40 34 rgb255=255,255,255
41 34 rgb255=255,255,255
42 34 rgb255=255,255,255
43 34 rgb255=255,255,255
44 34 rgb255=255,255,255
45 34 rgb255=255,255,255
46 34 rgb255=255,255,255
47 34 rgb255=255,255,255
48 34 rgb255=255,255,255
49 34 rgb255=255,255,255
50 34 rgb255=255,255,255
51 34 rgb255=255,255,255
52 34 rgb255=255,255,255
53 34 rgb255=255,255,255
54 34 rgb255=255,255,255
55 34 rgb255=255,255,255
56 34 rgb255=255,255,255
57 34 rgb255=255,255,255
58 34 rgb255=255,255,255
59 34 rgb255=255,255,255
60 34 rgb255=255,255,255
61 34 rgb255=255,255,255
62 34 rgb255=255,255,255
63 34 rgb255=255,255,255
64 34 rgb255=255,255,255
65 34 rgb255=255,255,255
66 34 rgb255=255,255,255
67 34 rgb255=255,255,255
68 34 rgb255=255,255,255
69 34 rgb255=255,255,255
70 34 rgb255=255,255,255
71 34 rgb255=255,255,255
72 34 rgb255=255,255,255
73 34 rgb255=255,255,255
74 34 rgb255=255,255,255
75 34 rgb255=255,255,255
76 34 rgb255=255,255,255
77 34 rgb255=255,255,255
78 34 rgb255=255,255,255
79 34 rgb255=255,255,255
80 34 rgb255=255,255,255
81 34 rgb255=255,255,255
82 34 rgb255=255,255,255
83 34 rgb255=255,255,255
84 34 rgb255=255,255,255
85 34 rgb255=255,255,255
86 34 rgb255=255,255,255
87 34 rgb255=255,255,255
88 34 rgb255=255,255,255
89 34 rgb255=255,255,255
90 34 rgb255=255,255,255
91 34 rgb255=255,255,255
92 34 rgb255=255,255,255
93 34 rgb255=255,255,255
94 34 rgb255=255,255,255
95 34 rgb255=255,255,255
96 34 rgb255=255,255,255
97 34 rgb255=255,255,255
98 34 rgb255=255,255,255
99 34 rgb255=255,255,255
100 34 rgb255=255,255,255
101 34 rgb255=255,255,255
102 34 rgb255=255,255,255
103 34 rgb255=255,255,255
104 34 rgb255=255,255,255
105 34 rgb255=255,255,255
106 34 rgb255=255,255,255
107 34 rgb255=255,255,255
108 34 rgb255=255,255,255
109 34 rgb255=255,255,255
110 34 rgb255=255,255,255
111 34 rgb255=255,255,255
112 34 rgb255=255,255,255
113 34 rgb255=255,255,255
114 34 rgb255=255,255,255
115 34 rgb255=255,255,255
116 34 rgb255=255,255,255
117 34 rgb255=255,255,255
118 34 rgb255=255,255,255
119 34 rgb255=255,255,255
120 34 rgb255=255,255,255
121 34 rgb255=255,255,255
122 34 rgb255=255,255,255
123 34 rgb255=255,255,255
124 34 rgb255=255,255,255
125 34 rgb255=255,255,255
126 34 rgb255=255,255,255
127 34 rgb255=255,255,255
128 34 rgb255=255,255,255
129 34 rgb255=255,255,255
130 34 rgb255=255,255,255
131 34 rgb255=255,255,255
132 34 rgb255=255,255,255
133 34 rgb255=255,255,255
134 34 rgb255=255,255,255
135 34 rgb255=255,255,255
136 34 rgb255=255,255,255
137 34 rgb255=255,255,255
138 34 rgb255=255,255,255
139 34 rgb255=255,255,255
140 34 rgb255=255,255,255
141 34 rgb255=255,255,255
142 34 rgb255=255,255,255
143 34 rgb255=255,255,255
144 34 rgb255=255,255,255
145 34 rgb255=255,255,255
146 34 rgb255=255,255,255
147 34 rgb255=255,255,255
148 34 rgb255=255,255,255
149 34 rgb255=255,255,255
150 34 rgb255=255,255,255
151 34 rgb255=255,255,255
152 34 rgb255=255,255,255
153 34 rgb255=255,255,255
154 34 rgb255=255,255,255
155 34 rgb255=255,255,255
156 34 rgb255=255,255,255
157 34 rgb255=255,255,255
158 34 rgb255=255,255,255
159 34 rgb255=255,255,255
160 34 rgb255=255,255,255
161 34 rgb255=255,255,255
162 34 rgb255=255,255,255
163 34 rgb255=255,255,255
164 34 rgb255=255,255,255
165 34 rgb255=255,255,255
166 34 rgb255=255,255,255
167 34 rgb255=255,255,255
168 34 rgb255=255,255,255
169 34 rgb255=255,255,255
170 34 rgb255=255,255,255
171 34 rgb255=255,255,255
172 34 rgb255=255,255,255
173 34 rgb255=255,255,255
174 34 rgb255=255,255,255
175 34 rgb255=255,255,255
176 34 rgb255=255,255,255
177 34 rgb255=255,255,255
178 34 rgb255=255,255,255
179 34 rgb255=255,255,255
180 34 rgb255=255,255,255
181 34 rgb255=255,255,255
182 34 rgb255=255,255,255
183 34 rgb255=255,255,255
184 34 rgb255=255,255,255
185 34 rgb255=255,255,255
186 34 rgb255=255,255,255
187 34 rgb255=255,255,255
188 34 rgb255=255,255,255
189 34 rgb255=255,255,255
190 34 rgb255=255,255,255
191 34 rgb255=255,255,255
192 34 rgb255=255,255,255
193 34 rgb255=255,255,255
194 34 rgb255=255,255,255
195 34 rgb255=255,255,255
0 33 rgb255=255,255,255
1 33 rgb255=255,255,255
2 33 rgb255=255,255,255
3 33 rgb255=255,255,255
4 33 rgb255=255,255,255
5 33 rgb255=255,255,255
6 33 rgb255=255,255,255
7 33 rgb255=255,255,255
8 33 rgb255=255,255,255
9 33 rgb255=255,255,255
10 33 rgb255=255,255,255
11 33 rgb255=255,255,255
12 33 rgb255=255,255,255
13 33 rgb255=255,255,255
14 33 rgb255=255,255,255
15 33 rgb255=255,255,255
16 33 rgb255=255,255,255
17 33 rgb255=255,255,255
18 33 rgb255=255,255,255
19 33 rgb255=255,255,255
20 33 rgb255=255,255,255
21 33 rgb255=255,255,255
22 33 rgb255=255,255,255
23 33 rgb255=255,255,255
24 33 rgb255=255,255,255
25 33 rgb255=255,255,255
26 33 rgb255=255,255,255
27 33 rgb255=255,255,255
28 33 rgb255=255,255,255
29 33 rgb255=255,255,255
30 33 rgb255=255,255,255
31 33 rgb255=255,255,255
32 33 rgb255=255,255,255
33 33 rgb255=255,255,255
34 33 rgb255=255,255,255
35 33 rgb255=255,255,255
36 33 rgb255=255,255,255
37 33 rgb255=255,255,255
38 33 rgb255=255,255,255
39 33 rgb255=255,255,255
40 33 rgb255=255,255,255
41 33 rgb255=255,255,255
42 33 rgb255=255,255,255
43 33 rgb255=255,255,255
44 33 rgb255=255,255,255
45 33 rgb255=255,255,255
46 33 rgb255=255,255,255
47 33 rgb255=255,255,255
48 33 rgb255=255,255,255
49 33 rgb255=255,255,255
50 33 rgb255=255,255,255
51 33 rgb255=255,255,255
52 33 rgb255=255,255,255
53 33 rgb255=255,255,255
54 33 rgb255=255,255,255
55 33 rgb255=255,255,255
56 33 rgb255=255,255,255
57 33 rgb255=255,255,255
58 33 rgb255=255,255,255
59 33 rgb255=255,255,255
60 33 rgb255=255,255,255
61 33 rgb255=255,255,255
62 33 rgb255=255,255,255
63 33 rgb255=255,255,255
64 33 rgb255=255,255,255
65 33 rgb255=255,255,255
66 33 rgb255=255,255,255
67 33 rgb255=255,255,255
68 33 rgb255=255,255,255
69 33 rgb255=255,255,255
70 33 rgb255=255,255,255
71 33 rgb255=255,255,255
72 33 rgb255=255,255,255
73 33 rgb255=255,255,255
74 33 rgb255=255,255,255
75 33 rgb255=255,255,255
76 33 rgb255=255,255,255
77 33 rgb255=255,255,255
78 33 rgb255=255,255,255
79 33 rgb255=255,255,255
80 33 rgb255=255,255,255
81 33 rgb255=255,255,255
82 33 rgb255=255,255,255
83 33 rgb255=255,255,255
84 33 rgb255=255,255,255
85 33 rgb255=255,255,255
86 33 rgb255=255,255,255
87 33 rgb255=255,255,255
88 33 rgb255=255,255,255
89 33 rgb255=255,255,255
90 33 rgb255=255,255,255
91 33 rgb255=255,255,255
92 33 rgb255=255,255,255
93 33 rgb255=255,255,255
94 33 rgb255=255,255,255
95 33 rgb255=255,255,255
96 33 rgb255=255,255,255
97 33 rgb255=255,255,255
98 33 rgb255=255,255,255
99 33 rgb255=255,255,255
100 33 rgb255=255,255,255
101 33 rgb255=255,255,255
102 33 rgb255=255,255,255
103 33 rgb255=255,255,255
104 33 rgb255=255,255,255
105 33 rgb255=255,255,255
106 33 rgb255=255,255,255
107 33 rgb255=255,255,255
108 33 rgb255=255,255,255
109 33 rgb255=255,255,255
110 33 rgb255=255,255,255
111 33 rgb255=255,255,255
112 33 rgb255=255,255,255
113 33 rgb255=255,255,255
114 33 rgb255=255,255,255
115 33 rgb255=255,255,255
116 33 rgb255=255,255,255
117 33 rgb255=255,255,255
118 33 rgb255=255,255,255
119 33 rgb255=255,255,255
120 33 rgb255=255,255,255
121 33 rgb255=255,255,255
122 33 rgb255=255,255,255
123 33 rgb255=255,255,255
124 33 rgb255=255,255,255
125 33 rgb255=255,255,255
126 33 rgb255=255,255,255
127 33 rgb255=255,255,255
128 33 rgb255=255,255,255
129 33 rgb255=255,255,255
130 33 rgb255=255,255,255
131 33 rgb255=255,255,255
132 33 rgb255=255,255,255
133 33 rgb255=255,255,255
134 33 rgb255=255,255,255
135 33 rgb255=255,255,255
136 33 rgb255=255,255,255
137 33 rgb255=255,255,255
138 33 rgb255=255,255,255
139 33 rgb255=255,255,255
140 33 rgb255=255,255,255
141 33 rgb255=255,255,255
142 33 rgb255=255,255,255
143 33 rgb255=255,255,255
144 33 rgb255=255,255,255
145 33 rgb255=255,255,255
146 33 rgb255=255,255,255
147 33 rgb255=255,255,255
148 33 rgb255=255,255,255
149 33 rgb255=255,255,255
150 33 rgb255=255,255,255
151 33 rgb255=255,255,255
152 33 rgb255=255,255,255
153 33 rgb255=255,255,255
154 33 rgb255=255,255,255
155 33 rgb255=255,255,255
156 33 rgb255=255,255,255
157 33 rgb255=255,255,255
158 33 rgb255=255,255,255
159 33 rgb255=255,255,255
160 33 rgb255=255,255,255
161 33 rgb255=255,255,255
162 33 rgb255=255,255,255
163 33 rgb255=255,255,255
164 33 rgb255=255,255,255
165 33 rgb255=255,255,255
166 33 rgb255=255,255,255
167 33 rgb255=255,255,255
168 33 rgb255=255,255,255
169 33 rgb255=255,255,255
170 33 rgb255=255,255,255
171 33 rgb255=255,255,255
172 33 rgb255=255,255,255
173 33 rgb255=255,255,255
174 33 rgb255=255,255,255
175 33 rgb255=255,255,255
176 33 rgb255=255,255,255
177 33 rgb255=255,255,255
178 33 rgb255=255,255,255
179 33 rgb255=255,255,255
180 33 rgb255=255,255,255
181 33 rgb255=255,255,255
182 33 rgb255=255,255,255
183 33 rgb255=255,255,255
184 33 rgb255=255,255,255
185 33 rgb255=255,255,255
186 33 rgb255=255,255,255
187 33 rgb255=255,255,255
188 33 rgb255=255,255,255
189 33 rgb255=255,255,255
190 33 rgb255=255,255,255
191 33 rgb255=255,255,255
192 33 rgb255=255,255,255
193 33 rgb255=255,255,255
194 33 rgb255=255,255,255
195 33 rgb255=255,255,255
0 32 rgb255=255,255,255
1 32 rgb255=255,255,255
2 32 rgb255=255,255,255
3 32 rgb255=255,255,255
4 32 rgb255=255,255,255
5 32 rgb255=255,255,255
6 32 rgb255=255,255,255
7 32 rgb255=255,255,255
8 32 rgb255=255,255,255
9 32 rgb255=255,255,255
10 32 rgb255=255,255,255
11 32 rgb255=255,255,255
12 32 rgb255=255,255,255
13 32 rgb255=255,255,255
14 32 rgb255=255,255,255
15 32 rgb255=255,255,255
16 32 rgb255=255,255,255
17 32 rgb255=255,255,255
18 32 rgb255=255,255,255
19 32 rgb255=255,255,255
20 32 rgb255=255,255,255
21 32 rgb255=255,255,255
22 32 rgb255=255,255,255
23 32 rgb255=255,255,255
24 32 rgb255=255,255,255
25 32 rgb255=255,255,255
26 32 rgb255=255,255,255
27 32 rgb255=255,255,255
28 32 rgb255=255,255,255
29 32 rgb255=255,255,255
30 32 rgb255=255,255,255
31 32 rgb255=255,255,255
32 32 rgb255=255,255,255
33 32 rgb255=255,255,255
34 32 rgb255=255,255,255
35 32 rgb255=255,255,255
36 32 rgb255=255,255,255
37 32 rgb255=255,255,255
38 32 rgb255=255,255,255
39 32 rgb255=255,255,255
40 32 rgb255=255,255,255
41 32 rgb255=255,255,255
42 32 rgb255=255,255,255
43 32 rgb255=255,255,255
44 32 rgb255=255,255,255
45 32 rgb255=255,255,255
46 32 rgb255=255,255,255
47 32 rgb255=255,255,255
48 32 rgb255=255,255,255
49 32 rgb255=255,255,255
50 32 rgb255=255,255,255
51 32 rgb255=255,255,255
52 32 rgb255=255,255,255
53 32 rgb255=255,255,255
54 32 rgb255=255,255,255
55 32 rgb255=255,255,255
56 32 rgb255=255,255,255
57 32 rgb255=255,255,255
58 32 rgb255=255,255,255
59 32 rgb255=255,255,255
60 32 rgb255=255,255,255
61 32 rgb255=255,255,255
62 32 rgb255=255,255,255
63 32 rgb255=255,255,255
64 32 rgb255=255,255,255
65 32 rgb255=255,255,255
66 32 rgb255=255,255,255
67 32 rgb255=255,255,255
68 32 rgb255=255,255,255
69 32 rgb255=255,255,255
70 32 rgb255=255,255,255
71 32 rgb255=255,255,255
72 32 rgb255=255,255,255
73 32 rgb255=255,255,255
74 32 rgb255=255,255,255
75 32 rgb255=255,255,255
76 32 rgb255=255,255,255
77 32 rgb255=255,255,255
78 32 rgb255=255,255,255
79 32 rgb255=255,255,255
80 32 rgb255=255,255,255
81 32 rgb255=255,255,255
82 32 rgb255=255,255,255
83 32 rgb255=255,255,255
84 32 rgb255=255,255,255
85 32 rgb255=255,255,255
86 32 rgb255=255,255,255
87 32 rgb255=255,255,255
88 32 rgb255=255,255,255
89 32 rgb255=255,255,255
90 32 rgb255=255,255,255
91 32 rgb255=255,255,255
92 32 rgb255=255,255,255
93 32 rgb255=255,255,255
94 32 rgb255=255,255,255
95 32 rgb255=255,255,255
96 32 rgb255=255,255,255
97 32 rgb255=255,255,255
98 32 rgb255=255,255,255
99 32 rgb255=255,255,255
100 32 rgb255=255,255,255
101 32 rgb255=255,255,255
102 32 rgb255=255,255,255
103 32 rgb255=255,255,255
104 32 rgb255=255,255,255
105 32 rgb255=255,255,255
106 32 rgb255=255,255,255
107 32 rgb255=255,255,255
108 32 rgb255=255,255,255
109 32 rgb255=255,255,255
110 32 rgb255=255,255,255
111 32 rgb255=255,255,255
112 32 rgb255=255,255,255
113 32 rgb255=255,255,255
114 32 rgb255=255,255,255
115 32 rgb255=255,255,255
116 32 rgb255=255,255,255
117 32 rgb255=255,255,255
118 32 rgb255=255,255,255
119 32 rgb255=255,255,255
120 32 rgb255=255,255,255
121 32 rgb255=255,255,255
122 32 rgb255=255,255,255
123 32 rgb255=255,255,255
124 32 rgb255=255,255,255
125 32 rgb255=255,255,255
126 32 rgb255=255,255,255
127 32 rgb255=255,255,255
128 32 rgb255=255,255,255
129 32 rgb255=255,255,255
130 32 rgb255=255,255,255
131 32 rgb255=255,255,255
132 32 rgb255=255,255,255
133 32 rgb255=255,255,255
134 32 rgb255=255,255,255
135 32 rgb255=255,255,255
136 32 rgb255=255,255,255
137 32 rgb255=255,255,255
138 32 rgb255=255,255,255
139 32 rgb255=255,255,255
140 32 rgb255=255,255,255
141 32 rgb255=255,255,255
142 32 rgb255=255,255,255
143 32 rgb255=255,255,255
144 32 rgb255=255,255,255
145 32 rgb255=255,255,255
146 32 rgb255=255,255,255
147 32 rgb255=255,255,255
148 32 rgb255=255,255,255
149 32 rgb255=255,255,255
150 32 rgb255=255,255,255
151 32 rgb255=255,255,255
152 32 rgb255=255,255,255
153 32 rgb255=255,255,255
154 32 rgb255=255,255,255
155 32 rgb255=255,255,255
156 32 rgb255=255,255,255
157 32 rgb255=255,255,255
158 32 rgb255=255,255,255
159 32 rgb255=255,255,255
160 32 rgb255=255,255,255
161 32 rgb255=255,255,255
162 32 rgb255=255,255,255
163 32 rgb255=255,255,255
164 32 rgb255=255,255,255
165 32 rgb255=255,255,255
166 32 rgb255=255,255,255
167 32 rgb255=255,255,255
168 32 rgb255=255,255,255
169 32 rgb255=255,255,255
170 32 rgb255=255,255,255
171 32 rgb255=255,255,255
172 32 rgb255=255,255,255
173 32 rgb255=255,255,255
174 32 rgb255=255,255,255
175 32 rgb255=255,255,255
176 32 rgb255=255,255,255
177 32 rgb255=255,255,255
178 32 rgb255=255,255,255
179 32 rgb255=255,255,255
180 32 rgb255=255,255,255
181 32 rgb255=255,255,255
182 32 rgb255=255,255,255
183 32 rgb255=255,255,255
184 32 rgb255=255,255,255
185 32 rgb255=255,255,255
186 32 rgb255=255,255,255
187 32 rgb255=255,255,255
188 32 rgb255=255,255,255
189 32 rgb255=255,255,255
190 32 rgb255=255,255,255
191 32 rgb255=255,255,255
192 32 rgb255=255,255,255
193 32 rgb255=255,255,255
194 32 rgb255=255,255,255
195 32 rgb255=255,255,255
0 31 rgb255=255,255,255
1 31 rgb255=253,253,253
2 31 rgb255=253,253,253
3 31 rgb255=253,253,253
4 31 rgb255=253,253,253
5 31 rgb255=253,253,253
6 31 rgb255=253,253,253
7 31 rgb255=253,253,253
8 31 rgb255=253,253,253
9 31 rgb255=253,253,253
10 31 rgb255=253,253,253
11 31 rgb255=253,253,252
12 31 rgb255=253,253,252
13 31 rgb255=253,253,252
14 31 rgb255=253,252,253
15 31 rgb255=253,253,253
16 31 rgb255=253,253,254
17 31 rgb255=252,253,253
18 31 rgb255=253,253,253
19 31 rgb255=253,253,253
20 31 rgb255=253,253,253
21 31 rgb255=253,253,253
22 31 rgb255=253,253,253
23 31 rgb255=253,253,253
24 31 rgb255=253,253,253
25 31 rgb255=253,253,253
26 31 rgb255=253,253,253
27 31 rgb255=253,253,253
28 31 rgb255=253,253,253
29 31 rgb255=253,253,253
30 31 rgb255=253,253,253
31 31 rgb255=255,255,255
32 31 rgb255=255,255,255
33 31 rgb255=255,255,255
34 31 rgb255=255,255,255
35 31 rgb255=255,255,255
36 31 rgb255=255,255,255
37 31 rgb255=255,255,255
38 31 rgb255=255,255,255
39 31 rgb255=255,255,255
40 31 rgb255=255,255,255
41 31 rgb255=71,73,70
42 31 rgb255=46,48,45
43 31 rgb255=74,76,73
44 31 rgb255=80,82,79
45 31 rgb255=86,87,83
46 31 rgb255=93,93,89
47 31 rgb255=78,78,76
48 31 rgb255=93,88,85
49 31 rgb255=89,77,70
50 31 rgb255=84,67,57
51 31 rgb255=94,80,71
52 31 rgb255=83,73,69
53 31 rgb255=66,55,53
54 31 rgb255=107,88,82
55 31 rgb255=196,167,152
56 31 rgb255=199,167,151
57 31 rgb255=169,145,127
58 31 rgb255=155,145,125
59 31 rgb255=87,84,64
60 31 rgb255=72,66,52
61 31 rgb255=89,76,56
62 31 rgb255=140,104,59
63 31 rgb255=120,54,36
64 31 rgb255=103,38,25
65 31 rgb255=78,32,7
66 31 rgb255=97,52,18
67 31 rgb255=114,83,29
68 31 rgb255=81,59,16
69 31 rgb255=65,49,22
70 31 rgb255=62,51,34
71 31 rgb255=63,52,36
72 31 rgb255=62,53,35
73 31 rgb255=255,255,255
74 31 rgb255=255,255,255
75 31 rgb255=255,255,255
76 31 rgb255=255,255,255
77 31 rgb255=255,255,255
78 31 rgb255=255,255,255
79 31 rgb255=255,255,255
80 31 rgb255=255,255,255
81 31 rgb255=255,255,255
82 31 rgb255=254,254,254
83 31 rgb255=255,255,255
84 31 rgb255=255,255,255
85 31 rgb255=255,255,255
86 31 rgb255=255,255,255
87 31 rgb255=255,255,255
88 31 rgb255=255,255,255
89 31 rgb255=255,255,255
90 31 rgb255=255,255,255
91 31 rgb255=255,255,255
92 31 rgb255=255,255,255
93 31 rgb255=255,255,255
94 31 rgb255=255,255,255
95 31 rgb255=255,255,255
96 31 rgb255=255,255,255
97 31 rgb255=255,255,255
98 31 rgb255=255,255,255
99 31 rgb255=255,255,255
100 31 rgb255=255,255,255
101 31 rgb255=255,255,255
102 31 rgb255=255,255,255
103 31 rgb255=255,255,255
104 31 rgb255=255,255,255
105 31 rgb255=255,255,255
106 31 rgb255=255,255,255
107 31 rgb255=255,255,255
108 31 rgb255=255,255,255
109 31 rgb255=255,255,255
110 31 rgb255=255,255,255
111 31 rgb255=255,255,255
112 31 rgb255=255,255,255
113 31 rgb255=254,254,254
114 31 rgb255=255,255,255
115 31 rgb255=255,255,255
116 31 rgb255=255,255,255
117 31 rgb255=255,255,255
118 31 rgb255=255,255,255
119 31 rgb255=255,255,255
120 31 rgb255=255,255,255
121 31 rgb255=255,255,255
122 31 rgb255=255,255,255
123 31 rgb255=50,54,57
124 31 rgb255=56,56,61
125 31 rgb255=52,51,56
126 31 rgb255=50,50,57
127 31 rgb255=51,50,58
128 31 rgb255=61,68,73
129 31 rgb255=61,75,78
130 31 rgb255=63,75,77
131 31 rgb255=66,72,74
132 31 rgb255=50,50,55
133 31 rgb255=52,51,56
134 31 rgb255=52,52,56
135 31 rgb255=51,54,57
136 31 rgb255=57,62,64
137 31 rgb255=59,66,62
138 31 rgb255=50,52,53
139 31 rgb255=52,52,57
140 31 rgb255=52,51,56
141 31 rgb255=53,55,59
142 31 rgb255=49,53,56
143 31 rgb255=55,60,63
144 31 rgb255=55,61,64
145 31 rgb255=53,56,59
146 31 rgb255=53,52,57
147 31 rgb255=53,52,57
148 31 rgb255=54,53,58
149 31 rgb255=51,52,56
150 31 rgb255=49,52,50
151 31 rgb255=79,90,94
152 31 rgb255=97,113,107
153 31 rgb255=65,80,68
154 31 rgb255=67,79,67
155 31 rgb255=255,255,255
156 31 rgb255=255,255,255
157 31 rgb255=255,255,255
158 31 rgb255=255,255,255
159 31 rgb255=255,255,255
160 31 rgb255=255,255,255
161 31 rgb255=255,255,255
162 31 rgb255=255,255,255
163 31 rgb255=255,255,255
164 31 rgb255=14,11,8
165 31 rgb255=4,5,5
166 31 rgb255=6,6,6
167 31 rgb255=6,6,6
168 31 rgb255=6,6,6
169 31 rgb255=6,6,6
170 31 rgb255=7,7,7
171 31 rgb255=6,6,5
172 31 rgb255=12,11,10
173 31 rgb255=27,24,18
174 31 rgb255=7,8,6
175 31 rgb255=5,6,7
176 31 rgb255=8,7,6
177 31 rgb255=7,7,7
178 31 rgb255=7,7,7
179 31 rgb255=7,7,7
180 31 rgb255=8,8,8
181 31 rgb255=8,8,9
182 31 rgb255=27,21,14
183 31 rgb255=83,53,16
184 31 rgb255=72,47,18
185 31 rgb255=36,28,17
186 31 rgb255=40,29,14
187 31 rgb255=43,30,14
188 31 rgb255=10,10,13
189 31 rgb255=11,10,13
190 31 rgb255=8,8,8
191 31 rgb255=7,7,7
192 31 rgb255=15,15,14
193 31 rgb255=24,24,22
194 31 rgb255=18,18,16
195 31 rgb255=12,12,11
0 30 rgb255=255,255,255
1 30 rgb255=255,255,255
2 30 rgb255=255,255,255
3 30 rgb255=255,255,255
4 30 rgb255=255,255,255
5 30 rgb255=255,255,255
6 30 rgb255=255,255,255
7 30 rgb255=255,255,255
8 30 rgb255=255,255,255
9 30 rgb255=255,255,255
10 30 rgb255=255,255,255
11 30 rgb255=255,255,255
12 30 rgb255=255,255,255
13 30 rgb255=255,255,255
14 30 rgb255=255,255,255
15 30 rgb255=253,253,251
16 30 rgb255=251,252,251
17 30 rgb255=253,255,255
18 30 rgb255=255,255,255
19 30 rgb255=255,255,255
20 30 rgb255=255,255,255
21 30 rgb255=255,255,255
22 30 rgb255=255,255,255
23 30 rgb255=255,255,255
24 30 rgb255=255,255,255
25 30 rgb255=255,255,255
26 30 rgb255=255,255,255
27 30 rgb255=255,255,255
28 30 rgb255=255,255,255
29 30 rgb255=255,255,255
30 30 rgb255=255,255,255
31 30 rgb255=255,255,255
32 30 rgb255=255,255,255
33 30 rgb255=255,255,255
34 30 rgb255=255,255,255
35 30 rgb255=255,255,255
36 30 rgb255=255,255,255
37 30 rgb255=255,255,255
38 30 rgb255=255,255,255
39 30 rgb255=255,255,255
40 30 rgb255=255,255,255
41 30 rgb255=58,60,57
42 30 rgb255=41,43,40
43 30 rgb255=80,82,79
44 30 rgb255=96,98,95
45 30 rgb255=89,90,86
46 30 rgb255=81,81,77
47 30 rgb255=69,69,67
48 30 rgb255=86,81,78
49 30 rgb255=88,77,70
50 30 rgb255=94,78,68
51 30 rgb255=108,95,87
52 30 rgb255=69,60,55
53 30 rgb255=69,57,52
54 30 rgb255=111,89,78
55 30 rgb255=199,164,144
56 30 rgb255=196,162,141
57 30 rgb255=157,133,112
58 30 rgb255=155,142,121
59 30 rgb255=89,82,63
60 30 rgb255=84,73,60
61 30 rgb255=119,103,87
62 30 rgb255=146,117,90
63 30 rgb255=100,47,35
64 30 rgb255=95,47,8
65 30 rgb255=118,86,24
66 30 rgb255=114,77,43
67 30 rgb255=85,59,32
68 30 rgb255=79,61,39
69 30 rgb255=81,66,49
70 30 rgb255=78,65,46
71 30 rgb255=79,65,38
72 30 rgb255=77,64,35
73 30 rgb255=255,255,255
74 30 rgb255=255,255,255
75 30 rgb255=255,255,255
76 30 rgb255=255,255,255
77 30 rgb255=255,255,255
78 30 rgb255=255,255,255
79 30 rgb255=255,255,255
80 30 rgb255=255,255,255
81 30 rgb255=255,255,255
82 30 rgb255=252,252,252
83 30 rgb255=255,255,255
84 30 rgb255=254,254,254
85 30 rgb255=254,254,254
86 30 rgb255=254,254,254
87 30 rgb255=254,254,254
88 30 rgb255=254,254,254
89 30 rgb255=254,254,254
90 30 rgb255=254,254,254
91 30 rgb255=254,254,254
92 30 rgb255=254,254,254
93 30 rgb255=254,254,254
94 30 rgb255=254,254,254
95 30 rgb255=255,255,255
96 30 rgb255=255,255,255
97 30 rgb255=255,255,255
98 30 rgb255=254,254,254
99 30 rgb255=254,254,254
100 30 rgb255=254,254,254
101 30 rgb255=254,254,254
102 30 rgb255=254,254,254
103 30 rgb255=254,254,254
104 30 rgb255=254,254,254
105 30 rgb255=254,254,254
106 30 rgb255=254,254,254
107 30 rgb255=254,254,254
108 30 rgb255=254,254,254
109 30 rgb255=254,254,254
110 30 rgb255=255,255,255
111 30 rgb255=254,254,254
112 30 rgb255=255,255,255
113 30 rgb255=252,252,252
114 30 rgb255=255,255,255
115 30 rgb255=255,255,255
116 30 rgb255=255,255,255
117 30 rgb255=255,255,255
118 30 rgb255=255,255,255
119 30 rgb255=255,255,255
120 30 rgb255=255,255,255
121 30 rgb255=255,255,255
122 30 rgb255=255,255,255
123 30 rgb255=55,59,62
124 30 rgb255=64,64,68
125 30 rgb255=54,52,57
126 30 rgb255=52,55,61
127 30 rgb255=59,63,70
128 30 rgb255=67,76,81
129 30 rgb255=89,103,106
130 30 rgb255=79,89,92
131 30 rgb255=61,63,67
132 30 rgb255=52,49,55
133 30 rgb255=52,51,56
134 30 rgb255=52,52,57
135 30 rgb255=52,56,59
136 30 rgb255=63,68,70
137 30 rgb255=71,83,77
138 30 rgb255=51,59,58
139 30 rgb255=52,51,56
140 30 rgb255=54,53,58
141 30 rgb255=55,57,61
142 30 rgb255=52,56,59
143 30 rgb255=56,61,64
144 30 rgb255=53,58,61
145 30 rgb255=51,53,57
146 30 rgb255=53,52,57
147 30 rgb255=54,53,58
148 30 rgb255=55,54,59
149 30 rgb255=51,52,56
150 30 rgb255=53,57,55
151 30 rgb255=83,94,98
152 30 rgb255=101,117,111
153 30 rgb255=64,80,67
154 30 rgb255=65,77,66
155 30 rgb255=255,255,255
156 30 rgb255=255,255,255
157 30 rgb255=255,255,255
158 30 rgb255=255,255,255
159 30 rgb255=255,255,255
160 30 rgb255=255,255,255
161 30 rgb255=255,255,255
162 30 rgb255=255,255,255
163 30 rgb255=255,255,255
164 30 rgb255=14,11,8
165 30 rgb255=4,5,5
166 30 rgb255=6,6,6
167 30 rgb255=6,6,6
168 30 rgb255=6,6,6
169 30 rgb255=7,7,7
170 30 rgb255=7,7,7
171 30 rgb255=6,6,6
172 30 rgb255=14,12,10
173 30 rgb255=30,25,18
174 30 rgb255=9,8,6
175 30 rgb255=6,5,6
176 30 rgb255=6,7,7
177 30 rgb255=10,10,10
178 30 rgb255=12,12,12
179 30 rgb255=10,10,10
180 30 rgb255=9,9,8
181 30 rgb255=9,9,10
182 30 rgb255=20,19,14
183 30 rgb255=71,48,15
184 30 rgb255=79,51,16
185 30 rgb255=79,52,16
186 30 rgb255=84,53,13
187 30 rgb255=49,35,15
188 30 rgb255=12,10,10
189 30 rgb255=9,9,9
190 30 rgb255=10,11,10
191 30 rgb255=8,8,8
192 30 rgb255=14,14,13
193 30 rgb255=25,25,23
194 30 rgb255=25,25,24
195 30 rgb255=30,29,29
0 29 rgb255=255,255,255
1 29 rgb255=255,255,255
2 29 rgb255=255,255,255
3 29 rgb255=255,255,255
4 29 rgb255=255,255,255
5 29 rgb255=255,255,255
6 29 rgb255=255,255,255
7 29 rgb255=255,255,255
8 29 rgb255=255,255,255
9 29 rgb255=255,255,255
10 29 rgb255=254,254,254
11 29 rgb255=253,253,254
12 29 rgb255=254,255,255
13 29 rgb255=253,254,254
14 29 rgb255=255,255,255
15 29 rgb255=223,221,213
16 29 rgb255=215,213,207
17 29 rgb255=255,255,255
18 29 rgb255=254,254,254
19 29 rgb255=254,254,254
20 29 rgb255=255,255,255
21 29 rgb255=255,255,255
22 29 rgb255=255,255,255
23 29 rgb255=255,255,255
24 29 rgb255=255,255,255
25 29 rgb255=255,255,255
26 29 rgb255=255,255,255
27 29 rgb255=255,255,255
28 29 rgb255=255,255,255
29 29 rgb255=255,255,255
30 29 rgb255=255,255,255
31 29 rgb255=255,255,255
32 29 rgb255=255,255,255
33 29 rgb255=255,255,255
34 29 rgb255=255,255,255
35 29 rgb255=255,255,255
36 29 rgb255=255,255,255
37 29 rgb255=255,255,255
38 29 rgb255=255,255,255
39 29 rgb255=255,255,255
40 29 rgb255=255,255,255
41 29 rgb255=47,49,46
42 29 rgb255=39,41,38
43 29 rgb255=83,85,82
44 29 rgb255=87,90,87
45 29 rgb255=79,79,76
46 29 rgb255=89,89,85
47 29 rgb255=84,84,81
48 29 rgb255=88,83,80
49 29 rgb255=78,66,59
50 29 rgb255=99,83,73
51 29 rgb255=117,107,99
52 29 rgb255=87,78,72
53 29 rgb255=61,48,42
54 29 rgb255=97,72,58
55 29 rgb255=201,163,139
56 29 rgb255=192,158,133
57 29 rgb255=161,137,114
58 29 rgb255=161,146,126
59 29 rgb255=95,84,67
60 29 rgb255=117,101,87
61 29 rgb255=137,118,107
62 29 rgb255=88,67,56
63 29 rgb255=90,53,44
64 29 rgb255=144,114,36
65 29 rgb255=189,170,63
66 29 rgb255=103,76,42
67 29 rgb255=76,57,44
68 29 rgb255=83,70,58
69 29 rgb255=86,74,62
70 29 rgb255=88,75,59
71 29 rgb255=88,70,46
72 29 rgb255=89,71,45
73 29 rgb255=255,255,255
74 29 rgb255=255,255,255
75 29 rgb255=255,255,255
76 29 rgb255=255,255,255
77 29 rgb255=255,255,255
78 29 rgb255=255,255,255
79 29 rgb255=255,255,255
80 29 rgb255=255,255,255
81 29 rgb255=255,255,255
82 29 rgb255=253,253,253
83 29 rgb255=255,255,255
84 29 rgb255=254,254,254
85 29 rgb255=255,255,255
86 29 rgb255=255,255,255
87 29 rgb255=255,255,255
88 29 rgb255=255,255,255
89 29 rgb255=255,255,255
90 29 rgb255=254,254,254
91 29 rgb255=254,254,254
92 29 rgb255=252,252,252
93 29 rgb255=252,252,252
94 29 rgb255=251,251,251
95 29 rgb255=249,249,249
96 29 rgb255=248,248,248
97 29 rgb255=245,245,245
98 29 rgb255=249,249,249
99 29 rgb255=252,252,252
100 29 rgb255=249,249,249
101 29 rgb255=251,251,251
102 29 rgb255=254,254,254
103 29 rgb255=255,255,255
104 29 rgb255=255,255,255
105 29 rgb255=255,255,255
106 29 rgb255=255,255,255
107 29 rgb255=255,255,255
108 29 rgb255=255,255,255
109 29 rgb255=255,255,255
110 29 rgb255=255,255,255
111 29 rgb255=254,254,254
112 29 rgb255=255,255,255
113 29 rgb255=253,253,253
114 29 rgb255=255,255,255
115 29 rgb255=255,255,255
116 29 rgb255=255,255,255
117 29 rgb255=255,255,255
118 29 rgb255=255,255,255
119 29 rgb255=255,255,255
120 29 rgb255=255,255,255
121 29 rgb255=255,255,255
122 29 rgb255=255,255,255
123 29 rgb255=55,56,61
124 29 rgb255=68,68,72
125 29 rgb255=56,54,63
126 29 rgb255=51,59,62
127 29 rgb255=65,74,77
128 29 rgb255=63,70,75
129 29 rgb255=100,114,117
130 29 rgb255=73,83,86
131 29 rgb255=64,65,69
132 29 rgb255=54,52,58
133 29 rgb255=51,52,56
134 29 rgb255=51,53,57
135 29 rgb255=52,55,59
136 29 rgb255=64,67,69
137 29 rgb255=73,86,81
138 29 rgb255=54,65,65
139 29 rgb255=51,53,57
140 29 rgb255=53,54,58
141 29 rgb255=52,53,57
142 29 rgb255=51,53,57
143 29 rgb255=53,54,58
144 29 rgb255=53,52,57
145 29 rgb255=51,50,55
146 29 rgb255=52,51,56
147 29 rgb255=52,51,56
148 29 rgb255=52,51,56
149 29 rgb255=51,51,55
150 29 rgb255=54,59,56
151 29 rgb255=82,93,97
152 29 rgb255=97,111,106
153 29 rgb255=59,69,62
154 29 rgb255=57,64,62
155 29 rgb255=255,255,255
156 29 rgb255=255,255,255
157 29 rgb255=255,255,255
158 29 rgb255=255,255,255
159 29 rgb255=255,255,255
160 29 rgb255=255,255,255
161 29 rgb255=255,255,255
162 29 rgb255=255,255,255
163 29 rgb255=255,255,255
164 29 rgb255=20,15,11
165 29 rgb255=4,4,5
166 29 rgb255=6,6,6
167 29 rgb255=6,6,6
168 29 rgb255=6,6,6
169 29 rgb255=6,6,6
170 29 rgb255=7,7,7
171 29 rgb255=5,6,6
172 29 rgb255=14,12,10
173 29 rgb255=31,25,19
174 29 rgb255=10,9,8
175 29 rgb255=7,6,6
176 29 rgb255=6,7,6
177 29 rgb255=12,13,13
178 29 rgb255=13,13,13
179 29 rgb255=11,11,10
180 29 rgb255=10,10,10
181 29 rgb255=7,10,10
182 29 rgb255=27,24,14
183 29 rgb255=82,53,14
184 29 rgb255=77,51,17
185 29 rgb255=77,51,17
186 29 rgb255=95,59,15
187 29 rgb255=63,43,16
188 29 rgb255=12,10,12
189 29 rgb255=6,7,9
190 29 rgb255=9,8,9
191 29 rgb255=7,7,7
192 29 rgb255=15,14,14
193 29 rgb255=26,26,22
194 29 rgb255=52,52,49
195 29 rgb255=109,107,107
0 28 rgb255=255,255,255
1 28 rgb255=255,255,255
2 28 rgb255=255,255,255
3 28 rgb255=255,255,255
4 28 rgb255=255,255,255
5 28 rgb255=255,255,255
6 28 rgb255=255,255,255
7 28 rgb255=255,255,255
8 28 rgb255=255,255,255
9 28 rgb255=255,255,255
10 28 rgb255=254,254,252
11 28 rgb255=254,254,252
12 28 rgb255=253,254,251
13 28 rgb255=253,253,251
14 28 rgb255=252,253,249
15 28 rgb255=164,159,143
16 28 rgb255=149,142,129
17 28 rgb255=251,249,249
18 28 rgb255=254,254,254
19 28 rgb255=254,254,254
20 28 rgb255=255,255,255
21 28 rgb255=255,255,255
22 28 rgb255=255,255,255
23 28 rgb255=255,255,255
24 28 rgb255=255,255,255
25 28 rgb255=255,255,255
26 28 rgb255=255,255,255
27 28 rgb255=255,255,255
28 28 rgb255=255,255,255
29 28 rgb255=255,255,255
30 28 rgb255=255,255,255
31 28 rgb255=255,255,255
32 28 rgb255=255,255,255
33 28 rgb255=255,255,255
34 28 rgb255=255,255,255
35 28 rgb255=255,255,255
36 28 rgb255=255,255,255
37 28 rgb255=255,255,255
38 28 rgb255=255,255,255
39 28 rgb255=255,255,255
40 28 rgb255=255,255,255
41 28 rgb255=42,44,41
42 28 rgb255=35,37,34
43 28 rgb255=63,65,62
44 28 rgb255=64,66,63
45 28 rgb255=57,57,53
46 28 rgb255=90,91,87
47 28 rgb255=105,105,103
48 28 rgb255=81,77,73
49 28 rgb255=95,83,77
50 28 rgb255=110,94,85
51 28 rgb255=104,95,87
52 28 rgb255=89,82,75
53 28 rgb255=48,35,29
54 28 rgb255=105,81,66
55 28 rgb255=204,166,141
56 28 rgb255=190,157,133
57 28 rgb255=168,146,126
58 28 rgb255=174,160,143
59 28 rgb255=125,113,98
60 28 rgb255=102,83,68
61 28 rgb255=103,82,72
62 28 rgb255=93,77,73
63 28 rgb255=75,53,41
64 28 rgb255=163,147,46
65 28 rgb255=165,152,28
66 28 rgb255=89,68,35
67 28 rgb255=79,65,52
68 28 rgb255=81,72,56
69 28 rgb255=84,76,65
70 28 rgb255=87,75,65
71 28 rgb255=88,70,59
72 28 rgb255=91,72,59
73 28 rgb255=255,255,255
74 28 rgb255=255,255,255
75 28 rgb255=255,255,255
76 28 rgb255=255,255,255
77 28 rgb255=255,255,255
78 28 rgb255=255,255,255
79 28 rgb255=255,255,255
80 28 rgb255=255,255,255
81 28 rgb255=255,255,255
82 28 rgb255=253,253,253
83 28 rgb255=255,255,255
84 28 rgb255=254,254,254
85 28 rgb255=255,255,255
86 28 rgb255=255,255,255
87 28 rgb255=255,255,255
88 28 rgb255=255,255,255
89 28 rgb255=255,255,255
90 28 rgb255=255,255,255
91 28 rgb255=251,251,251
92 28 rgb255=248,248,248
93 28 rgb255=243,243,243
94 28 rgb255=232,232,232
95 28 rgb255=216,216,216
96 28 rgb255=217,217,217
97 28 rgb255=208,208,208
98 28 rgb255=220,220,220
99 28 rgb255=228,228,228
100 28 rgb255=236,236,236
101 28 rgb255=241,241,241
102 28 rgb255=249,249,249
103 28 rgb255=255,255,255
104 28 rgb255=255,255,255
105 28 rgb255=255,255,255
106 28 rgb255=255,255,255
107 28 rgb255=255,255,255
108 28 rgb255=255,255,255
109 28 rgb255=255,255,255
110 28 rgb255=255,255,255
111 28 rgb255=254,254,254
112 28 rgb255=255,255,255
113 28 rgb255=253,253,253
114 28 rgb255=255,255,255
115 28 rgb255=255,255,255
116 28 rgb255=255,255,255
117 28 rgb255=255,255,255
118 28 rgb255=255,255,255
119 28 rgb255=255,255,255
120 28 rgb255=255,255,255
121 28 rgb255=255,255,255
122 28 rgb255=255,255,255
123 28 rgb255=49,49,56
124 28 rgb255=67,67,71
125 28 rgb255=61,61,71
126 28 rgb255=63,72,76
127 28 rgb255=73,80,85
128 28 rgb255=72,75,81
129 28 rgb255=101,114,118
130 28 rgb255=82,91,94
131 28 rgb255=74,77,81
132 28 rgb255=54,54,58
133 28 rgb255=55,59,62
134 28 rgb255=60,64,67
135 28 rgb255=54,62,64
136 28 rgb255=63,71,72
137 28 rgb255=71,82,79
138 28 rgb255=52,62,64
139 28 rgb255=49,54,58
140 28 rgb255=49,53,56
141 28 rgb255=51,52,56
142 28 rgb255=52,51,56
143 28 rgb255=53,52,57
144 28 rgb255=53,52,57
145 28 rgb255=53,52,57
146 28 rgb255=51,50,55
147 28 rgb255=53,52,57
148 28 rgb255=51,51,56
149 28 rgb255=56,55,58
150 28 rgb255=58,63,59
151 28 rgb255=85,95,100
152 28 rgb255=95,106,104
153 28 rgb255=54,58,57
154 28 rgb255=55,59,61
155 28 rgb255=255,255,255
156 28 rgb255=255,255,255
157 28 rgb255=255,255,255
158 28 rgb255=255,255,255
159 28 rgb255=255,255,255
160 28 rgb255=255,255,255
161 28 rgb255=255,255,255
162 28 rgb255=255,255,255
163 28 rgb255=255,255,255
164 28 rgb255=32,26,21
165 28 rgb255=6,5,6
166 28 rgb255=5,6,6
167 28 rgb255=7,7,7
168 28 rgb255=7,7,7
169 28 rgb255=6,6,6
170 28 rgb255=7,7,7
171 28 rgb255=4,5,5
172 28 rgb255=16,14,10
173 28 rgb255=33,27,19
174 28 rgb255=9,9,8
175 28 rgb255=6,6,5
176 28 rgb255=6,6,6
177 28 rgb255=8,8,8
178 28 rgb255=8,8,8
179 28 rgb255=9,9,8
180 28 rgb255=8,8,8
181 28 rgb255=24,19,11
182 28 rgb255=55,39,17
183 28 rgb255=76,50,16
184 28 rgb255=64,46,19
185 28 rgb255=51,36,21
186 28 rgb255=60,42,17
187 28 rgb255=47,35,21
188 28 rgb255=29,22,16
189 28 rgb255=21,15,11
190 28 rgb255=7,7,8
191 28 rgb255=8,6,8
192 28 rgb255=13,12,11
193 28 rgb255=26,25,22
194 28 rgb255=56,57,53
195 28 rgb255=112,109,112
0 27 rgb255=255,255,255
1 27 rgb255=255,255,255
2 27 rgb255=255,255,255
3 27 rgb255=255,255,255
4 27 rgb255=255,255,255
5 27 rgb255=255,255,255
6 27 rgb255=255,255,255
7 27 rgb255=255,255,255
8 27 rgb255=255,255,255
9 27 rgb255=255,255,255
10 27 rgb255=247,247,243
11 27 rgb255=217,216,210
12 27 rgb255=249,248,242
13 27 rgb255=228,228,222
14 27 rgb255=199,197,189
15 27 rgb255=123,114,91
16 27 rgb255=99,87,69
17 27 rgb255=220,214,212
18 27 rgb255=235,234,233
19 27 rgb255=240,240,239
20 27 rgb255=255,255,255
21 27 rgb255=254,254,254
22 27 rgb255=255,255,255
23 27 rgb255=255,255,255
24 27 rgb255=255,255,255
25 27 rgb255=255,255,255
26 27 rgb255=255,255,255
27 27 rgb255=255,255,255
28 27 rgb255=255,255,255
29 27 rgb255=255,255,255
30 27 rgb255=255,255,255
31 27 rgb255=255,255,255
32 27 rgb255=255,255,255
33 27 rgb255=255,255,255
34 27 rgb255=255,255,255
35 27 rgb255=255,255,255
36 27 rgb255=255,255,255
37 27 rgb255=255,255,255
38 27 rgb255=255,255,255
39 27 rgb255=255,255,255
40 27 rgb255=255,255,255
41 27 rgb255=52,54,51
42 27 rgb255=31,33,30
43 27 rgb255=66,68,65
44 27 rgb255=77,79,76
45 27 rgb255=49,49,46
46 27 rgb255=88,88,84
47 27 rgb255=106,105,103
48 27 rgb255=80,75,72
49 27 rgb255=103,92,85
50 27 rgb255=117,102,92
51 27 rgb255=82,73,64
52 27 rgb255=86,80,73
53 27 rgb255=55,45,38
54 27 rgb255=117,95,82
55 27 rgb255=201,168,146
56 27 rgb255=186,159,138
57 27 rgb255=168,150,136
58 27 rgb255=178,166,155
59 27 rgb255=131,119,107
60 27 rgb255=100,80,63
61 27 rgb255=128,105,93
62 27 rgb255=96,83,77
63 27 rgb255=87,76,55
64 27 rgb255=172,161,59
65 27 rgb255=169,154,34
66 27 rgb255=85,64,34
67 27 rgb255=80,65,49
68 27 rgb255=76,67,47
69 27 rgb255=71,64,50
70 27 rgb255=70,61,55
71 27 rgb255=72,58,57
72 27 rgb255=74,59,57
73 27 rgb255=255,255,255
74 27 rgb255=255,255,255
75 27 rgb255=255,255,255
76 27 rgb255=255,255,255
77 27 rgb255=255,255,255
78 27 rgb255=255,255,255
79 27 rgb255=255,255,255
80 27 rgb255=255,255,255
81 27 rgb255=255,255,255
82 27 rgb255=253,253,253
83 27 rgb255=255,255,255
84 27 rgb255=254,254,254
85 27 rgb255=255,255,255
86 27 rgb255=254,254,254
87 27 rgb255=255,255,255
88 27 rgb255=254,254,254
89 27 rgb255=250,250,250
90 27 rgb255=249,249,249
91 27 rgb255=251,251,251
92 27 rgb255=241,241,241
93 27 rgb255=223,223,223
94 27 rgb255=216,216,216
95 27 rgb255=191,191,191
96 27 rgb255=193,193,193
97 27 rgb255=199,199,199
98 27 rgb255=203,203,203
99 27 rgb255=191,191,191
100 27 rgb255=211,211,211
101 27 rgb255=213,213,213
102 27 rgb255=233,233,233
103 27 rgb255=255,255,255
104 27 rgb255=254,254,254
105 27 rgb255=254,254,254
106 27 rgb255=254,254,254
107 27 rgb255=255,255,255
108 27 rgb255=255,255,255
109 27 rgb255=255,255,255
110 27 rgb255=255,255,255
111 27 rgb255=254,254,254
112 27 rgb255=255,255,255
113 27 rgb255=253,253,253
114 27 rgb255=255,255,255
115 27 rgb255=255,255,255
116 27 rgb255=255,255,255
117 27 rgb255=255,255,255
118 27 rgb255=255,255,255
119 27 rgb255=255,255,255
120 27 rgb255=255,255,255
121 27 rgb255=255,255,255
122 27 rgb255=255,255,255
123 27 rgb255=107,109,115
124 27 rgb255=95,95,96
125 27 rgb255=69,73,78
126 27 rgb255=67,68,73
127 27 rgb255=90,86,87
128 27 rgb255=79,82,89
129 27 rgb255=102,114,119
130 27 rgb255=79,87,91
131 27 rgb255=71,75,79
132 27 rgb255=57,57,62
133 27 rgb255=55,59,62
134 27 rgb255=62,68,70
135 27 rgb255=67,80,80
136 27 rgb255=67,79,78
137 27 rgb255=75,82,80
138 27 rgb255=51,57,60
139 27 rgb255=51,55,60
140 27 rgb255=49,53,56
141 27 rgb255=51,51,56
142 27 rgb255=52,51,56
143 27 rgb255=52,51,56
144 27 rgb255=51,50,55
145 27 rgb255=54,53,58
146 27 rgb255=51,51,56
147 27 rgb255=53,52,57
148 27 rgb255=54,52,58
149 27 rgb255=57,57,60
150 27 rgb255=62,68,64
151 27 rgb255=90,100,105
152 27 rgb255=92,102,100
153 27 rgb255=54,58,57
154 27 rgb255=56,59,62
155 27 rgb255=255,255,255
156 27 rgb255=255,255,255
157 27 rgb255=255,255,255
158 27 rgb255=255,255,255
159 27 rgb255=255,255,255
160 27 rgb255=255,255,255
161 27 rgb255=255,255,255
162 27 rgb255=255,255,255
163 27 rgb255=255,255,255
164 27 rgb255=29,26,21
165 27 rgb255=7,6,6
166 27 rgb255=5,6,6
167 27 rgb255=6,6,6
168 27 rgb255=7,7,7
169 27 rgb255=5,5,5
170 27 rgb255=7,7,6
171 27 rgb255=4,5,5
172 27 rgb255=19,16,11
173 27 rgb255=37,29,20
174 27 rgb255=11,10,9
175 27 rgb255=6,6,6
176 27 rgb255=5,5,5
177 27 rgb255=5,5,5
178 27 rgb255=5,5,6
179 27 rgb255=8,8,8
180 27 rgb255=6,7,6
181 27 rgb255=34,25,14
182 27 rgb255=68,47,18
183 27 rgb255=75,50,17
184 27 rgb255=82,54,17
185 27 rgb255=48,36,20
186 27 rgb255=30,26,18
187 27 rgb255=26,26,19
188 27 rgb255=47,36,18
189 27 rgb255=67,45,17
190 27 rgb255=19,18,11
191 27 rgb255=9,9,10
192 27 rgb255=13,14,15
193 27 rgb255=29,28,26
194 27 rgb255=46,44,33
195 27 rgb255=74,65,43
0 26 rgb255=255,255,255
1 26 rgb255=255,255,255
2 26 rgb255=255,255,255
3 26 rgb255=255,255,255
4 26 rgb255=255,255,255
5 26 rgb255=255,255,255
6 26 rgb255=255,255,253
7 26 rgb255=253,254,252
8 26 rgb255=252,253,254
9 26 rgb255=255,255,255
10 26 rgb255=237,234,229
11 26 rgb255=134,117,111
12 26 rgb255=189,177,168
13 26 rgb255=175,164,151
14 26 rgb255=113,102,84
15 26 rgb255=97,84,60
16 26 rgb255=84,62,46
17 26 rgb255=158,144,134
18 26 rgb255=164,154,141
19 26 rgb255=199,192,183
20 26 rgb255=254,255,255
21 26 rgb255=253,255,252
22 26 rgb255=233,230,222
23 26 rgb255=247,246,244
24 26 rgb255=254,255,255
25 26 rgb255=255,255,255
26 26 rgb255=255,255,255
27 26 rgb255=255,255,255
28 26 rgb255=255,255,255
29 26 rgb255=255,255,255
30 26 rgb255=255,255,255
31 26 rgb255=255,255,255
32 26 rgb255=255,255,255
33 26 rgb255=255,255,255
34 26 rgb255=255,255,255
35 26 rgb255=255,255,255
36 26 rgb255=255,255,255
37 26 rgb255=255,255,255
38 26 rgb255=255,255,255
39 26 rgb255=255,255,255
40 26 rgb255=255,255,255
41 26 rgb255=59,61,58
42 26 rgb255=35,37,34
43 26 rgb255=51,53,50
44 26 rgb255=52,54,51
45 26 rgb255=75,76,72
46 26 rgb255=110,110,106
47 26 rgb255=103,103,101
48 26 rgb255=90,86,83
49 26 rgb255=109,97,90
50 26 rgb255=107,91,81
51 26 rgb255=96,87,77
52 26 rgb255=97,92,86
53 26 rgb255=46,40,35
54 26 rgb255=124,109,99
55 26 rgb255=199,172,154
56 26 rgb255=181,159,144
57 26 rgb255=149,136,129
58 26 rgb255=141,132,127
59 26 rgb255=130,119,110
60 26 rgb255=134,116,97
61 26 rgb255=122,99,81
62 26 rgb255=73,61,45
63 26 rgb255=90,84,54
64 26 rgb255=182,170,80
65 26 rgb255=170,147,49
66 26 rgb255=86,63,36
67 26 rgb255=78,58,45
68 26 rgb255=68,53,38
69 26 rgb255=52,44,31
70 26 rgb255=44,40,31
71 26 rgb255=45,41,36
72 26 rgb255=47,41,37
73 26 rgb255=255,255,255
74 26 rgb255=255,255,255
75 26 rgb255=255,255,255
76 26 rgb255=255,255,255
77 26 rgb255=255,255,255
78 26 rgb255=255,255,255
79 26 rgb255=255,255,255
80 26 rgb255=255,255,255
81 26 rgb255=255,255,255
82 26 rgb255=253,253,253
83 26 rgb255=255,255,255
84 26 rgb255=254,254,254
85 26 rgb255=254,254,254
86 26 rgb255=254,254,254
87 26 rgb255=253,253,253
88 26 rgb255=250,250,250
89 26 rgb255=237,237,237
90 26 rgb255=210,210,210
91 26 rgb255=214,214,214
92 26 rgb255=218,218,218
93 26 rgb255=214,214,214
94 26 rgb255=221,221,221
95 26 rgb255=203,203,203
96 26 rgb255=195,195,195
97 26 rgb255=196,196,196
98 26 rgb255=185,185,185
99 26 rgb255=169,169,169
100 26 rgb255=179,179,179
101 26 rgb255=173,173,173
102 26 rgb255=194,194,194
103 26 rgb255=219,219,219
104 26 rgb255=248,248,248
105 26 rgb255=255,255,255
106 26 rgb255=252,252,252
107 26 rgb255=246,246,246
108 26 rgb255=241,241,241
109 26 rgb255=243,243,243
110 26 rgb255=252,252,252
111 26 rgb255=253,253,253
112 26 rgb255=255,255,255
113 26 rgb255=252,252,252
114 26 rgb255=255,255,255
115 26 rgb255=255,255,255
116 26 rgb255=255,255,255
117 26 rgb255=255,255,255
118 26 rgb255=255,255,255
119 26 rgb255=255,255,255
120 26 rgb255=255,255,255
121 26 rgb255=255,255,255
122 26 rgb255=255,255,255
123 26 rgb255=184,192,197
124 26 rgb255=176,179,177
125 26 rgb255=147,155,156
126 26 rgb255=111,106,106
127 26 rgb255=108,99,87
128 26 rgb255=78,83,83
129 26 rgb255=99,111,116
130 26 rgb255=80,87,91
131 26 rgb255=77,78,81
132 26 rgb255=55,54,58
133 26 rgb255=53,56,60
134 26 rgb255=50,53,57
135 26 rgb255=54,57,62
136 26 rgb255=73,76,80
137 26 rgb255=81,83,85
138 26 rgb255=54,56,61
139 26 rgb255=59,63,65
140 26 rgb255=53,56,58
141 26 rgb255=51,51,56
142 26 rgb255=52,51,56
143 26 rgb255=50,50,55
144 26 rgb255=52,52,57
145 26 rgb255=55,54,59
146 26 rgb255=51,50,55
147 26 rgb255=54,53,57
148 26 rgb255=53,53,57
149 26 rgb255=54,55,57
150 26 rgb255=59,64,61
151 26 rgb255=90,100,106
152 26 rgb255=92,102,101
153 26 rgb255=51,55,54
154 26 rgb255=53,56,58
155 26 rgb255=255,255,255
156 26 rgb255=255,255,255
157 26 rgb255=255,255,255
158 26 rgb255=255,255,255
159 26 rgb255=255,255,255
160 26 rgb255=255,255,255
161 26 rgb255=255,255,255
162 26 rgb255=255,255,255
163 26 rgb255=255,255,255
164 26 rgb255=24,22,20
165 26 rgb255=7,6,7
166 26 rgb255=6,6,6
167 26 rgb255=6,6,6
168 26 rgb255=6,6,7
169 26 rgb255=6,6,7
170 26 rgb255=8,8,8
171 26 rgb255=5,5,5
172 26 rgb255=19,16,12
173 26 rgb255=33,27,19
174 26 rgb255=10,9,9
175 26 rgb255=6,6,6
176 26 rgb255=5,5,5
177 26 rgb255=5,5,5
178 26 rgb255=5,5,5
179 26 rgb255=11,11,10
180 26 rgb255=12,12,11
181 26 rgb255=16,15,11
182 26 rgb255=25,21,12
183 26 rgb255=50,36,18
184 26 rgb255=83,54,17
185 26 rgb255=58,42,17
186 26 rgb255=37,30,18
187 26 rgb255=39,28,19
188 26 rgb255=67,43,16
189 26 rgb255=64,37,12
190 26 rgb255=13,9,7
191 26 rgb255=3,2,6
192 26 rgb255=43,36,22
193 26 rgb255=143,103,31
194 26 rgb255=172,129,42
195 26 rgb255=205,175,65
0 25 rgb255=255,255,255
1 25 rgb255=255,255,255
2 25 rgb255=255,255,255
3 25 rgb255=255,255,255
4 25 rgb255=255,255,255
5 25 rgb255=255,255,255
6 25 rgb255=254,254,253
7 25 rgb255=252,252,249
8 25 rgb255=246,245,243
9 25 rgb255=247,245,242
10 25 rgb255=203,197,187
11 25 rgb255=112,86,76
12 25 rgb255=113,92,76
13 25 rgb255=117,99,78
14 25 rgb255=94,76,55
15 25 rgb255=88,72,53
16 25 rgb255=90,64,51
17 25 rgb255=103,84,69
18 25 rgb255=110,90,70
19 25 rgb255=155,140,124
20 25 rgb255=248,248,244
21 25 rgb255=218,217,209
22 25 rgb255=141,132,119
23 25 rgb255=231,229,225
24 25 rgb255=255,255,255
25 25 rgb255=254,255,254
26 25 rgb255=255,255,255
27 25 rgb255=255,255,255
28 25 rgb255=255,255,255
29 25 rgb255=255,255,255
30 25 rgb255=255,255,255
31 25 rgb255=255,255,255
32 25 rgb255=255,255,255
33 25 rgb255=255,255,255
34 25 rgb255=255,255,255
35 25 rgb255=255,255,255
36 25 rgb255=255,255,255
37 25 rgb255=255,255,255
38 25 rgb255=255,255,255
39 25 rgb255=255,255,255
40 25 rgb255=255,255,255
41 25 rgb255=54,56,53
42 25 rgb255=27,29,26
43 25 rgb255=45,47,44
44 25 rgb255=63,65,61
45 25 rgb255=86,87,83
46 25 rgb255=97,98,94
47 25 rgb255=114,114,112
48 25 rgb255=96,92,89
49 25 rgb255=104,93,86
50 25 rgb255=101,86,75
51 25 rgb255=97,88,77
52 25 rgb255=76,72,66
53 25 rgb255=48,45,42
54 25 rgb255=119,108,101
55 25 rgb255=163,143,129
56 25 rgb255=151,134,125
57 25 rgb255=129,119,118
58 25 rgb255=126,119,119
59 25 rgb255=153,144,136
60 25 rgb255=149,131,110
61 25 rgb255=131,108,84
62 25 rgb255=113,100,74
63 25 rgb255=93,89,50
64 25 rgb255=168,153,76
65 25 rgb255=150,121,44
66 25 rgb255=80,53,30
67 25 rgb255=79,54,47
68 25 rgb255=67,46,39
69 25 rgb255=46,38,25
70 25 rgb255=35,35,21
71 25 rgb255=35,38,25
72 25 rgb255=40,42,29
73 25 rgb255=255,255,255
74 25 rgb255=255,255,255
75 25 rgb255=255,255,255
76 25 rgb255=255,255,255
77 25 rgb255=255,255,255
78 25 rgb255=255,255,255
79 25 rgb255=255,255,255
80 25 rgb255=255,255,255
81 25 rgb255=255,255,255
82 25 rgb255=253,253,253
83 25 rgb255=255,255,255
84 25 rgb255=254,254,254
85 25 rgb255=254,254,254
86 25 rgb255=254,254,254
87 25 rgb255=253,253,253
88 25 rgb255=247,247,247
89 25 rgb255=230,230,230
90 25 rgb255=188,188,188
91 25 rgb255=200,200,200
92 25 rgb255=223,223,223
93 25 rgb255=223,223,223
94 25 rgb255=212,212,212
95 25 rgb255=197,197,197
96 25 rgb255=203,203,203
97 25 rgb255=187,187,187
98 25 rgb255=151,151,151
99 25 rgb255=138,138,138
100 25 rgb255=156,156,156
101 25 rgb255=155,155,155
102 25 rgb255=145,145,145
103 25 rgb255=138,138,138
104 25 rgb255=206,206,206
105 25 rgb255=217,217,217
106 25 rgb255=215,215,215
107 25 rgb255=211,211,211
108 25 rgb255=205,205,205
109 25 rgb255=204,204,204
110 25 rgb255=214,214,214
111 25 rgb255=241,241,241
112 25 rgb255=255,255,255
113 25 rgb255=252,252,252
114 25 rgb255=255,255,255
115 25 rgb255=255,255,255
116 25 rgb255=255,255,255
117 25 rgb255=255,255,255
118 25 rgb255=255,255,255
119 25 rgb255=255,255,255
120 25 rgb255=255,255,255
121 25 rgb255=255,255,255
122 25 rgb255=255,255,255
123 25 rgb255=129,140,138
124 25 rgb255=146,156,151
125 25 rgb255=180,193,190
126 25 rgb255=194,195,196
127 25 rgb255=178,176,169
128 25 rgb255=129,134,133
129 25 rgb255=110,123,128
130 25 rgb255=90,93,96
131 25 rgb255=92,86,85
132 25 rgb255=70,68,68
133 25 rgb255=67,69,72
134 25 rgb255=64,65,69
135 25 rgb255=64,64,69
136 25 rgb255=84,85,88
137 25 rgb255=99,105,107
138 25 rgb255=70,77,79
139 25 rgb255=60,68,61
140 25 rgb255=57,59,59
141 25 rgb255=53,51,57
142 25 rgb255=53,52,56
143 25 rgb255=49,51,55
144 25 rgb255=58,62,65
145 25 rgb255=67,69,73
146 25 rgb255=57,58,62
147 25 rgb255=52,55,57
148 25 rgb255=56,61,60
149 25 rgb255=57,62,61
150 25 rgb255=54,57,59
151 25 rgb255=85,96,103
152 25 rgb255=85,94,96
153 25 rgb255=52,56,55
154 25 rgb255=56,60,59
155 25 rgb255=255,255,255
156 25 rgb255=255,255,255
157 25 rgb255=255,255,255
158 25 rgb255=255,255,255
159 25 rgb255=255,255,255
160 25 rgb255=255,255,255
161 25 rgb255=255,255,255
162 25 rgb255=255,255,255
163 25 rgb255=255,255,255
164 25 rgb255=39,37,31
165 25 rgb255=27,26,22
166 25 rgb255=24,25,21
167 25 rgb255=22,22,20
168 25 rgb255=20,20,19
169 25 rgb255=19,19,18
170 25 rgb255=19,18,17
171 25 rgb255=14,14,13
172 25 rgb255=24,22,17
173 25 rgb255=34,28,21
174 25 rgb255=12,12,11
175 25 rgb255=11,11,10
176 25 rgb255=8,8,9
177 25 rgb255=7,7,8
178 25 rgb255=6,7,7
179 25 rgb255=5,5,6
180 25 rgb255=8,8,12
181 25 rgb255=19,15,10
182 25 rgb255=17,12,10
183 25 rgb255=38,29,18
184 25 rgb255=53,41,22
185 25 rgb255=49,40,22
186 25 rgb255=40,35,20
187 25 rgb255=54,44,23
188 25 rgb255=79,55,20
189 25 rgb255=52,38,16
190 25 rgb255=53,42,16
191 25 rgb255=67,51,20
192 25 rgb255=123,101,41
193 25 rgb255=237,181,49
194 25 rgb255=245,184,56
195 25 rgb255=250,208,74
0 24 rgb255=255,255,255
1 24 rgb255=255,255,255
2 24 rgb255=255,255,255
3 24 rgb255=255,255,255
4 24 rgb255=255,255,255
5 24 rgb255=255,255,255
6 24 rgb255=255,255,255
7 24 rgb255=240,239,236
8 24 rgb255=170,163,154
9 24 rgb255=175,165,152
10 24 rgb255=124,114,98
11 24 rgb255=98,76,61
12 24 rgb255=94,74,54
13 24 rgb255=95,78,55
14 24 rgb255=91,73,55
15 24 rgb255=87,71,56
16 24 rgb255=91,66,54
17 24 rgb255=92,71,59
18 24 rgb255=105,78,61
19 24 rgb255=132,111,94
20 24 rgb255=189,181,170
21 24 rgb255=133,122,109
22 24 rgb255=100,83,69
23 24 rgb255=228,223,219
24 24 rgb255=255,255,255
25 24 rgb255=254,255,255
26 24 rgb255=255,255,255
27 24 rgb255=255,255,255
28 24 rgb255=255,255,255
29 24 rgb255=255,255,255
30 24 rgb255=255,255,255
31 24 rgb255=255,255,255
32 24 rgb255=255,255,255
33 24 rgb255=255,255,255
34 24 rgb255=255,255,255
35 24 rgb255=255,255,255
36 24 rgb255=255,255,255
37 24 rgb255=255,255,255
38 24 rgb255=255,255,255
39 24 rgb255=255,255,255
40 24 rgb255=255,255,255
41 24 rgb255=50,52,46
42 24 rgb255=29,33,28
43 24 rgb255=51,54,49
44 24 rgb255=74,75,69
45 24 rgb255=83,79,72
46 24 rgb255=84,81,76
47 24 rgb255=109,109,109
48 24 rgb255=91,89,88
49 24 rgb255=105,94,87
50 24 rgb255=103,87,76
51 24 rgb255=107,101,93
52 24 rgb255=86,82,78
53 24 rgb255=96,93,92
54 24 rgb255=127,121,118
55 24 rgb255=127,117,109
56 24 rgb255=133,124,119
57 24 rgb255=126,121,121
58 24 rgb255=111,109,108
59 24 rgb255=130,121,112
60 24 rgb255=162,141,118
61 24 rgb255=172,142,111
62 24 rgb255=127,101,67
63 24 rgb255=101,82,47
64 24 rgb255=149,130,78
65 24 rgb255=130,109,59
66 24 rgb255=81,62,43
67 24 rgb255=85,63,52
68 24 rgb255=74,56,48
69 24 rgb255=55,48,42
70 24 rgb255=49,47,40
71 24 rgb255=55,49,40
72 24 rgb255=61,52,41
73 24 rgb255=255,255,255
74 24 rgb255=255,255,255
75 24 rgb255=255,255,255
76 24 rgb255=255,255,255
77 24 rgb255=255,255,255
78 24 rgb255=255,255,255
79 24 rgb255=255,255,255
80 24 rgb255=255,255,255
81 24 rgb255=255,255,255
82 24 rgb255=253,253,253
83 24 rgb255=255,255,255
84 24 rgb255=254,254,254
85 24 rgb255=254,254,254
86 24 rgb255=254,254,254
87 24 rgb255=251,251,251
88 24 rgb255=239,239,239
89 24 rgb255=216,216,216
90 24 rgb255=199,199,199
91 24 rgb255=234,234,234
92 24 rgb255=227,227,227
93 24 rgb255=197,197,197
94 24 rgb255=192,192,192
95 24 rgb255=173,173,173
96 24 rgb255=180,180,180
97 24 rgb255=177,177,177
98 24 rgb255=156,156,156
99 24 rgb255=172,172,172
100 24 rgb255=179,179,179
101 24 rgb255=144,144,144
102 24 rgb255=160,160,160
103 24 rgb255=119,119,119
104 24 rgb255=126,126,126
105 24 rgb255=135,135,135
106 24 rgb255=132,132,132
107 24 rgb255=152,152,152
108 24 rgb255=186,186,186
109 24 rgb255=196,196,196
110 24 rgb255=202,202,202
111 24 rgb255=237,237,237
112 24 rgb255=254,254,254
113 24 rgb255=251,251,251
114 24 rgb255=255,255,255
115 24 rgb255=255,255,255
116 24 rgb255=255,255,255
117 24 rgb255=255,255,255
118 24 rgb255=255,255,255
119 24 rgb255=255,255,255
120 24 rgb255=255,255,255
121 24 rgb255=255,255,255
122 24 rgb255=255,255,255
123 24 rgb255=132,139,130
124 24 rgb255=130,135,128
125 24 rgb255=123,137,130
126 24 rgb255=143,154,158
127 24 rgb255=191,199,202
128 24 rgb255=206,211,214
129 24 rgb255=166,178,182
130 24 rgb255=130,141,140
131 24 rgb255=120,121,116
132 24 rgb255=87,92,87
133 24 rgb255=82,90,85
134 24 rgb255=86,94,90
135 24 rgb255=84,91,92
136 24 rgb255=103,110,110
137 24 rgb255=108,119,120
138 24 rgb255=77,88,90
139 24 rgb255=64,72,72
140 24 rgb255=54,55,59
141 24 rgb255=60,60,64
142 24 rgb255=52,54,58
143 24 rgb255=51,55,58
144 24 rgb255=53,57,60
145 24 rgb255=65,70,73
146 24 rgb255=69,76,78
147 24 rgb255=64,70,71
148 24 rgb255=65,71,69
149 24 rgb255=53,60,58
150 24 rgb255=52,55,59
151 24 rgb255=80,92,99
152 24 rgb255=76,85,88
153 24 rgb255=54,57,56
154 24 rgb255=54,59,57
155 24 rgb255=255,255,255
156 24 rgb255=255,255,255
157 24 rgb255=255,255,255
158 24 rgb255=255,255,255
159 24 rgb255=255,255,255
160 24 rgb255=255,255,255
161 24 rgb255=255,255,255
162 24 rgb255=255,255,255
163 24 rgb255=255,255,255
164 24 rgb255=52,48,40
165 24 rgb255=46,45,38
166 24 rgb255=43,43,36
167 24 rgb255=41,40,34
168 24 rgb255=40,40,33
169 24 rgb255=39,39,32
170 24 rgb255=39,39,32
171 24 rgb255=35,35,30
172 24 rgb255=45,42,33
173 24 rgb255=49,42,31
174 24 rgb255=27,26,23
175 24 rgb255=23,24,22
176 24 rgb255=21,20,20
177 24 rgb255=18,19,16
178 24 rgb255=16,16,15
179 24 rgb255=21,20,19
180 24 rgb255=51,37,19
181 24 rgb255=89,58,19
182 24 rgb255=103,68,20
183 24 rgb255=129,97,42
184 24 rgb255=101,81,35
185 24 rgb255=122,92,38
186 24 rgb255=176,132,51
187 24 rgb255=178,149,60
188 24 rgb255=202,182,75
189 24 rgb255=210,182,74
190 24 rgb255=228,192,81
191 24 rgb255=239,212,91
192 24 rgb255=244,224,128
193 24 rgb255=248,228,163
194 24 rgb255=248,213,128
195 24 rgb255=244,189,75
0 23 rgb255=255,255,255
1 23 rgb255=255,255,255
2 23 rgb255=255,255,255
3 23 rgb255=255,255,255
4 23 rgb255=255,255,255
5 23 rgb255=254,254,254
6 23 rgb255=255,255,255
7 23 rgb255=220,216,212
8 23 rgb255=94,81,66
9 23 rgb255=103,86,65
10 23 rgb255=91,76,59
11 23 rgb255=84,66,53
12 23 rgb255=81,62,48
13 23 rgb255=82,65,49
14 23 rgb255=81,62,49
15 23 rgb255=79,64,49
16 23 rgb255=82,60,47
17 23 rgb255=84,64,52
18 23 rgb255=109,79,64
19 23 rgb255=118,95,75
20 23 rgb255=108,94,77
21 23 rgb255=94,73,57
22 23 rgb255=94,70,55
23 23 rgb255=217,210,206
24 23 rgb255=255,255,255
25 23 rgb255=254,254,254
26 23 rgb255=255,255,255
27 23 rgb255=255,255,255
28 23 rgb255=255,255,255
29 23 rgb255=255,255,255
30 23 rgb255=255,255,255
31 23 rgb255=255,255,255
32 23 rgb255=255,255,255
33 23 rgb255=255,255,255
34 23 rgb255=255,255,255
35 23 rgb255=255,255,255
36 23 rgb255=255,255,255
37 23 rgb255=255,255,255
38 23 rgb255=255,255,255
39 23 rgb255=255,255,255
40 23 rgb255=255,255,255
41 23 rgb255=40,43,37
42 23 rgb255=42,47,42
43 23 rgb255=58,61,55
44 23 rgb255=91,91,82
45 23 rgb255=92,85,76
46 23 rgb255=91,85,81
47 23 rgb255=105,105,106
48 23 rgb255=88,87,87
49 23 rgb255=99,89,82
50 23 rgb255=99,85,73
51 23 rgb255=84,80,73
52 23 rgb255=86,82,80
53 23 rgb255=127,123,124
54 23 rgb255=123,119,118
55 23 rgb255=125,122,117
56 23 rgb255=122,118,113
57 23 rgb255=117,115,114
58 23 rgb255=105,105,103
59 23 rgb255=107,99,90
60 23 rgb255=129,106,84
61 23 rgb255=140,107,73
62 23 rgb255=120,86,50
63 23 rgb255=120,91,60
64 23 rgb255=118,97,62
65 23 rgb255=96,83,50
66 23 rgb255=76,64,48
67 23 rgb255=77,60,48
68 23 rgb255=71,58,50
69 23 rgb255=60,54,52
70 23 rgb255=59,53,51
71 23 rgb255=73,59,52
72 23 rgb255=80,59,48
73 23 rgb255=255,255,255
74 23 rgb255=255,255,255
75 23 rgb255=255,255,255
76 23 rgb255=255,255,255
77 23 rgb255=255,255,255
78 23 rgb255=255,255,255
79 23 rgb255=255,255,255
80 23 rgb255=255,255,255
81 23 rgb255=255,255,255
82 23 rgb255=253,253,253
83 23 rgb255=255,255,255
84 23 rgb255=254,254,254
85 23 rgb255=254,254,254
86 23 rgb255=254,254,254
87 23 rgb255=250,250,250
88 23 rgb255=240,240,240
89 23 rgb255=228,228,228
90 23 rgb255=211,211,211
91 23 rgb255=223,223,223
92 23 rgb255=209,209,209
93 23 rgb255=182,182,182
94 23 rgb255=175,175,175
95 23 rgb255=157,157,157
96 23 rgb255=149,149,149
97 23 rgb255=137,137,137
98 23 rgb255=140,140,140
99 23 rgb255=161,161,161
100 23 rgb255=159,159,159
101 23 rgb255=132,132,132
102 23 rgb255=165,165,165
103 23 rgb255=175,175,175
104 23 rgb255=119,119,119
105 23 rgb255=115,115,115
106 23 rgb255=118,118,118
107 23 rgb255=126,126,126
108 23 rgb255=165,165,165
109 23 rgb255=184,184,184
110 23 rgb255=178,178,178
111 23 rgb255=200,200,200
112 23 rgb255=227,227,227
113 23 rgb255=224,224,224
114 23 rgb255=255,255,255
115 23 rgb255=255,255,255
116 23 rgb255=255,255,255
117 23 rgb255=255,255,255
118 23 rgb255=255,255,255
119 23 rgb255=255,255,255
120 23 rgb255=255,255,255
121 23 rgb255=255,255,255
122 23 rgb255=255,255,255
123 23 rgb255=125,121,107
124 23 rgb255=131,134,127
125 23 rgb255=140,149,140
126 23 rgb255=113,121,124
127 23 rgb255=125,134,137
128 23 rgb255=160,169,170
129 23 rgb255=184,196,199
130 23 rgb255=211,219,219
131 23 rgb255=190,192,187
132 23 rgb255=126,132,124
133 23 rgb255=92,98,87
134 23 rgb255=99,105,94
135 23 rgb255=87,91,87
136 23 rgb255=97,102,96
137 23 rgb255=100,105,96
138 23 rgb255=86,91,82
139 23 rgb255=82,89,81
140 23 rgb255=59,61,62
141 23 rgb255=72,75,79
142 23 rgb255=49,56,58
143 23 rgb255=51,56,59
144 23 rgb255=56,60,63
145 23 rgb255=56,60,63
146 23 rgb255=60,63,66
147 23 rgb255=62,67,68
148 23 rgb255=73,79,77
149 23 rgb255=67,74,72
150 23 rgb255=53,56,60
151 23 rgb255=72,84,91
152 23 rgb255=64,73,76
153 23 rgb255=55,59,58
154 23 rgb255=53,58,56
155 23 rgb255=255,255,255
156 23 rgb255=255,255,255
157 23 rgb255=255,255,255
158 23 rgb255=255,255,255
159 23 rgb255=255,255,255
160 23 rgb255=255,255,255
161 23 rgb255=255,255,255
162 23 rgb255=255,255,255
163 23 rgb255=255,255,255
164 23 rgb255=66,60,57
165 23 rgb255=59,54,52
166 23 rgb255=56,54,51
167 23 rgb255=54,52,47
168 23 rgb255=52,51,44
169 23 rgb255=50,48,43
170 23 rgb255=48,47,42
171 23 rgb255=43,43,40
172 23 rgb255=54,49,43
173 23 rgb255=57,49,37
174 23 rgb255=34,35,29
175 23 rgb255=31,32,28
176 23 rgb255=28,28,26
177 23 rgb255=30,30,24
178 23 rgb255=24,24,23
179 23 rgb255=125,118,68
180 23 rgb255=217,184,76
181 23 rgb255=215,150,51
182 23 rgb255=212,137,47
183 23 rgb255=223,149,57
184 23 rgb255=174,110,42
185 23 rgb255=168,106,39
186 23 rgb255=252,160,50
187 23 rgb255=245,143,43
188 23 rgb255=247,148,49
189 23 rgb255=250,149,46
190 23 rgb255=249,154,46
191 23 rgb255=248,163,50
192 23 rgb255=244,176,71
193 23 rgb255=236,191,85
194 23 rgb255=236,169,58
195 23 rgb255=231,144,39
0 22 rgb255=255,255,255
1 22 rgb255=255,255,255
2 22 rgb255=255,255,255
3 22 rgb255=255,255,255
4 22 rgb255=255,255,255
5 22 rgb255=253,253,253
6 22 rgb255=255,255,255
7 22 rgb255=189,184,176
8 22 rgb255=82,65,47
9 22 rgb255=86,68,46
10 22 rgb255=82,63,51
11 22 rgb255=73,59,49
12 22 rgb255=72,53,44
13 22 rgb255=74,58,48
14 22 rgb255=91,73,60
15 22 rgb255=79,64,49
16 22 rgb255=83,64,49
17 22 rgb255=88,71,57
18 22 rgb255=111,85,69
19 22 rgb255=108,88,66
20 22 rgb255=88,72,54
21 22 rgb255=93,69,52
22 22 rgb255=90,67,49
23 22 rgb255=200,194,187
24 22 rgb255=255,255,255
25 22 rgb255=254,254,253
26 22 rgb255=255,255,255
27 22 rgb255=255,255,255
28 22 rgb255=255,255,255
29 22 rgb255=255,255,255
30 22 rgb255=255,255,255
31 22 rgb255=255,255,255
32 22 rgb255=255,255,255
33 22 rgb255=255,255,255
34 22 rgb255=255,255,255
35 22 rgb255=255,255,255
36 22 rgb255=255,255,255
37 22 rgb255=255,255,255
38 22 rgb255=255,255,255
39 22 rgb255=255,255,255
40 22 rgb255=255,255,255
41 22 rgb255=40,46,43
42 22 rgb255=59,66,64
43 22 rgb255=62,65,60
44 22 rgb255=93,92,83
45 22 rgb255=89,84,75
46 22 rgb255=77,75,70
47 22 rgb255=88,91,90
48 22 rgb255=82,83,82
49 22 rgb255=99,93,86
50 22 rgb255=94,84,73
51 22 rgb255=76,72,66
52 22 rgb255=111,108,106
53 22 rgb255=131,127,128
54 22 rgb255=125,121,120
55 22 rgb255=119,116,111
56 22 rgb255=109,104,99
57 22 rgb255=110,106,104
58 22 rgb255=102,102,99
59 22 rgb255=97,91,83
60 22 rgb255=122,104,85
61 22 rgb255=127,100,68
62 22 rgb255=136,105,69
63 22 rgb255=132,105,76
64 22 rgb255=107,88,57
65 22 rgb255=74,61,34
66 22 rgb255=64,53,42
67 22 rgb255=63,49,42
68 22 rgb255=59,51,44
69 22 rgb255=53,49,45
70 22 rgb255=58,52,44
71 22 rgb255=72,59,43
72 22 rgb255=85,60,39
73 22 rgb255=255,255,255
74 22 rgb255=255,255,255
75 22 rgb255=255,255,255
76 22 rgb255=255,255,255
77 22 rgb255=255,255,255
78 22 rgb255=255,255,255
79 22 rgb255=255,255,255
80 22 rgb255=255,255,255
81 22 rgb255=255,255,255
82 22 rgb255=253,253,253
83 22 rgb255=255,255,255
84 22 rgb255=254,254,254
85 22 rgb255=253,253,253
86 22 rgb255=250,250,250
87 22 rgb255=240,240,240
88 22 rgb255=230,230,230
89 22 rgb255=210,210,210
90 22 rgb255=200,200,200
91 22 rgb255=205,205,205
92 22 rgb255=216,216,216
93 22 rgb255=206,206,206
94 22 rgb255=176,176,176
95 22 rgb255=142,142,142
96 22 rgb255=150,150,150
97 22 rgb255=149,149,149
98 22 rgb255=162,162,162
99 22 rgb255=162,162,162
100 22 rgb255=135,135,135
101 22 rgb255=133,133,133
102 22 rgb255=141,141,141
103 22 rgb255=205,205,205
104 22 rgb255=172,172,172
105 22 rgb255=149,149,149
106 22 rgb255=129,129,129
107 22 rgb255=124,124,124
108 22 rgb255=135,135,135
109 22 rgb255=164,164,164
110 22 rgb255=160,160,160
111 22 rgb255=158,158,158
112 22 rgb255=207,207,207
113 22 rgb255=203,203,203
114 22 rgb255=255,255,255
115 22 rgb255=255,255,255
116 22 rgb255=255,255,255
117 22 rgb255=255,255,255
118 22 rgb255=255,255,255
119 22 rgb255=255,255,255
120 22 rgb255=255,255,255
121 22 rgb255=255,255,255
122 22 rgb255=255,255,255
123 22 rgb255=160,136,107
124 22 rgb255=125,114,99
125 22 rgb255=123,126,117
126 22 rgb255=130,138,134
127 22 rgb255=132,135,127
128 22 rgb255=118,126,122
129 22 rgb255=130,144,151
130 22 rgb255=191,197,199
131 22 rgb255=219,225,221
132 22 rgb255=215,220,217
133 22 rgb255=179,182,176
134 22 rgb255=126,136,118
135 22 rgb255=94,103,80
136 22 rgb255=95,102,78
137 22 rgb255=116,115,88
138 22 rgb255=96,95,67
139 22 rgb255=84,91,69
140 22 rgb255=72,77,65
141 22 rgb255=64,66,66
142 22 rgb255=50,52,56
143 22 rgb255=53,55,59
144 22 rgb255=57,58,62
145 22 rgb255=53,55,59
146 22 rgb255=51,52,56
147 22 rgb255=51,54,56
148 22 rgb255=61,66,65
149 22 rgb255=67,72,71
150 22 rgb255=66,68,72
151 22 rgb255=77,87,94
152 22 rgb255=59,66,70
153 22 rgb255=58,60,60
154 22 rgb255=54,58,58
155 22 rgb255=255,255,255
156 22 rgb255=255,255,255
157 22 rgb255=255,255,255
158 22 rgb255=255,255,255
159 22 rgb255=255,255,255
160 22 rgb255=255,255,255
161 22 rgb255=255,255,255
162 22 rgb255=255,255,255
163 22 rgb255=255,255,255
164 22 rgb255=71,68,66
165 22 rgb255=63,61,57
166 22 rgb255=62,59,54
167 22 rgb255=60,57,52
168 22 rgb255=57,55,48
169 22 rgb255=52,51,44
170 22 rgb255=61,57,45
171 22 rgb255=60,56,44
172 22 rgb255=69,59,45
173 22 rgb255=63,55,41
174 22 rgb255=36,38,31
175 22 rgb255=32,33,28
176 22 rgb255=25,27,22
177 22 rgb255=22,23,21
178 22 rgb255=31,25,22
179 22 rgb255=162,142,64
180 22 rgb255=239,209,80
181 22 rgb255=202,143,52
182 22 rgb255=167,95,32
183 22 rgb255=187,118,37
184 22 rgb255=159,104,38
185 22 rgb255=158,112,44
186 22 rgb255=200,145,53
187 22 rgb255=188,133,51
188 22 rgb255=190,143,49
189 22 rgb255=178,135,45
190 22 rgb255=170,127,45
191 22 rgb255=185,135,49
192 22 rgb255=177,130,46
193 22 rgb255=148,107,37
194 22 rgb255=173,129,56
195 22 rgb255=167,128,55
0 21 rgb255=255,255,255
1 21 rgb255=255,255,255
2 21 rgb255=255,255,255
3 21 rgb255=255,255,255
4 21 rgb255=255,255,255
5 21 rgb255=250,250,249
6 21 rgb255=243,243,240
7 21 rgb255=149,143,131
8 21 rgb255=73,56,37
9 21 rgb255=77,60,43
10 21 rgb255=86,67,53
11 21 rgb255=77,66,49
12 21 rgb255=82,65,50
13 21 rgb255=88,74,59
14 21 rgb255=92,76,60
15 21 rgb255=95,81,63
16 21 rgb255=99,82,62
17 21 rgb255=91,79,59
18 21 rgb255=96,76,58
19 21 rgb255=109,95,73
20 21 rgb255=90,75,60
21 21 rgb255=87,64,49
22 21 rgb255=86,66,48
23 21 rgb255=165,161,150
24 21 rgb255=237,238,233
25 21 rgb255=255,255,253
26 21 rgb255=255,255,255
27 21 rgb255=255,255,255
28 21 rgb255=255,255,255
29 21 rgb255=255,255,255
30 21 rgb255=255,255,255
31 21 rgb255=255,255,255
32 21 rgb255=255,255,255
33 21 rgb255=255,255,255
34 21 rgb255=255,255,255
35 21 rgb255=255,255,255
36 21 rgb255=255,255,255
37 21 rgb255=255,255,255
38 21 rgb255=255,255,255
39 21 rgb255=255,255,255
40 21 rgb255=255,255,255
41 21 rgb255=43,51,51
42 21 rgb255=61,69,68
43 21 rgb255=67,70,66
44 21 rgb255=82,80,71
45 21 rgb255=83,80,70
46 21 rgb255=75,75,69
47 21 rgb255=88,92,90
48 21 rgb255=81,85,83
49 21 rgb255=107,105,99
50 21 rgb255=101,96,85
51 21 rgb255=91,88,82
52 21 rgb255=123,120,118
53 21 rgb255=131,127,128
54 21 rgb255=124,120,119
55 21 rgb255=116,113,108
56 21 rgb255=107,101,96
57 21 rgb255=109,105,101
58 21 rgb255=106,105,101
59 21 rgb255=81,76,67
60 21 rgb255=104,91,73
61 21 rgb255=148,127,97
62 21 rgb255=145,119,83
63 21 rgb255=137,112,87
64 21 rgb255=121,102,78
65 21 rgb255=65,51,31
66 21 rgb255=53,40,36
67 21 rgb255=51,41,37
68 21 rgb255=49,42,36
69 21 rgb255=45,41,33
70 21 rgb255=59,52,37
71 21 rgb255=95,80,55
72 21 rgb255=112,84,54
73 21 rgb255=255,255,255
74 21 rgb255=255,255,255
75 21 rgb255=255,255,255
76 21 rgb255=255,255,255
77 21 rgb255=255,255,255
78 21 rgb255=255,255,255
79 21 rgb255=255,255,255
80 21 rgb255=255,255,255
81 21 rgb255=255,255,255
82 21 rgb255=251,251,251
83 21 rgb255=252,252,252
84 21 rgb255=249,249,249
85 21 rgb255=247,247,247
86 21 rgb255=234,234,234
87 21 rgb255=210,210,210
88 21 rgb255=189,189,189
89 21 rgb255=170,170,170
90 21 rgb255=182,182,182
91 21 rgb255=168,168,168
92 21 rgb255=204,204,204
93 21 rgb255=214,214,214
94 21 rgb255=177,177,177
95 21 rgb255=167,167,167
96 21 rgb255=193,193,193
97 21 rgb255=211,211,211
98 21 rgb255=191,191,191
99 21 rgb255=154,154,154
100 21 rgb255=131,131,131
101 21 rgb255=145,145,145
102 21 rgb255=154,154,154
103 21 rgb255=143,143,143
104 21 rgb255=167,167,167
105 21 rgb255=192,192,192
106 21 rgb255=167,167,167
107 21 rgb255=131,131,131
108 21 rgb255=123,123,123
109 21 rgb255=145,145,145
110 21 rgb255=150,150,150
111 21 rgb255=143,143,143
112 21 rgb255=186,186,186
113 21 rgb255=207,207,207
114 21 rgb255=255,255,255
115 21 rgb255=255,255,255
116 21 rgb255=255,255,255
117 21 rgb255=255,255,255
118 21 rgb255=255,255,255
119 21 rgb255=255,255,255
120 21 rgb255=255,255,255
121 21 rgb255=255,255,255
122 21 rgb255=255,255,255
123 21 rgb255=143,124,96
124 21 rgb255=158,138,110
125 21 rgb255=105,92,78
126 21 rgb255=82,83,81
127 21 rgb255=128,133,125
128 21 rgb255=133,135,128
129 21 rgb255=125,136,134
130 21 rgb255=121,134,130
131 21 rgb255=153,163,164
132 21 rgb255=216,222,225
133 21 rgb255=250,250,251
134 21 rgb255=227,234,223
135 21 rgb255=175,184,171
136 21 rgb255=128,135,121
137 21 rgb255=112,111,92
138 21 rgb255=80,78,59
139 21 rgb255=73,77,67
140 21 rgb255=62,68,60
141 21 rgb255=56,57,58
142 21 rgb255=53,51,56
143 21 rgb255=53,52,57
144 21 rgb255=54,53,58
145 21 rgb255=53,55,59
146 21 rgb255=56,60,63
147 21 rgb255=57,61,63
148 21 rgb255=57,61,60
149 21 rgb255=51,56,55
150 21 rgb255=51,54,58
151 21 rgb255=77,87,95
152 21 rgb255=69,75,79
153 21 rgb255=55,56,56
154 21 rgb255=54,57,59
155 21 rgb255=255,255,255
156 21 rgb255=255,255,255
157 21 rgb255=255,255,255
158 21 rgb255=255,255,255
159 21 rgb255=255,255,255
160 21 rgb255=255,255,255
161 21 rgb255=255,255,255
162 21 rgb255=255,255,255
163 21 rgb255=255,255,255
164 21 rgb255=58,58,56
165 21 rgb255=46,47,43
166 21 rgb255=45,46,42
167 21 rgb255=43,43,40
168 21 rgb255=43,42,37
169 21 rgb255=37,38,33
170 21 rgb255=75,66,36
171 21 rgb255=107,91,37
172 21 rgb255=109,80,36
173 21 rgb255=67,56,41
174 21 rgb255=34,35,29
175 21 rgb255=31,31,28
176 21 rgb255=23,24,22
177 21 rgb255=16,17,16
178 21 rgb255=40,30,22
179 21 rgb255=108,92,46
180 21 rgb255=133,110,49
181 21 rgb255=92,69,34
182 21 rgb255=75,54,25
183 21 rgb255=85,62,29
184 21 rgb255=58,45,26
185 21 rgb255=63,51,30
186 21 rgb255=75,55,28
187 21 rgb255=92,89,63
188 21 rgb255=101,99,60
189 21 rgb255=73,64,35
190 21 rgb255=78,71,44
191 21 rgb255=121,117,65
192 21 rgb255=113,109,65
193 21 rgb255=69,63,46
194 21 rgb255=130,137,100
195 21 rgb255=130,148,98
0 20 rgb255=255,255,255
1 20 rgb255=255,255,255
2 20 rgb255=255,255,254
3 20 rgb255=254,254,254
4 20 rgb255=255,255,254
5 20 rgb255=227,222,216
6 20 rgb255=167,158,147
7 20 rgb255=145,133,118
8 20 rgb255=82,64,49
9 20 rgb255=79,63,48
10 20 rgb255=87,74,56
11 20 rgb255=85,73,55
12 20 rgb255=90,74,58
13 20 rgb255=88,78,59
14 20 rgb255=84,72,56
15 20 rgb255=90,77,60
16 20 rgb255=84,68,50
17 20 rgb255=86,76,57
18 20 rgb255=80,65,47
19 20 rgb255=92,86,59
20 20 rgb255=95,83,63
21 20 rgb255=93,69,54
22 20 rgb255=83,68,52
23 20 rgb255=114,101,85
24 20 rgb255=186,177,167
25 20 rgb255=254,255,252
26 20 rgb255=255,254,253
27 20 rgb255=253,254,253
28 20 rgb255=254,253,255
29 20 rgb255=254,254,255
30 20 rgb255=254,254,255
31 20 rgb255=255,255,255
32 20 rgb255=255,255,255
33 20 rgb255=255,255,255
34 20 rgb255=255,255,255
35 20 rgb255=255,255,255
36 20 rgb255=255,255,255
37 20 rgb255=255,255,255
38 20 rgb255=255,255,255
39 20 rgb255=255,255,255
40 20 rgb255=255,255,255
41 20 rgb255=36,42,43
42 20 rgb255=40,47,47
43 20 rgb255=67,70,66
44 20 rgb255=62,58,50
45 20 rgb255=81,78,68
46 20 rgb255=83,84,78
47 20 rgb255=81,86,82
48 20 rgb255=73,79,76
49 20 rgb255=101,104,98
50 20 rgb255=103,102,94
51 20 rgb255=99,96,90
52 20 rgb255=134,130,128
53 20 rgb255=131,127,128
54 20 rgb255=120,116,115
55 20 rgb255=103,99,94
56 20 rgb255=95,91,84
57 20 rgb255=101,96,91
58 20 rgb255=98,95,89
59 20 rgb255=83,77,66
60 20 rgb255=109,99,81
61 20 rgb255=131,113,85
62 20 rgb255=112,87,53
63 20 rgb255=96,71,50
64 20 rgb255=105,85,67
65 20 rgb255=75,61,45
66 20 rgb255=67,52,51
67 20 rgb255=65,54,52
68 20 rgb255=65,56,50
69 20 rgb255=69,59,48
70 20 rgb255=131,118,97
71 20 rgb255=193,174,143
72 20 rgb255=159,129,96
73 20 rgb255=255,255,255
74 20 rgb255=255,255,255
75 20 rgb255=255,255,255
76 20 rgb255=255,255,255
77 20 rgb255=255,255,255
78 20 rgb255=255,255,255
79 20 rgb255=255,255,255
80 20 rgb255=255,255,255
81 20 rgb255=255,255,255
82 20 rgb255=238,238,238
83 20 rgb255=231,231,231
84 20 rgb255=233,233,233
85 20 rgb255=239,239,239
86 20 rgb255=219,219,219
87 20 rgb255=199,199,199
88 20 rgb255=183,183,183
89 20 rgb255=176,176,176
90 20 rgb255=169,169,169
91 20 rgb255=143,143,143
92 20 rgb255=166,166,166
93 20 rgb255=193,193,193
94 20 rgb255=187,187,187
95 20 rgb255=190,190,190
96 20 rgb255=197,197,197
97 20 rgb255=214,214,214
98 20 rgb255=168,168,168
99 20 rgb255=120,120,120
100 20 rgb255=108,108,108
101 20 rgb255=109,109,109
102 20 rgb255=137,137,137
103 20 rgb255=141,141,141
104 20 rgb255=152,152,152
105 20 rgb255=173,173,173
106 20 rgb255=161,161,161
107 20 rgb255=134,134,134
108 20 rgb255=129,129,129
109 20 rgb255=130,130,130
110 20 rgb255=128,128,128
111 20 rgb255=131,131,131
112 20 rgb255=149,149,149
113 20 rgb255=183,183,183
114 20 rgb255=255,255,255
115 20 rgb255=255,255,255
116 20 rgb255=255,255,255
117 20 rgb255=255,255,255
118 20 rgb255=255,255,255
119 20 rgb255=255,255,255
120 20 rgb255=255,255,255
121 20 rgb255=255,255,255
122 20 rgb255=255,255,255
123 20 rgb255=162,151,110
124 20 rgb255=141,125,96
125 20 rgb255=117,93,69
126 20 rgb255=86,73,60
127 20 rgb255=81,81,79
128 20 rgb255=138,134,128
129 20 rgb255=154,156,147
130 20 rgb255=142,152,142
131 20 rgb255=128,139,137
132 20 rgb255=123,132,131
133 20 rgb255=191,197,197
134 20 rgb255=242,244,243
135 20 rgb255=249,249,249
136 20 rgb255=220,221,220
137 20 rgb255=156,156,148
138 20 rgb255=94,94,86
139 20 rgb255=62,65,65
140 20 rgb255=52,56,58
141 20 rgb255=55,55,59
142 20 rgb255=53,52,57
143 20 rgb255=52,51,56
144 20 rgb255=53,51,56
145 20 rgb255=51,52,56
146 20 rgb255=55,59,62
147 20 rgb255=60,64,65
148 20 rgb255=60,63,62
149 20 rgb255=53,58,57
150 20 rgb255=48,51,55
151 20 rgb255=77,86,94
152 20 rgb255=71,77,81
153 20 rgb255=56,56,57
154 20 rgb255=59,62,64
155 20 rgb255=255,255,255
156 20 rgb255=255,255,255
157 20 rgb255=255,255,255
158 20 rgb255=255,255,255
159 20 rgb255=255,255,255
160 20 rgb255=255,255,255
161 20 rgb255=255,255,255
162 20 rgb255=255,255,255
163 20 rgb255=255,255,255
164 20 rgb255=74,73,74
165 20 rgb255=66,64,63
166 20 rgb255=70,66,62
167 20 rgb255=67,62,58
168 20 rgb255=71,63,53
169 20 rgb255=69,61,52
170 20 rgb255=93,77,48
171 20 rgb255=149,117,43
172 20 rgb255=136,94,39
173 20 rgb255=80,63,42
174 20 rgb255=38,35,29
175 20 rgb255=29,28,27
176 20 rgb255=19,19,18
177 20 rgb255=12,12,11
178 20 rgb255=23,20,16
179 20 rgb255=38,32,23
180 20 rgb255=48,38,23
181 20 rgb255=38,31,21
182 20 rgb255=56,45,27
183 20 rgb255=51,43,26
184 20 rgb255=32,28,24
185 20 rgb255=33,34,28
186 20 rgb255=38,35,28
187 20 rgb255=65,68,48
188 20 rgb255=61,70,48
189 20 rgb255=51,53,38
190 20 rgb255=75,71,47
191 20 rgb255=100,96,58
192 20 rgb255=90,92,58
193 20 rgb255=63,61,43
194 20 rgb255=94,100,67
195 20 rgb255=85,93,59
0 19 rgb255=255,255,255
1 19 rgb255=255,255,255
2 19 rgb255=254,255,254
3 19 rgb255=255,255,255
4 19 rgb255=240,238,234
5 19 rgb255=172,160,147
6 19 rgb255=108,88,68
7 19 rgb255=124,106,90
8 19 rgb255=94,76,66
9 19 rgb255=91,74,61
10 19 rgb255=90,80,62
11 19 rgb255=100,83,71
12 19 rgb255=103,86,75
13 19 rgb255=102,94,77
14 19 rgb255=104,95,78
15 19 rgb255=110,98,82
16 19 rgb255=106,91,75
17 19 rgb255=109,100,83
18 19 rgb255=100,87,73
19 19 rgb255=86,83,57
20 19 rgb255=87,73,55
21 19 rgb255=99,73,59
22 19 rgb255=93,84,65
23 19 rgb255=109,86,63
24 19 rgb255=144,126,108
25 19 rgb255=240,241,235
26 19 rgb255=219,212,209
27 19 rgb255=238,238,235
28 19 rgb255=255,254,255
29 19 rgb255=253,253,254
30 19 rgb255=254,254,254
31 19 rgb255=255,255,255
32 19 rgb255=255,255,255
33 19 rgb255=255,255,255
34 19 rgb255=255,255,255
35 19 rgb255=255,255,255
36 19 rgb255=255,255,255
37 19 rgb255=255,255,255
38 19 rgb255=255,255,255
39 19 rgb255=255,255,255
40 19 rgb255=255,255,255
41 19 rgb255=23,24,20
42 19 rgb255=58,61,59
43 19 rgb255=56,56,52
44 19 rgb255=64,60,53
45 19 rgb255=94,90,83
46 19 rgb255=91,91,86
47 19 rgb255=90,92,88
48 19 rgb255=92,96,94
49 19 rgb255=94,98,95
50 19 rgb255=89,91,86
51 19 rgb255=99,96,90
52 19 rgb255=124,120,118
53 19 rgb255=123,119,120
54 19 rgb255=110,106,105
55 19 rgb255=92,89,83
56 19 rgb255=102,98,91
57 19 rgb255=100,95,87
58 19 rgb255=96,89,79
59 19 rgb255=98,88,73
60 19 rgb255=108,95,74
61 19 rgb255=100,80,52
62 19 rgb255=86,60,29
63 19 rgb255=97,71,54
64 19 rgb255=96,73,58
65 19 rgb255=89,71,56
66 19 rgb255=84,66,63
67 19 rgb255=90,71,66
68 19 rgb255=92,74,64
69 19 rgb255=101,82,67
70 19 rgb255=176,153,130
71 19 rgb255=184,157,127
72 19 rgb255=137,104,75
73 19 rgb255=255,255,255
74 19 rgb255=255,255,255
75 19 rgb255=255,255,255
76 19 rgb255=255,255,255
77 19 rgb255=255,255,255
78 19 rgb255=255,255,255
79 19 rgb255=255,255,255
80 19 rgb255=255,255,255
81 19 rgb255=255,255,255
82 19 rgb255=215,215,215
83 19 rgb255=207,207,207
84 19 rgb255=218,218,218
85 19 rgb255=225,225,225
86 19 rgb255=214,214,214
87 19 rgb255=200,200,200
88 19 rgb255=191,191,191
89 19 rgb255=184,184,184
90 19 rgb255=150,150,150
91 19 rgb255=151,151,151
92 19 rgb255=148,148,148
93 19 rgb255=149,149,149
94 19 rgb255=158,158,158
95 19 rgb255=158,158,158
96 19 rgb255=171,171,171
97 19 rgb255=170,170,170
98 19 rgb255=151,151,151
99 19 rgb255=131,131,131
100 19 rgb255=102,102,102
101 19 rgb255=91,91,91
102 19 rgb255=105,105,105
103 19 rgb255=130,130,130
104 19 rgb255=126,126,126
105 19 rgb255=122,122,122
106 19 rgb255=111,111,111
107 19 rgb255=113,113,113
108 19 rgb255=118,118,118
109 19 rgb255=117,117,117
110 19 rgb255=121,121,121
111 19 rgb255=127,127,127
112 19 rgb255=136,136,136
113 19 rgb255=178,178,178
114 19 rgb255=255,255,255
115 19 rgb255=255,255,255
116 19 rgb255=255,255,255
117 19 rgb255=255,255,255
118 19 rgb255=255,255,255
119 19 rgb255=255,255,255
120 19 rgb255=255,255,255
121 19 rgb255=255,255,255
122 19 rgb255=255,255,255
123 19 rgb255=176,169,124
124 19 rgb255=161,148,111
125 19 rgb255=107,88,68
126 19 rgb255=94,75,69
127 19 rgb255=83,68,60
128 19 rgb255=86,80,75
129 19 rgb255=142,144,142
130 19 rgb255=165,166,158
131 19 rgb255=149,153,139
132 19 rgb255=113,124,115
133 19 rgb255=112,129,127
134 19 rgb255=166,176,175
135 19 rgb255=221,224,223
136 19 rgb255=237,237,237
137 19 rgb255=225,225,223
138 19 rgb255=190,190,188
139 19 rgb255=132,135,135
140 19 rgb255=78,84,83
141 19 rgb255=57,59,61
142 19 rgb255=58,57,61
143 19 rgb255=53,52,57
144 19 rgb255=53,52,57
145 19 rgb255=51,52,56
146 19 rgb255=52,55,59
147 19 rgb255=55,58,60
148 19 rgb255=57,62,60
149 19 rgb255=52,56,55
150 19 rgb255=51,54,57
151 19 rgb255=79,89,95
152 19 rgb255=67,73,77
153 19 rgb255=55,57,58
154 19 rgb255=54,57,60
155 19 rgb255=255,255,255
156 19 rgb255=255,255,255
157 19 rgb255=255,255,255
158 19 rgb255=255,255,255
159 19 rgb255=255,255,255
160 19 rgb255=255,255,255
161 19 rgb255=255,255,255
162 19 rgb255=255,255,255
163 19 rgb255=255,255,255
164 19 rgb255=67,67,66
165 19 rgb255=65,64,62
166 19 rgb255=70,65,64
167 19 rgb255=70,65,62
168 19 rgb255=73,66,58
169 19 rgb255=72,63,55
170 19 rgb255=73,63,51
171 19 rgb255=92,69,41
172 19 rgb255=95,69,40
173 19 rgb255=73,56,38
174 19 rgb255=35,32,26
175 19 rgb255=26,26,24
176 19 rgb255=20,21,19
177 19 rgb255=15,15,16
178 19 rgb255=25,22,18
179 19 rgb255=45,37,24
180 19 rgb255=55,43,23
181 19 rgb255=52,37,22
182 19 rgb255=57,41,26
183 19 rgb255=41,37,26
184 19 rgb255=38,34,26
185 19 rgb255=41,39,30
186 19 rgb255=43,41,29
187 19 rgb255=60,55,37
188 19 rgb255=55,54,37
189 19 rgb255=51,50,34
190 19 rgb255=68,67,46
191 19 rgb255=72,77,52
192 19 rgb255=68,70,46
193 19 rgb255=62,63,45
194 19 rgb255=97,103,70
195 19 rgb255=89,92,61
0 18 rgb255=255,255,255
1 18 rgb255=255,255,255
2 18 rgb255=254,255,255
3 18 rgb255=255,255,255
4 18 rgb255=210,206,200
5 18 rgb255=114,97,83
6 18 rgb255=104,82,63
7 18 rgb255=92,75,59
8 18 rgb255=90,74,62
9 18 rgb255=97,81,69
10 18 rgb255=105,92,75
11 18 rgb255=117,97,85
12 18 rgb255=120,100,89
13 18 rgb255=126,114,96
14 18 rgb255=133,119,101
15 18 rgb255=122,110,90
16 18 rgb255=118,106,83
17 18 rgb255=125,119,97
18 18 rgb255=115,103,87
19 18 rgb255=109,105,84
20 18 rgb255=91,76,67
21 18 rgb255=89,69,57
22 18 rgb255=105,99,77
23 18 rgb255=115,94,70
24 18 rgb255=127,110,87
25 18 rgb255=168,160,145
26 18 rgb255=136,121,111
27 18 rgb255=221,218,211
28 18 rgb255=255,255,255
29 18 rgb255=254,253,253
30 18 rgb255=253,253,253
31 18 rgb255=255,255,255
32 18 rgb255=255,255,255
33 18 rgb255=255,255,255
34 18 rgb255=255,255,255
35 18 rgb255=255,255,255
36 18 rgb255=255,255,255
37 18 rgb255=255,255,255
38 18 rgb255=255,255,255
39 18 rgb255=255,255,255
40 18 rgb255=255,255,255
41 18 rgb255=29,23,16
42 18 rgb255=60,58,54
43 18 rgb255=50,48,44
44 18 rgb255=82,77,71
45 18 rgb255=95,92,86
46 18 rgb255=97,95,90
47 18 rgb255=104,104,100
48 18 rgb255=120,121,118
49 18 rgb255=94,97,97
50 18 rgb255=49,51,49
51 18 rgb255=84,81,76
52 18 rgb255=113,109,107
53 18 rgb255=107,103,104
54 18 rgb255=102,98,97
55 18 rgb255=96,93,87
56 18 rgb255=108,106,99
57 18 rgb255=116,111,101
58 18 rgb255=88,78,64
59 18 rgb255=85,70,49
60 18 rgb255=88,68,42
61 18 rgb255=94,70,39
62 18 rgb255=110,81,54
63 18 rgb255=113,84,71
64 18 rgb255=103,76,65
65 18 rgb255=97,74,58
66 18 rgb255=95,73,64
67 18 rgb255=107,78,68
68 18 rgb255=111,80,65
69 18 rgb255=114,83,64
70 18 rgb255=130,96,75
71 18 rgb255=120,85,60
72 18 rgb255=114,77,54
73 18 rgb255=255,255,255
74 18 rgb255=255,255,255
75 18 rgb255=255,255,255
76 18 rgb255=255,255,255
77 18 rgb255=255,255,255
78 18 rgb255=255,255,255
79 18 rgb255=255,255,255
80 18 rgb255=255,255,255
81 18 rgb255=255,255,255
82 18 rgb255=209,209,209
83 18 rgb255=197,197,197
84 18 rgb255=193,193,193
85 18 rgb255=215,215,215
86 18 rgb255=214,214,214
87 18 rgb255=198,198,198
88 18 rgb255=186,186,186
89 18 rgb255=167,167,167
90 18 rgb255=149,149,149
91 18 rgb255=169,169,169
92 18 rgb255=156,156,156
93 18 rgb255=143,143,143
94 18 rgb255=134,134,134
95 18 rgb255=134,134,134
96 18 rgb255=141,141,141
97 18 rgb255=133,133,133
98 18 rgb255=125,125,125
99 18 rgb255=131,131,131
100 18 rgb255=109,109,109
101 18 rgb255=95,95,95
102 18 rgb255=88,88,88
103 18 rgb255=92,92,92
104 18 rgb255=95,95,95
105 18 rgb255=109,109,109
106 18 rgb255=97,97,97
107 18 rgb255=94,94,94
108 18 rgb255=102,102,102
109 18 rgb255=113,113,113
110 18 rgb255=133,133,133
111 18 rgb255=140,140,140
112 18 rgb255=142,142,142
113 18 rgb255=172,172,172
114 18 rgb255=255,255,255
115 18 rgb255=255,255,255
116 18 rgb255=255,255,255
117 18 rgb255=255,255,255
118 18 rgb255=255,255,255
119 18 rgb255=255,255,255
120 18 rgb255=255,255,255
121 18 rgb255=255,255,255
122 18 rgb255=255,255,255
123 18 rgb255=138,130,89
124 18 rgb255=156,150,110
125 18 rgb255=117,106,78
126 18 rgb255=81,65,63
127 18 rgb255=97,74,64
128 18 rgb255=86,71,67
129 18 rgb255=109,116,119
130 18 rgb255=144,147,142
131 18 rgb255=166,158,142
132 18 rgb255=148,146,132
133 18 rgb255=118,131,125
134 18 rgb255=106,120,119
135 18 rgb255=154,164,164
136 18 rgb255=204,209,210
137 18 rgb255=226,229,228
138 18 rgb255=248,247,248
139 18 rgb255=232,232,232
140 18 rgb255=178,184,182
141 18 rgb255=131,133,133
142 18 rgb255=87,87,88
143 18 rgb255=59,59,61
144 18 rgb255=53,53,56
145 18 rgb255=53,53,56
146 18 rgb255=53,53,56
147 18 rgb255=54,55,56
148 18 rgb255=57,63,61
149 18 rgb255=57,61,59
150 18 rgb255=54,55,56
151 18 rgb255=72,83,86
152 18 rgb255=61,67,70
153 18 rgb255=54,56,59
154 18 rgb255=52,52,56
155 18 rgb255=255,255,255
156 18 rgb255=255,255,255
157 18 rgb255=255,255,255
158 18 rgb255=255,255,255
159 18 rgb255=255,255,255
160 18 rgb255=255,255,255
161 18 rgb255=255,255,255
162 18 rgb255=255,255,255
163 18 rgb255=255,255,255
164 18 rgb255=33,35,31
165 18 rgb255=32,35,31
166 18 rgb255=32,35,32
167 18 rgb255=34,36,33
168 18 rgb255=35,36,33
169 18 rgb255=33,32,29
170 18 rgb255=29,28,27
171 18 rgb255=15,16,17
172 18 rgb255=48,38,24
173 18 rgb255=48,36,25
174 18 rgb255=14,14,13
175 18 rgb255=14,15,14
176 18 rgb255=13,15,14
177 18 rgb255=11,13,13
178 18 rgb255=27,23,18
179 18 rgb255=58,43,23
180 18 rgb255=70,46,19
181 18 rgb255=52,33,23
182 18 rgb255=48,30,25
183 18 rgb255=32,27,23
184 18 rgb255=37,30,25
185 18 rgb255=38,36,30
186 18 rgb255=44,40,29
187 18 rgb255=49,47,33
188 18 rgb255=49,48,35
189 18 rgb255=47,46,32
190 18 rgb255=59,58,40
191 18 rgb255=66,67,45
192 18 rgb255=56,51,32
193 18 rgb255=59,60,43
194 18 rgb255=98,108,73
195 18 rgb255=93,94,62
0 17 rgb255=255,255,255
1 17 rgb255=254,254,254
2 17 rgb255=253,254,254
3 17 rgb255=255,255,255
4 17 rgb255=186,179,172
5 17 rgb255=108,88,74
6 17 rgb255=102,80,63
7 17 rgb255=93,77,60
8 17 rgb255=92,77,62
9 17 rgb255=99,85,70
10 17 rgb255=105,92,72
11 17 rgb255=122,102,85
12 17 rgb255=132,113,97
13 17 rgb255=137,125,104
14 17 rgb255=131,117,94
15 17 rgb255=108,101,72
16 17 rgb255=123,117,84
17 17 rgb255=138,138,104
18 17 rgb255=118,111,84
19 17 rgb255=108,106,80
20 17 rgb255=98,87,73
21 17 rgb255=95,83,71
22 17 rgb255=92,88,68
23 17 rgb255=90,71,54
24 17 rgb255=127,111,92
25 17 rgb255=120,104,85
26 17 rgb255=102,83,67
27 17 rgb255=199,191,180
28 17 rgb255=253,253,249
29 17 rgb255=240,238,236
30 17 rgb255=244,243,241
31 17 rgb255=255,255,255
32 17 rgb255=255,255,255
33 17 rgb255=255,255,255
34 17 rgb255=255,255,255
35 17 rgb255=255,255,255
36 17 rgb255=255,255,255
37 17 rgb255=255,255,255
38 17 rgb255=255,255,255
39 17 rgb255=255,255,255
40 17 rgb255=255,255,255
41 17 rgb255=50,37,25
42 17 rgb255=55,49,42
43 17 rgb255=52,49,44
44 17 rgb255=98,95,90
45 17 rgb255=99,95,90
46 17 rgb255=82,79,75
47 17 rgb255=56,53,50
48 17 rgb255=82,80,79
49 17 rgb255=54,55,56
50 17 rgb255=77,79,80
51 17 rgb255=82,79,74
52 17 rgb255=100,96,94
53 17 rgb255=103,99,100
54 17 rgb255=102,97,96
55 17 rgb255=101,97,92
56 17 rgb255=98,97,90
57 17 rgb255=116,112,102
58 17 rgb255=71,59,42
59 17 rgb255=92,72,46
60 17 rgb255=96,71,39
61 17 rgb255=109,81,46
62 17 rgb255=115,82,58
63 17 rgb255=107,74,66
64 17 rgb255=97,67,57
65 17 rgb255=95,68,49
66 17 rgb255=98,70,56
67 17 rgb255=113,75,58
68 17 rgb255=118,75,55
69 17 rgb255=118,74,54
70 17 rgb255=111,67,47
71 17 rgb255=113,71,52
72 17 rgb255=117,74,56
73 17 rgb255=255,255,255
74 17 rgb255=255,255,255
75 17 rgb255=255,255,255
76 17 rgb255=255,255,255
77 17 rgb255=255,255,255
78 17 rgb255=255,255,255
79 17 rgb255=255,255,255
80 17 rgb255=255,255,255
81 17 rgb255=255,255,255
82 17 rgb255=170,170,170
83 17 rgb255=156,156,156
84 17 rgb255=162,162,162
85 17 rgb255=195,195,195
86 17 rgb255=200,200,200
87 17 rgb255=191,191,191
88 17 rgb255=181,181,181
89 17 rgb255=146,146,146
90 17 rgb255=132,132,132
91 17 rgb255=139,139,139
92 17 rgb255=142,142,142
93 17 rgb255=153,153,153
94 17 rgb255=147,147,147
95 17 rgb255=145,145,145
96 17 rgb255=126,126,126
97 17 rgb255=106,106,106
98 17 rgb255=106,106,106
99 17 rgb255=119,119,119
100 17 rgb255=115,115,115
101 17 rgb255=107,107,107
102 17 rgb255=86,86,86
103 17 rgb255=70,70,70
104 17 rgb255=79,79,79
105 17 rgb255=90,90,90
106 17 rgb255=96,96,96
107 17 rgb255=97,97,97
108 17 rgb255=94,94,94
109 17 rgb255=104,104,104
110 17 rgb255=117,117,117
111 17 rgb255=111,111,111
112 17 rgb255=109,109,109
113 17 rgb255=148,148,148
114 17 rgb255=255,255,255
115 17 rgb255=255,255,255
116 17 rgb255=255,255,255
117 17 rgb255=255,255,255
118 17 rgb255=255,255,255
119 17 rgb255=255,255,255
120 17 rgb255=255,255,255
121 17 rgb255=255,255,255
122 17 rgb255=255,255,255
123 17 rgb255=101,97,66
124 17 rgb255=134,133,93
125 17 rgb255=157,152,112
126 17 rgb255=105,94,78
127 17 rgb255=95,74,63
128 17 rgb255=100,78,73
129 17 rgb255=116,117,112
130 17 rgb255=100,105,101
131 17 rgb255=130,126,116
132 17 rgb255=175,166,147
133 17 rgb255=152,148,137
134 17 rgb255=109,120,119
135 17 rgb255=134,147,147
136 17 rgb255=150,165,164
137 17 rgb255=164,179,177
138 17 rgb255=227,229,231
139 17 rgb255=251,250,251
140 17 rgb255=247,246,246
141 17 rgb255=230,230,230
142 17 rgb255=190,190,191
143 17 rgb255=122,124,123
144 17 rgb255=70,74,73
145 17 rgb255=61,63,62
146 17 rgb255=58,58,58
147 17 rgb255=54,54,54
148 17 rgb255=59,65,63
149 17 rgb255=60,63,61
150 17 rgb255=55,56,57
151 17 rgb255=62,74,76
152 17 rgb255=55,61,64
153 17 rgb255=52,55,58
154 17 rgb255=52,52,56
155 17 rgb255=255,255,255
156 17 rgb255=255,255,255
157 17 rgb255=255,255,255
158 17 rgb255=255,255,255
159 17 rgb255=255,255,255
160 17 rgb255=255,255,255
161 17 rgb255=255,255,255
162 17 rgb255=255,255,255
163 17 rgb255=255,255,255
164 17 rgb255=29,32,29
165 17 rgb255=30,32,29
166 17 rgb255=29,31,28
167 17 rgb255=30,32,29
168 17 rgb255=30,31,28
169 17 rgb255=27,27,25
170 17 rgb255=23,22,22
171 17 rgb255=7,9,11
172 17 rgb255=45,33,21
173 17 rgb255=44,32,21
174 17 rgb255=9,9,9
175 17 rgb255=15,14,12
176 17 rgb255=15,15,14
177 17 rgb255=25,21,13
178 17 rgb255=76,53,15
179 17 rgb255=92,67,28
180 17 rgb255=94,69,29
181 17 rgb255=83,63,29
182 17 rgb255=80,60,29
183 17 rgb255=72,56,27
184 17 rgb255=75,58,29
185 17 rgb255=72,56,30
186 17 rgb255=79,57,28
187 17 rgb255=85,63,30
188 17 rgb255=87,66,32
189 17 rgb255=85,63,32
190 17 rgb255=97,70,32
191 17 rgb255=110,77,28
192 17 rgb255=96,66,26
193 17 rgb255=92,69,30
194 17 rgb255=126,93,37
195 17 rgb255=123,86,35
0 16 rgb255=255,255,255
1 16 rgb255=253,253,253
2 16 rgb255=253,254,253
3 16 rgb255=239,237,233
4 16 rgb255=149,137,128
5 16 rgb255=112,92,79
6 16 rgb255=97,78,63
7 16 rgb255=91,75,57
8 16 rgb255=95,83,60
9 16 rgb255=103,94,69
10 16 rgb255=113,106,78
11 16 rgb255=135,122,97
12 16 rgb255=144,132,107
13 16 rgb255=142,137,107
14 16 rgb255=134,126,95
15 16 rgb255=104,104,66
16 16 rgb255=133,133,90
17 16 rgb255=144,149,103
18 16 rgb255=126,127,85
19 16 rgb255=108,112,74
20 16 rgb255=92,88,60
21 16 rgb255=94,91,71
22 16 rgb255=104,100,80
23 16 rgb255=92,75,66
24 16 rgb255=104,92,80
25 16 rgb255=104,88,67
26 16 rgb255=102,86,65
27 16 rgb255=148,134,120
28 16 rgb255=213,210,202
29 16 rgb255=202,197,192
30 16 rgb255=233,231,228
31 16 rgb255=255,255,255
32 16 rgb255=255,255,255
33 16 rgb255=255,255,255
34 16 rgb255=255,255,255
35 16 rgb255=255,255,255
36 16 rgb255=255,255,255
37 16 rgb255=255,255,255
38 16 rgb255=255,255,255
39 16 rgb255=255,255,255
40 16 rgb255=255,255,255
41 16 rgb255=72,55,40
42 16 rgb255=46,38,29
43 16 rgb255=67,62,54
44 16 rgb255=104,97,87
45 16 rgb255=96,86,75
46 16 rgb255=89,78,66
47 16 rgb255=84,72,60
48 16 rgb255=104,94,86
49 16 rgb255=99,95,93
50 16 rgb255=89,89,90
51 16 rgb255=82,81,76
52 16 rgb255=90,88,86
53 16 rgb255=100,97,98
54 16 rgb255=106,103,101
55 16 rgb255=96,93,87
56 16 rgb255=82,81,76
57 16 rgb255=116,110,99
58 16 rgb255=94,80,59
59 16 rgb255=104,84,57
60 16 rgb255=123,94,65
61 16 rgb255=125,92,62
62 16 rgb255=113,82,62
63 16 rgb255=106,76,66
64 16 rgb255=100,72,60
65 16 rgb255=100,75,56
66 16 rgb255=104,79,63
67 16 rgb255=118,81,65
68 16 rgb255=122,79,63
69 16 rgb255=121,78,63
70 16 rgb255=119,77,63
71 16 rgb255=121,78,66
72 16 rgb255=120,78,63
73 16 rgb255=255,255,255
74 16 rgb255=255,255,255
75 16 rgb255=255,255,255
76 16 rgb255=255,255,255
77 16 rgb255=255,255,255
78 16 rgb255=255,255,255
79 16 rgb255=255,255,255
80 16 rgb255=255,255,255
81 16 rgb255=255,255,255
82 16 rgb255=165,165,165
83 16 rgb255=164,164,164
84 16 rgb255=136,136,136
85 16 rgb255=147,147,147
86 16 rgb255=158,158,158
87 16 rgb255=167,167,167
88 16 rgb255=174,174,174
89 16 rgb255=134,134,134
90 16 rgb255=122,122,122
91 16 rgb255=113,113,113
92 16 rgb255=102,102,102
93 16 rgb255=121,121,121
94 16 rgb255=117,117,117
95 16 rgb255=128,128,128
96 16 rgb255=120,120,120
97 16 rgb255=97,97,97
98 16 rgb255=93,93,93
99 16 rgb255=96,96,96
100 16 rgb255=98,98,98
101 16 rgb255=103,103,103
102 16 rgb255=96,96,96
103 16 rgb255=82,82,82
104 16 rgb255=81,81,81
105 16 rgb255=77,77,77
106 16 rgb255=84,84,84
107 16 rgb255=83,83,83
108 16 rgb255=84,84,84
109 16 rgb255=93,93,93
110 16 rgb255=97,97,97
111 16 rgb255=103,103,103
112 16 rgb255=100,100,100
113 16 rgb255=134,134,134
114 16 rgb255=255,255,255
115 16 rgb255=255,255,255
116 16 rgb255=255,255,255
117 16 rgb255=255,255,255
118 16 rgb255=255,255,255
119 16 rgb255=255,255,255
120 16 rgb255=255,255,255
121 16 rgb255=255,255,255
122 16 rgb255=255,255,255
123 16 rgb255=99,104,72
124 16 rgb255=103,106,66
125 16 rgb255=180,180,138
126 16 rgb255=186,180,146
127 16 rgb255=132,112,87
128 16 rgb255=100,78,68
129 16 rgb255=134,130,116
130 16 rgb255=120,114,98
131 16 rgb255=75,74,67
132 16 rgb255=141,140,126
133 16 rgb255=190,177,164
134 16 rgb255=136,133,124
135 16 rgb255=137,149,148
136 16 rgb255=126,147,145
137 16 rgb255=98,116,117
138 16 rgb255=146,158,160
139 16 rgb255=209,219,217
140 16 rgb255=245,248,247
141 16 rgb255=249,248,248
142 16 rgb255=249,249,249
143 16 rgb255=230,235,232
144 16 rgb255=168,176,170
145 16 rgb255=99,103,98
146 16 rgb255=67,68,64
147 16 rgb255=57,58,56
148 16 rgb255=57,63,61
149 16 rgb255=57,60,58
150 16 rgb255=54,55,56
151 16 rgb255=64,75,78
152 16 rgb255=53,58,61
153 16 rgb255=49,52,55
154 16 rgb255=52,51,56
155 16 rgb255=255,255,255
156 16 rgb255=255,255,255
157 16 rgb255=255,255,255
158 16 rgb255=255,255,255
159 16 rgb255=255,255,255
160 16 rgb255=255,255,255
161 16 rgb255=255,255,255
162 16 rgb255=255,255,255
163 16 rgb255=255,255,255
164 16 rgb255=29,31,28
165 16 rgb255=28,30,27
166 16 rgb255=28,30,27
167 16 rgb255=27,30,26
168 16 rgb255=27,29,26
169 16 rgb255=25,26,24
170 16 rgb255=22,21,21
171 16 rgb255=7,9,12
172 16 rgb255=43,31,20
173 16 rgb255=38,28,18
174 16 rgb255=7,8,8
175 16 rgb255=15,13,13
176 16 rgb255=19,18,16
177 16 rgb255=11,12,10
178 16 rgb255=73,55,22
179 16 rgb255=193,140,49
180 16 rgb255=226,166,65
181 16 rgb255=222,163,59
182 16 rgb255=221,160,53
183 16 rgb255=222,154,49
184 16 rgb255=196,136,48
185 16 rgb255=195,142,48
186 16 rgb255=219,154,44
187 16 rgb255=215,153,50
188 16 rgb255=224,161,48
189 16 rgb255=217,152,46
190 16 rgb255=203,142,44
191 16 rgb255=200,141,45
192 16 rgb255=208,135,42
193 16 rgb255=212,135,39
194 16 rgb255=216,135,37
195 16 rgb255=213,134,36
0 15 rgb255=255,255,255
1 15 rgb255=255,255,255
2 15 rgb255=240,239,237
3 15 rgb255=164,157,149
4 15 rgb255=111,96,84
5 15 rgb255=101,81,72
6 15 rgb255=92,75,65
7 15 rgb255=91,76,56
8 15 rgb255=115,104,73
9 15 rgb255=130,124,87
10 15 rgb255=130,130,91
11 15 rgb255=136,134,97
12 15 rgb255=138,135,100
13 15 rgb255=130,135,94
14 15 rgb255=114,115,76
15 15 rgb255=99,109,63
16 15 rgb255=140,147,95
17 15 rgb255=145,154,101
18 15 rgb255=118,127,80
19 15 rgb255=92,101,59
20 15 rgb255=84,89,53
21 15 rgb255=95,100,68
22 15 rgb255=114,109,78
23 15 rgb255=118,103,91
24 15 rgb255=107,103,87
25 15 rgb255=91,81,59
26 15 rgb255=111,101,79
27 15 rgb255=117,99,84
28 15 rgb255=170,161,152
29 15 rgb255=170,163,157
30 15 rgb255=218,214,211
31 15 rgb255=248,248,248
32 15 rgb255=255,255,255
33 15 rgb255=255,255,255
34 15 rgb255=255,255,255
35 15 rgb255=255,255,255
36 15 rgb255=255,255,255
37 15 rgb255=255,255,255
38 15 rgb255=255,255,255
39 15 rgb255=255,255,255
40 15 rgb255=255,255,255
41 15 rgb255=74,56,40
42 15 rgb255=46,38,29
43 15 rgb255=87,80,68
44 15 rgb255=120,105,85
45 15 rgb255=123,103,74
46 15 rgb255=143,120,88
47 15 rgb255=143,115,82
48 15 rgb255=130,106,79
49 15 rgb255=115,103,89
50 15 rgb255=88,87,81
51 15 rgb255=88,89,84
52 15 rgb255=84,84,82
53 15 rgb255=97,96,96
54 15 rgb255=107,105,103
55 15 rgb255=95,93,86
56 15 rgb255=91,90,87
57 15 rgb255=128,118,104
58 15 rgb255=131,114,86
59 15 rgb255=135,117,91
60 15 rgb255=145,115,95
61 15 rgb255=128,90,71
62 15 rgb255=114,87,69
63 15 rgb255=110,85,68
64 15 rgb255=108,85,68
65 15 rgb255=106,84,69
66 15 rgb255=109,87,73
67 15 rgb255=115,85,74
68 15 rgb255=112,82,73
69 15 rgb255=114,84,79
70 15 rgb255=114,83,78
71 15 rgb255=121,86,79
72 15 rgb255=124,91,77
73 15 rgb255=255,255,255
74 15 rgb255=255,255,255
75 15 rgb255=255,255,255
76 15 rgb255=255,255,255
77 15 rgb255=255,255,255
78 15 rgb255=255,255,255
79 15 rgb255=255,255,255
80 15 rgb255=255,255,255
81 15 rgb255=255,255,255
82 15 rgb255=177,177,177
83 15 rgb255=172,172,172
84 15 rgb255=153,153,153
85 15 rgb255=149,149,149
86 15 rgb255=133,133,133
87 15 rgb255=140,140,140
88 15 rgb255=167,167,167
89 15 rgb255=151,151,151
90 15 rgb255=130,130,130
91 15 rgb255=129,129,129
92 15 rgb255=120,120,120
93 15 rgb255=99,99,99
94 15 rgb255=84,84,84
95 15 rgb255=95,95,95
96 15 rgb255=116,116,116
97 15 rgb255=108,108,108
98 15 rgb255=99,99,99
99 15 rgb255=90,90,90
100 15 rgb255=83,83,83
101 15 rgb255=96,96,96
102 15 rgb255=94,94,94
103 15 rgb255=80,80,80
104 15 rgb255=81,81,81
105 15 rgb255=82,82,82
106 15 rgb255=84,84,84
107 15 rgb255=74,74,74
108 15 rgb255=82,82,82
109 15 rgb255=89,89,89
110 15 rgb255=90,90,90
111 15 rgb255=99,99,99
112 15 rgb255=104,104,104
113 15 rgb255=131,131,131
114 15 rgb255=255,255,255
115 15 rgb255=255,255,255
116 15 rgb255=255,255,255
117 15 rgb255=255,255,255
118 15 rgb255=255,255,255
119 15 rgb255=255,255,255
120 15 rgb255=255,255,255
121 15 rgb255=255,255,255
122 15 rgb255=255,255,255
123 15 rgb255=101,111,77
124 15 rgb255=96,101,69
125 15 rgb255=135,134,88
126 15 rgb255=209,204,161
127 15 rgb255=215,198,161
128 15 rgb255=152,132,104
129 15 rgb255=127,128,116
130 15 rgb255=151,137,111
131 15 rgb255=104,87,69
132 15 rgb255=79,78,72
133 15 rgb255=164,158,144
134 15 rgb255=185,171,157
135 15 rgb255=156,153,147
136 15 rgb255=132,146,141
137 15 rgb255=102,117,117
138 15 rgb255=102,117,116
139 15 rgb255=125,142,143
140 15 rgb255=186,198,201
141 15 rgb255=240,242,243
142 15 rgb255=249,251,247
143 15 rgb255=250,253,250
144 15 rgb255=250,252,249
145 15 rgb255=210,213,211
146 15 rgb255=130,133,131
147 15 rgb255=83,85,83
148 15 rgb255=66,67,66
149 15 rgb255=55,57,57
150 15 rgb255=53,56,58
151 15 rgb255=56,61,64
152 15 rgb255=52,53,57
153 15 rgb255=49,50,55
154 15 rgb255=50,51,55
155 15 rgb255=255,255,255
156 15 rgb255=255,255,255
157 15 rgb255=255,255,255
158 15 rgb255=255,255,255
159 15 rgb255=255,255,255
160 15 rgb255=255,255,255
161 15 rgb255=255,255,255
162 15 rgb255=255,255,255
163 15 rgb255=255,255,255
164 15 rgb255=36,38,35
165 15 rgb255=35,37,34
166 15 rgb255=36,37,35
167 15 rgb255=36,37,35
168 15 rgb255=37,38,36
169 15 rgb255=36,36,34
170 15 rgb255=33,31,31
171 15 rgb255=18,19,22
172 15 rgb255=51,39,28
173 15 rgb255=38,29,21
174 15 rgb255=6,8,9
175 15 rgb255=14,14,14
176 15 rgb255=24,20,18
177 15 rgb255=15,11,13
178 15 rgb255=53,31,17
179 15 rgb255=211,62,12
180 15 rgb255=255,65,8
181 15 rgb255=251,70,9
182 15 rgb255=249,65,8
183 15 rgb255=247,80,16
184 15 rgb255=205,76,19
185 15 rgb255=179,95,28
186 15 rgb255=212,116,35
187 15 rgb255=211,117,36
188 15 rgb255=214,121,38
189 15 rgb255=190,102,30
190 15 rgb255=168,89,26
191 15 rgb255=183,104,40
192 15 rgb255=174,67,21
193 15 rgb255=171,56,10
194 15 rgb255=172,65,15
195 15 rgb255=180,69,14
0 14 rgb255=255,255,255
1 14 rgb255=237,236,235
2 14 rgb255=172,166,163
3 14 rgb255=115,103,93
4 14 rgb255=108,92,78
5 14 rgb255=106,90,76
6 14 rgb255=91,79,63
7 14 rgb255=93,85,57
8 14 rgb255=131,128,86
9 14 rgb255=139,141,95
10 14 rgb255=96,102,60
11 14 rgb255=94,99,59
12 14 rgb255=93,98,56
13 14 rgb255=84,94,49
14 14 rgb255=77,84,41
15 14 rgb255=97,109,63
16 14 rgb255=148,158,104
17 14 rgb255=136,146,92
18 14 rgb255=97,107,64
19 14 rgb255=73,82,48
20 14 rgb255=72,79,49
21 14 rgb255=81,88,54
22 14 rgb255=98,96,59
23 14 rgb255=104,98,75
24 14 rgb255=104,106,81
25 14 rgb255=95,91,67
26 14 rgb255=101,96,73
27 14 rgb255=110,96,75
28 14 rgb255=147,138,120
29 14 rgb255=146,138,127
30 14 rgb255=162,157,150
31 14 rgb255=216,215,213
32 14 rgb255=255,255,255
33 14 rgb255=255,255,255
34 14 rgb255=255,255,255
35 14 rgb255=255,255,255
36 14 rgb255=255,255,255
37 14 rgb255=255,255,255
38 14 rgb255=255,255,255
39 14 rgb255=255,255,255
40 14 rgb255=255,255,255
41 14 rgb255=46,31,18
42 14 rgb255=58,52,42
43 14 rgb255=73,64,50
44 14 rgb255=119,101,77
45 14 rgb255=136,111,76
46 14 rgb255=130,101,61
47 14 rgb255=131,99,57
48 14 rgb255=120,94,56
49 14 rgb255=95,81,53
50 14 rgb255=80,76,58
51 14 rgb255=74,75,68
52 14 rgb255=79,79,76
53 14 rgb255=92,91,91
54 14 rgb255=98,97,94
55 14 rgb255=88,86,79
56 14 rgb255=88,87,82
57 14 rgb255=133,121,105
58 14 rgb255=157,138,109
59 14 rgb255=173,153,128
60 14 rgb255=144,114,94
61 14 rgb255=132,91,71
62 14 rgb255=127,91,68
63 14 rgb255=122,89,66
64 14 rgb255=120,89,67
65 14 rgb255=116,85,65
66 14 rgb255=115,84,65
67 14 rgb255=115,79,64
68 14 rgb255=108,72,61
69 14 rgb255=106,75,65
70 14 rgb255=113,83,72
71 14 rgb255=122,88,75
72 14 rgb255=119,90,71
73 14 rgb255=255,255,255
74 14 rgb255=255,255,255
75 14 rgb255=255,255,255
76 14 rgb255=255,255,255
77 14 rgb255=255,255,255
78 14 rgb255=255,255,255
79 14 rgb255=255,255,255
80 14 rgb255=255,255,255
81 14 rgb255=255,255,255
82 14 rgb255=148,148,148
83 14 rgb255=143,143,143
84 14 rgb255=144,144,144
85 14 rgb255=153,153,153
86 14 rgb255=152,152,152
87 14 rgb255=145,145,145
88 14 rgb255=153,153,153
89 14 rgb255=150,150,150
90 14 rgb255=131,131,131
91 14 rgb255=112,112,112
92 14 rgb255=99,99,99
93 14 rgb255=99,99,99
94 14 rgb255=91,91,91
95 14 rgb255=89,89,89
96 14 rgb255=107,107,107
97 14 rgb255=120,120,120
98 14 rgb255=111,111,111
99 14 rgb255=102,102,102
100 14 rgb255=96,96,96
101 14 rgb255=88,88,88
102 14 rgb255=99,99,99
103 14 rgb255=93,93,93
104 14 rgb255=91,91,91
105 14 rgb255=101,101,101
106 14 rgb255=95,95,95
107 14 rgb255=96,96,96
108 14 rgb255=94,94,94
109 14 rgb255=91,91,91
110 14 rgb255=94,94,94
111 14 rgb255=113,113,113
112 14 rgb255=138,138,138
113 14 rgb255=141,141,141
114 14 rgb255=255,255,255
115 14 rgb255=255,255,255
116 14 rgb255=255,255,255
117 14 rgb255=255,255,255
118 14 rgb255=255,255,255
119 14 rgb255=255,255,255
120 14 rgb255=255,255,255
121 14 rgb255=255,255,255
122 14 rgb255=255,255,255
123 14 rgb255=85,92,66
124 14 rgb255=81,84,68
125 14 rgb255=104,102,63
126 14 rgb255=169,162,113
127 14 rgb255=239,234,202
128 14 rgb255=224,217,191
129 14 rgb255=150,154,144
130 14 rgb255=125,111,92
131 14 rgb255=135,108,79
132 14 rgb255=103,86,69
133 14 rgb255=87,83,75
134 14 rgb255=159,154,141
135 14 rgb255=182,175,162
136 14 rgb255=148,147,137
137 14 rgb255=125,136,131
138 14 rgb255=104,120,118
139 14 rgb255=104,122,125
140 14 rgb255=112,127,132
141 14 rgb255=159,171,177
142 14 rgb255=220,228,230
143 14 rgb255=248,248,244
144 14 rgb255=236,238,239
145 14 rgb255=234,239,240
146 14 rgb255=227,231,230
147 14 rgb255=179,181,181
148 14 rgb255=122,122,122
149 14 rgb255=72,73,74
150 14 rgb255=54,58,61
151 14 rgb255=61,64,67
152 14 rgb255=53,52,56
153 14 rgb255=51,51,56
154 14 rgb255=51,52,56
155 14 rgb255=255,255,255
156 14 rgb255=255,255,255
157 14 rgb255=255,255,255
158 14 rgb255=255,255,255
159 14 rgb255=255,255,255
160 14 rgb255=255,255,255
161 14 rgb255=255,255,255
162 14 rgb255=255,255,255
163 14 rgb255=255,255,255
164 14 rgb255=67,64,63
165 14 rgb255=64,61,61
166 14 rgb255=62,60,59
167 14 rgb255=62,59,57
168 14 rgb255=63,60,58
169 14 rgb255=59,55,54
170 14 rgb255=56,50,48
171 14 rgb255=39,36,35
172 14 rgb255=55,42,29
173 14 rgb255=47,35,23
174 14 rgb255=25,21,15
175 14 rgb255=31,25,18
176 14 rgb255=55,42,27
177 14 rgb255=128,99,52
178 14 rgb255=153,102,43
179 14 rgb255=219,67,13
180 14 rgb255=250,66,11
181 14 rgb255=246,77,14
182 14 rgb255=246,70,11
183 14 rgb255=245,96,23
184 14 rgb255=197,83,23
185 14 rgb255=139,64,19
186 14 rgb255=178,78,15
187 14 rgb255=168,72,14
188 14 rgb255=125,60,15
189 14 rgb255=103,53,19
190 14 rgb255=130,69,25
191 14 rgb255=181,96,37
192 14 rgb255=166,55,16
193 14 rgb255=140,40,7
194 14 rgb255=104,43,16
195 14 rgb255=107,42,16
0 13 rgb255=255,255,255
1 13 rgb255=206,204,198
2 13 rgb255=110,98,90
3 13 rgb255=103,91,78
4 13 rgb255=98,88,69
5 13 rgb255=96,90,64
6 13 rgb255=89,87,56
7 13 rgb255=94,96,56
8 13 rgb255=129,136,85
9 13 rgb255=125,137,83
10 13 rgb255=81,90,50
11 13 rgb255=97,105,64
12 13 rgb255=99,108,61
13 13 rgb255=103,113,66
14 13 rgb255=97,106,62
15 13 rgb255=102,111,69
16 13 rgb255=144,155,101
17 13 rgb255=111,120,72
18 13 rgb255=70,76,43
19 13 rgb255=75,78,61
20 13 rgb255=96,99,85
21 13 rgb255=96,100,79
22 13 rgb255=96,98,74
23 13 rgb255=91,94,71
24 13 rgb255=82,86,63
25 13 rgb255=82,80,61
26 13 rgb255=91,88,68
27 13 rgb255=101,97,73
28 13 rgb255=117,113,88
29 13 rgb255=116,108,93
30 13 rgb255=140,135,125
31 13 rgb255=224,222,218
32 13 rgb255=255,255,255
33 13 rgb255=255,255,255
34 13 rgb255=255,255,255
35 13 rgb255=255,255,255
36 13 rgb255=255,255,255
37 13 rgb255=255,255,255
38 13 rgb255=255,255,255
39 13 rgb255=255,255,255
40 13 rgb255=255,255,255
41 13 rgb255=53,44,33
42 13 rgb255=70,67,58
43 13 rgb255=80,70,54
44 13 rgb255=126,103,76
45 13 rgb255=125,94,57
46 13 rgb255=112,78,34
47 13 rgb255=123,90,43
48 13 rgb255=116,88,44
49 13 rgb255=96,78,40
50 13 rgb255=74,66,39
51 13 rgb255=52,50,41
52 13 rgb255=69,68,64
53 13 rgb255=89,88,86
54 13 rgb255=90,89,85
55 13 rgb255=87,87,81
56 13 rgb255=89,87,80
57 13 rgb255=133,120,102
58 13 rgb255=162,140,112
59 13 rgb255=193,172,147
60 13 rgb255=141,112,92
61 13 rgb255=132,91,69
62 13 rgb255=129,88,63
63 13 rgb255=125,86,61
64 13 rgb255=122,85,62
65 13 rgb255=116,80,58
66 13 rgb255=111,75,55
67 13 rgb255=109,70,53
68 13 rgb255=99,63,49
69 13 rgb255=94,65,52
70 13 rgb255=105,79,65
71 13 rgb255=117,90,73
72 13 rgb255=136,115,91
73 13 rgb255=255,255,255
74 13 rgb255=255,255,255
75 13 rgb255=255,255,255
76 13 rgb255=255,255,255
77 13 rgb255=255,255,255
78 13 rgb255=255,255,255
79 13 rgb255=255,255,255
80 13 rgb255=255,255,255
81 13 rgb255=255,255,255
82 13 rgb255=147,147,147
83 13 rgb255=133,133,133
84 13 rgb255=119,119,119
85 13 rgb255=133,133,133
86 13 rgb255=153,153,153
87 13 rgb255=155,155,155
88 13 rgb255=157,157,157
89 13 rgb255=134,134,134
90 13 rgb255=122,122,122
91 13 rgb255=118,118,118
92 13 rgb255=96,96,96
93 13 rgb255=111,111,111
94 13 rgb255=121,121,121
95 13 rgb255=104,104,104
96 13 rgb255=92,92,92
97 13 rgb255=112,112,112
98 13 rgb255=105,105,105
99 13 rgb255=105,105,105
100 13 rgb255=101,101,101
101 13 rgb255=88,88,88
102 13 rgb255=109,109,109
103 13 rgb255=115,115,115
104 13 rgb255=102,102,102
105 13 rgb255=115,115,115
106 13 rgb255=98,98,98
107 13 rgb255=111,111,111
108 13 rgb255=112,112,112
109 13 rgb255=100,100,100
110 13 rgb255=110,110,110
111 13 rgb255=126,126,126
112 13 rgb255=150,150,150
113 13 rgb255=165,165,165
114 13 rgb255=255,255,255
115 13 rgb255=255,255,255
116 13 rgb255=255,255,255
117 13 rgb255=255,255,255
118 13 rgb255=255,255,255
119 13 rgb255=255,255,255
120 13 rgb255=255,255,255
121 13 rgb255=255,255,255
122 13 rgb255=255,255,255
123 13 rgb255=111,118,70
124 13 rgb255=102,107,71
125 13 rgb255=104,101,67
126 13 rgb255=126,118,68
127 13 rgb255=200,196,163
128 13 rgb255=242,244,231
129 13 rgb255=186,191,182
130 13 rgb255=127,114,96
131 13 rgb255=130,102,70
132 13 rgb255=136,110,80
133 13 rgb255=86,72,60
134 13 rgb255=80,79,74
135 13 rgb255=161,159,150
136 13 rgb255=181,177,164
137 13 rgb255=152,151,143
138 13 rgb255=117,126,125
139 13 rgb255=113,133,136
140 13 rgb255=90,105,109
141 13 rgb255=104,123,130
142 13 rgb255=137,155,172
143 13 rgb255=197,207,212
144 13 rgb255=225,229,232
145 13 rgb255=224,228,229
146 13 rgb255=240,243,242
147 13 rgb255=238,240,240
148 13 rgb255=219,219,219
149 13 rgb255=169,170,171
150 13 rgb255=102,106,109
151 13 rgb255=67,70,73
152 13 rgb255=53,53,58
153 13 rgb255=55,54,59
154 13 rgb255=58,59,63
155 13 rgb255=255,255,255
156 13 rgb255=255,255,255
157 13 rgb255=255,255,255
158 13 rgb255=255,255,255
159 13 rgb255=255,255,255
160 13 rgb255=255,255,255
161 13 rgb255=255,255,255
162 13 rgb255=255,255,255
163 13 rgb255=255,255,255
164 13 rgb255=48,44,39
165 13 rgb255=42,41,36
166 13 rgb255=40,39,34
167 13 rgb255=41,39,34
168 13 rgb255=41,39,33
169 13 rgb255=40,36,31
170 13 rgb255=35,32,27
171 13 rgb255=17,18,17
172 13 rgb255=46,36,25
173 13 rgb255=39,29,20
174 13 rgb255=17,14,11
175 13 rgb255=15,13,14
176 13 rgb255=56,43,24
177 13 rgb255=211,181,110
178 13 rgb255=217,176,106
179 13 rgb255=203,99,27
180 13 rgb255=227,100,27
181 13 rgb255=224,104,31
182 13 rgb255=216,100,30
183 13 rgb255=219,100,29
184 13 rgb255=179,87,29
185 13 rgb255=150,78,25
186 13 rgb255=182,88,21
187 13 rgb255=152,75,17
188 13 rgb255=128,68,18
189 13 rgb255=126,68,21
190 13 rgb255=137,75,23
191 13 rgb255=176,94,30
192 13 rgb255=173,76,27
193 13 rgb255=168,73,26
194 13 rgb255=143,74,28
195 13 rgb255=140,74,29
0 12 rgb255=252,255,247
1 12 rgb255=165,166,147
2 12 rgb255=99,92,71
3 12 rgb255=88,88,67
4 12 rgb255=102,104,81
5 12 rgb255=94,98,71
6 12 rgb255=81,85,56
7 12 rgb255=81,84,49
8 12 rgb255=119,128,79
9 12 rgb255=131,144,87
10 12 rgb255=98,108,61
11 12 rgb255=124,133,85
12 12 rgb255=141,151,98
13 12 rgb255=143,152,101
14 12 rgb255=123,131,89
15 12 rgb255=103,112,67
16 12 rgb255=130,141,86
17 12 rgb255=84,92,55
18 12 rgb255=89,91,79
19 12 rgb255=182,182,180
20 12 rgb255=232,233,231
21 12 rgb255=235,235,231
22 12 rgb255=224,225,220
23 12 rgb255=204,205,199
24 12 rgb255=194,195,189
25 12 rgb255=185,184,180
26 12 rgb255=161,159,153
27 12 rgb255=150,149,139
28 12 rgb255=160,158,146
29 12 rgb255=181,176,168
30 12 rgb255=230,228,222
31 12 rgb255=255,255,255
32 12 rgb255=255,255,255
33 12 rgb255=255,255,255
34 12 rgb255=255,255,255
35 12 rgb255=255,255,255
36 12 rgb255=255,255,255
37 12 rgb255=255,255,255
38 12 rgb255=255,255,255
39 12 rgb255=255,255,255
40 12 rgb255=255,255,255
41 12 rgb255=53,50,43
42 12 rgb255=69,68,61
43 12 rgb255=95,84,67
44 12 rgb255=125,99,68
45 12 rgb255=111,76,39
46 12 rgb255=102,65,25
47 12 rgb255=108,73,31
48 12 rgb255=111,81,40
49 12 rgb255=95,75,39
50 12 rgb255=78,66,38
51 12 rgb255=56,52,40
52 12 rgb255=60,55,50
53 12 rgb255=87,83,82
54 12 rgb255=88,86,83
55 12 rgb255=86,86,80
56 12 rgb255=83,80,72
57 12 rgb255=132,118,98
58 12 rgb255=157,135,109
59 12 rgb255=187,166,144
60 12 rgb255=131,102,83
61 12 rgb255=134,95,75
62 12 rgb255=128,93,73
63 12 rgb255=125,91,71
64 12 rgb255=123,90,72
65 12 rgb255=117,86,69
66 12 rgb255=113,82,67
67 12 rgb255=111,81,68
68 12 rgb255=106,81,71
69 12 rgb255=112,93,84
70 12 rgb255=99,86,76
71 12 rgb255=107,95,80
72 12 rgb255=136,128,109
73 12 rgb255=255,255,255
74 12 rgb255=255,255,255
75 12 rgb255=255,255,255
76 12 rgb255=255,255,255
77 12 rgb255=255,255,255
78 12 rgb255=255,255,255
79 12 rgb255=255,255,255
80 12 rgb255=255,255,255
81 12 rgb255=255,255,255
82 12 rgb255=149,149,149
83 12 rgb255=148,148,148
84 12 rgb255=129,129,129
85 12 rgb255=114,114,114
86 12 rgb255=116,116,116
87 12 rgb255=112,112,112
88 12 rgb255=130,130,130
89 12 rgb255=134,134,134
90 12 rgb255=122,122,122
91 12 rgb255=95,95,95
92 12 rgb255=87,87,87
93 12 rgb255=106,106,106
94 12 rgb255=133,133,133
95 12 rgb255=125,125,125
96 12 rgb255=104,104,104
97 12 rgb255=105,105,105
98 12 rgb255=84,84,84
99 12 rgb255=88,88,88
100 12 rgb255=76,76,76
101 12 rgb255=76,76,76
102 12 rgb255=97,97,97
103 12 rgb255=113,113,113
104 12 rgb255=105,105,105
105 12 rgb255=104,104,104
106 12 rgb255=114,114,114
107 12 rgb255=111,111,111
108 12 rgb255=109,109,109
109 12 rgb255=107,107,107
110 12 rgb255=118,118,118
111 12 rgb255=122,122,122
112 12 rgb255=142,142,142
113 12 rgb255=178,178,178
114 12 rgb255=255,255,255
115 12 rgb255=255,255,255
116 12 rgb255=255,255,255
117 12 rgb255=255,255,255
118 12 rgb255=255,255,255
119 12 rgb255=255,255,255
120 12 rgb255=255,255,255
121 12 rgb255=255,255,255
122 12 rgb255=255,255,255
123 12 rgb255=122,130,75
124 12 rgb255=120,125,74
125 12 rgb255=97,94,73
126 12 rgb255=100,93,66
127 12 rgb255=150,147,106
128 12 rgb255=215,216,197
129 12 rgb255=211,215,209
130 12 rgb255=179,169,152
131 12 rgb255=127,105,75
132 12 rgb255=118,99,68
133 12 rgb255=116,93,71
134 12 rgb255=92,78,71
135 12 rgb255=119,115,108
136 12 rgb255=160,164,151
137 12 rgb255=182,179,170
138 12 rgb255=145,140,139
139 12 rgb255=126,138,140
140 12 rgb255=95,111,113
141 12 rgb255=111,128,132
142 12 rgb255=95,119,137
143 12 rgb255=121,143,157
144 12 rgb255=172,185,193
145 12 rgb255=224,230,231
146 12 rgb255=245,248,248
147 12 rgb255=245,246,247
148 12 rgb255=231,232,233
149 12 rgb255=223,224,224
150 12 rgb255=198,200,200
151 12 rgb255=130,132,126
152 12 rgb255=79,73,59
153 12 rgb255=75,70,64
154 12 rgb255=63,64,67
155 12 rgb255=255,255,255
156 12 rgb255=255,255,255
157 12 rgb255=255,255,255
158 12 rgb255=255,255,255
159 12 rgb255=255,255,255
160 12 rgb255=255,255,255
161 12 rgb255=255,255,255
162 12 rgb255=255,255,255
163 12 rgb255=255,255,255
164 12 rgb255=62,51,42
165 12 rgb255=54,46,40
166 12 rgb255=49,44,37
167 12 rgb255=47,46,38
168 12 rgb255=52,50,41
169 12 rgb255=53,50,41
170 12 rgb255=55,52,45
171 12 rgb255=34,33,30
172 12 rgb255=59,46,31
173 12 rgb255=48,38,27
174 12 rgb255=28,25,21
175 12 rgb255=10,12,15
176 12 rgb255=51,40,23
177 12 rgb255=217,184,118
178 12 rgb255=214,187,110
179 12 rgb255=166,103,22
180 12 rgb255=178,97,19
181 12 rgb255=156,89,22
182 12 rgb255=126,77,24
183 12 rgb255=138,84,26
184 12 rgb255=110,69,26
185 12 rgb255=105,65,22
186 12 rgb255=164,91,18
187 12 rgb255=157,87,18
188 12 rgb255=152,86,16
189 12 rgb255=152,84,20
190 12 rgb255=149,83,18
191 12 rgb255=155,87,20
192 12 rgb255=159,91,28
193 12 rgb255=163,95,33
194 12 rgb255=165,98,34
195 12 rgb255=167,99,35
0 11 rgb255=231,233,221
1 11 rgb255=120,123,95
2 11 rgb255=105,104,76
3 11 rgb255=184,186,171
4 11 rgb255=222,224,211
5 11 rgb255=202,206,193
6 11 rgb255=167,169,155
7 11 rgb255=103,105,82
8 11 rgb255=99,106,68
9 11 rgb255=138,149,94
10 11 rgb255=104,114,64
11 11 rgb255=97,104,62
12 11 rgb255=107,115,72
13 11 rgb255=101,108,65
14 11 rgb255=84,91,58
15 11 rgb255=94,102,60
16 11 rgb255=122,133,79
17 11 rgb255=110,115,87
18 11 rgb255=206,206,204
19 11 rgb255=255,255,255
20 11 rgb255=255,255,255
21 11 rgb255=255,255,255
22 11 rgb255=255,255,255
23 11 rgb255=255,255,255
24 11 rgb255=255,255,255
25 11 rgb255=255,255,255
26 11 rgb255=252,252,252
27 11 rgb255=248,249,247
28 11 rgb255=249,250,247
29 11 rgb255=254,253,251
30 11 rgb255=255,255,255
31 11 rgb255=255,255,254
32 11 rgb255=255,255,255
33 11 rgb255=255,255,255
34 11 rgb255=255,255,255
35 11 rgb255=255,255,255
36 11 rgb255=255,255,255
37 11 rgb255=255,255,255
38 11 rgb255=255,255,255
39 11 rgb255=255,255,255
40 11 rgb255=255,255,255
41 11 rgb255=46,48,42
42 11 rgb255=69,70,63
43 11 rgb255=87,77,59
44 11 rgb255=113,86,53
45 11 rgb255=102,66,32
46 11 rgb255=83,46,16
47 11 rgb255=70,36,6
48 11 rgb255=70,41,13
49 11 rgb255=89,68,42
50 11 rgb255=89,75,54
51 11 rgb255=68,60,48
52 11 rgb255=52,46,39
53 11 rgb255=79,74,71
54 11 rgb255=88,86,82
55 11 rgb255=83,83,77
56 11 rgb255=72,70,60
57 11 rgb255=134,121,102
58 11 rgb255=158,138,114
59 11 rgb255=164,145,128
60 11 rgb255=123,98,82
61 11 rgb255=129,97,79
62 11 rgb255=118,94,82
63 11 rgb255=116,94,83
64 11 rgb255=116,95,85
65 11 rgb255=105,87,78
66 11 rgb255=103,85,77
67 11 rgb255=112,97,91
68 11 rgb255=119,110,106
69 11 rgb255=113,111,107
70 11 rgb255=92,95,89
71 11 rgb255=101,104,95
72 11 rgb255=116,120,110
73 11 rgb255=255,255,255
74 11 rgb255=255,255,255
75 11 rgb255=255,255,255
76 11 rgb255=255,255,255
77 11 rgb255=255,255,255
78 11 rgb255=255,255,255
79 11 rgb255=255,255,255
80 11 rgb255=255,255,255
81 11 rgb255=255,255,255
82 11 rgb255=157,157,157
83 11 rgb255=189,189,189
84 11 rgb255=153,153,153
85 11 rgb255=145,145,145
86 11 rgb255=134,134,134
87 11 rgb255=100,100,100
88 11 rgb255=98,98,98
89 11 rgb255=121,121,121
90 11 rgb255=129,129,129
91 11 rgb255=89,89,89
92 11 rgb255=79,79,79
93 11 rgb255=87,87,87
94 11 rgb255=123,123,123
95 11 rgb255=119,119,119
96 11 rgb255=113,113,113
97 11 rgb255=106,106,106
98 11 rgb255=78,78,78
99 11 rgb255=80,80,80
100 11 rgb255=81,81,81
101 11 rgb255=83,83,83
102 11 rgb255=80,80,80
103 11 rgb255=99,99,99
104 11 rgb255=98,98,98
105 11 rgb255=91,91,91
106 11 rgb255=121,121,121
107 11 rgb255=111,111,111
108 11 rgb255=102,102,102
109 11 rgb255=112,112,112
110 11 rgb255=122,122,122
111 11 rgb255=138,138,138
112 11 rgb255=170,170,170
113 11 rgb255=187,187,187
114 11 rgb255=255,255,255
115 11 rgb255=255,255,255
116 11 rgb255=255,255,255
117 11 rgb255=255,255,255
118 11 rgb255=255,255,255
119 11 rgb255=255,255,255
120 11 rgb255=255,255,255
121 11 rgb255=255,255,255
122 11 rgb255=255,255,255
123 11 rgb255=113,125,73
124 11 rgb255=114,132,71
125 11 rgb255=92,97,67
126 11 rgb255=100,94,70
127 11 rgb255=121,120,77
128 11 rgb255=161,167,133
129 11 rgb255=201,209,201
130 11 rgb255=211,208,189
131 11 rgb255=152,133,99
132 11 rgb255=105,88,64
133 11 rgb255=112,90,67
134 11 rgb255=139,122,109
135 11 rgb255=159,160,157
136 11 rgb255=92,93,91
137 11 rgb255=139,143,136
138 11 rgb255=174,172,165
139 11 rgb255=160,153,144
140 11 rgb255=114,124,127
141 11 rgb255=118,140,148
142 11 rgb255=89,114,122
143 11 rgb255=111,132,138
144 11 rgb255=108,130,144
145 11 rgb255=158,176,192
146 11 rgb255=209,217,217
147 11 rgb255=175,176,168
148 11 rgb255=122,124,126
149 11 rgb255=108,109,112
150 11 rgb255=141,144,130
151 11 rgb255=167,168,156
152 11 rgb255=96,92,67
153 11 rgb255=85,82,62
154 11 rgb255=71,67,68
155 11 rgb255=255,255,255
156 11 rgb255=255,255,255
157 11 rgb255=255,255,255
158 11 rgb255=255,255,255
159 11 rgb255=255,255,255
160 11 rgb255=255,255,255
161 11 rgb255=255,255,255
162 11 rgb255=255,255,255
163 11 rgb255=255,255,255
164 11 rgb255=152,89,84
165 11 rgb255=145,84,80
166 11 rgb255=137,79,75
167 11 rgb255=128,78,75
168 11 rgb255=121,78,74
169 11 rgb255=112,75,70
170 11 rgb255=114,83,77
171 11 rgb255=91,67,60
172 11 rgb255=92,63,42
173 11 rgb255=76,53,37
174 11 rgb255=56,43,31
175 11 rgb255=36,28,20
176 11 rgb255=66,49,30
177 11 rgb255=210,171,101
178 11 rgb255=211,173,92
179 11 rgb255=173,107,31
180 11 rgb255=180,100,23
181 11 rgb255=126,74,19
182 11 rgb255=99,62,19
183 11 rgb255=130,77,18
184 11 rgb255=105,66,23
185 11 rgb255=64,46,23
186 11 rgb255=140,81,16
187 11 rgb255=155,88,15
188 11 rgb255=148,85,14
189 11 rgb255=143,82,15
190 11 rgb255=140,81,15
191 11 rgb255=141,82,12
192 11 rgb255=134,79,14
193 11 rgb255=130,77,16
194 11 rgb255=129,77,15
195 11 rgb255=130,76,15
0 10 rgb255=202,205,192
1 10 rgb255=120,124,98
2 10 rgb255=184,184,164
3 10 rgb255=252,251,248
4 10 rgb255=255,255,255
5 10 rgb255=255,254,255
6 10 rgb255=252,251,248
7 10 rgb255=210,211,201
8 10 rgb255=145,149,126
9 10 rgb255=126,134,87
10 10 rgb255=110,117,73
11 10 rgb255=83,87,60
12 10 rgb255=85,88,68
13 10 rgb255=88,91,69
14 10 rgb255=124,128,109
15 10 rgb255=113,120,91
16 10 rgb255=105,114,67
17 10 rgb255=131,137,108
18 10 rgb255=236,236,233
19 10 rgb255=255,255,255
20 10 rgb255=254,254,252
21 10 rgb255=254,254,252
22 10 rgb255=254,254,253
23 10 rgb255=254,254,254
24 10 rgb255=254,254,254
25 10 rgb255=254,255,253
26 10 rgb255=255,255,253
27 10 rgb255=255,255,253
28 10 rgb255=255,255,253
29 10 rgb255=255,255,255
30 10 rgb255=254,254,254
31 10 rgb255=255,255,255
32 10 rgb255=255,255,255
33 10 rgb255=255,255,255
34 10 rgb255=255,255,255
35 10 rgb255=255,255,255
36 10 rgb255=255,255,255
37 10 rgb255=255,255,255
38 10 rgb255=255,255,255
39 10 rgb255=255,255,255
40 10 rgb255=255,255,255
41 10 rgb255=52,56,51
42 10 rgb255=66,70,64
43 10 rgb255=79,71,53
44 10 rgb255=102,78,44
45 10 rgb255=100,66,34
46 10 rgb255=82,49,23
47 10 rgb255=57,28,6
48 10 rgb255=47,24,6
49 10 rgb255=58,41,25
50 10 rgb255=62,49,35
51 10 rgb255=64,54,41
52 10 rgb255=63,54,46
53 10 rgb255=77,71,68
54 10 rgb255=87,84,81
55 10 rgb255=71,71,66
56 10 rgb255=69,68,59
57 10 rgb255=133,122,105
58 10 rgb255=157,140,121
59 10 rgb255=146,132,119
60 10 rgb255=124,104,91
61 10 rgb255=113,89,74
62 10 rgb255=96,83,76
63 10 rgb255=94,83,77
64 10 rgb255=92,83,78
65 10 rgb255=88,80,77
66 10 rgb255=104,97,94
67 10 rgb255=108,106,102
68 10 rgb255=90,94,91
69 10 rgb255=119,129,127
70 10 rgb255=124,137,134
71 10 rgb255=103,115,108
72 10 rgb255=90,99,92
73 10 rgb255=255,255,255
74 10 rgb255=255,255,255
75 10 rgb255=255,255,255
76 10 rgb255=255,255,255
77 10 rgb255=255,255,255
78 10 rgb255=255,255,255
79 10 rgb255=255,255,255
80 10 rgb255=255,255,255
81 10 rgb255=255,255,255
82 10 rgb255=171,171,171
83 10 rgb255=187,187,187
84 10 rgb255=171,171,171
85 10 rgb255=168,168,168
86 10 rgb255=142,142,142
87 10 rgb255=136,136,136
88 10 rgb255=142,142,142
89 10 rgb255=126,126,126
90 10 rgb255=98,98,98
91 10 rgb255=96,96,96
92 10 rgb255=93,93,93
93 10 rgb255=91,91,91
94 10 rgb255=141,141,141
95 10 rgb255=130,130,130
96 10 rgb255=116,116,116
97 10 rgb255=101,101,101
98 10 rgb255=78,78,78
99 10 rgb255=95,95,95
100 10 rgb255=123,123,123
101 10 rgb255=121,121,121
102 10 rgb255=108,108,108
103 10 rgb255=102,102,102
104 10 rgb255=103,103,103
105 10 rgb255=96,96,96
106 10 rgb255=117,117,117
107 10 rgb255=138,138,138
108 10 rgb255=141,141,141
109 10 rgb255=135,135,135
110 10 rgb255=136,136,136
111 10 rgb255=159,159,159
112 10 rgb255=166,166,166
113 10 rgb255=158,158,158
114 10 rgb255=255,255,255
115 10 rgb255=255,255,255
116 10 rgb255=255,255,255
117 10 rgb255=255,255,255
118 10 rgb255=255,255,255
119 10 rgb255=255,255,255
120 10 rgb255=255,255,255
121 10 rgb255=255,255,255
122 10 rgb255=255,255,255
123 10 rgb255=122,134,68
124 10 rgb255=118,146,78
125 10 rgb255=104,117,75
126 10 rgb255=114,109,70
127 10 rgb255=120,116,72
128 10 rgb255=134,138,101
129 10 rgb255=144,155,138
130 10 rgb255=191,191,162
131 10 rgb255=190,173,129
132 10 rgb255=125,109,80
133 10 rgb255=116,102,78
134 10 rgb255=146,145,138
135 10 rgb255=188,199,205
136 10 rgb255=90,83,84
137 10 rgb255=66,69,66
138 10 rgb255=130,143,137
139 10 rgb255=177,181,180
140 10 rgb255=140,138,137
141 10 rgb255=134,141,147
142 10 rgb255=96,121,130
143 10 rgb255=117,136,136
144 10 rgb255=106,127,142
145 10 rgb255=130,155,180
146 10 rgb255=153,165,165
147 10 rgb255=98,98,85
148 10 rgb255=57,57,58
149 10 rgb255=55,55,59
150 10 rgb255=77,80,58
151 10 rgb255=123,125,117
152 10 rgb255=79,83,76
153 10 rgb255=69,74,62
154 10 rgb255=68,62,64
155 10 rgb255=255,255,255
156 10 rgb255=255,255,255
157 10 rgb255=255,255,255
158 10 rgb255=255,255,255
159 10 rgb255=255,255,255
160 10 rgb255=255,255,255
161 10 rgb255=255,255,255
162 10 rgb255=255,255,255
163 10 rgb255=255,255,255
164 10 rgb255=220,122,123
165 10 rgb255=217,119,117
166 10 rgb255=219,117,115
167 10 rgb255=216,114,113
168 10 rgb255=210,117,110
169 10 rgb255=205,118,106
170 10 rgb255=203,123,105
171 10 rgb255=197,124,100
172 10 rgb255=192,124,88
173 10 rgb255=182,125,85
174 10 rgb255=170,123,81
175 10 rgb255=165,124,79
176 10 rgb255=173,133,83
177 10 rgb255=231,180,110
178 10 rgb255=241,191,116
179 10 rgb255=225,158,83
180 10 rgb255=223,142,65
181 10 rgb255=180,104,47
182 10 rgb255=136,63,26
183 10 rgb255=130,62,20
184 10 rgb255=88,54,23
185 10 rgb255=51,38,24
186 10 rgb255=100,62,19
187 10 rgb255=127,75,19
188 10 rgb255=125,73,19
189 10 rgb255=120,72,14
190 10 rgb255=127,76,15
191 10 rgb255=134,79,16
192 10 rgb255=133,78,16
193 10 rgb255=132,79,14
194 10 rgb255=132,78,13
195 10 rgb255=132,76,16
0 9 rgb255=226,227,219
1 9 rgb255=215,217,204
2 9 rgb255=252,253,248
3 9 rgb255=253,253,254
4 9 rgb255=254,252,254
5 9 rgb255=254,252,253
6 9 rgb255=253,251,251
7 9 rgb255=255,255,255
8 9 rgb255=234,235,227
9 9 rgb255=143,149,112
10 9 rgb255=109,115,73
11 9 rgb255=119,120,102
12 9 rgb255=186,184,183
13 9 rgb255=204,204,199
14 9 rgb255=241,243,236
15 9 rgb255=192,196,185
16 9 rgb255=95,103,65
17 9 rgb255=130,137,102
18 9 rgb255=228,229,223
19 9 rgb255=255,255,255
20 9 rgb255=255,255,254
21 9 rgb255=255,255,254
22 9 rgb255=255,255,254
23 9 rgb255=255,255,254
24 9 rgb255=255,255,254
25 9 rgb255=255,255,253
26 9 rgb255=255,255,253
27 9 rgb255=255,255,254
28 9 rgb255=255,255,254
29 9 rgb255=255,255,254
30 9 rgb255=255,255,255
31 9 rgb255=255,255,255
32 9 rgb255=255,255,255
33 9 rgb255=255,255,255
34 9 rgb255=255,255,255
35 9 rgb255=255,255,255
36 9 rgb255=255,255,255
37 9 rgb255=255,255,255
38 9 rgb255=255,255,255
39 9 rgb255=255,255,255
40 9 rgb255=255,255,255
41 9 rgb255=69,73,68
42 9 rgb255=36,41,35
43 9 rgb255=75,70,52
44 9 rgb255=93,71,39
45 9 rgb255=95,66,31
46 9 rgb255=86,59,30
47 9 rgb255=61,39,15
48 9 rgb255=47,31,13
49 9 rgb255=41,30,18
50 9 rgb255=50,40,29
51 9 rgb255=68,56,42
52 9 rgb255=65,55,45
53 9 rgb255=76,69,65
54 9 rgb255=91,88,85
55 9 rgb255=85,86,81
56 9 rgb255=92,93,85
57 9 rgb255=123,115,100
58 9 rgb255=133,119,104
59 9 rgb255=125,114,107
60 9 rgb255=124,108,99
61 9 rgb255=91,72,59
62 9 rgb255=71,62,54
63 9 rgb255=72,66,60
64 9 rgb255=78,73,68
65 9 rgb255=87,84,80
66 9 rgb255=104,103,98
67 9 rgb255=99,103,95
68 9 rgb255=94,104,96
69 9 rgb255=103,116,111
70 9 rgb255=102,115,109
71 9 rgb255=85,95,86
72 9 rgb255=93,102,92
73 9 rgb255=255,255,255
74 9 rgb255=255,255,255
75 9 rgb255=255,255,255
76 9 rgb255=255,255,255
77 9 rgb255=255,255,255
78 9 rgb255=255,255,255
79 9 rgb255=255,255,255
80 9 rgb255=255,255,255
81 9 rgb255=255,255,255
82 9 rgb255=210,210,210
83 9 rgb255=165,165,165
84 9 rgb255=179,179,179
85 9 rgb255=204,204,204
86 9 rgb255=175,175,175
87 9 rgb255=170,170,170
88 9 rgb255=179,179,179
89 9 rgb255=158,158,158
90 9 rgb255=113,113,113
91 9 rgb255=115,115,115
92 9 rgb255=135,135,135
93 9 rgb255=145,145,145
94 9 rgb255=192,192,192
95 9 rgb255=181,181,181
96 9 rgb255=160,160,160
97 9 rgb255=120,120,120
98 9 rgb255=79,79,79
99 9 rgb255=134,134,134
100 9 rgb255=180,180,180
101 9 rgb255=177,177,177
102 9 rgb255=165,165,165
103 9 rgb255=116,116,116
104 9 rgb255=107,107,107
105 9 rgb255=103,103,103
106 9 rgb255=108,108,108
107 9 rgb255=133,133,133
108 9 rgb255=178,178,178
109 9 rgb255=202,202,202
110 9 rgb255=208,208,208
111 9 rgb255=216,216,216
112 9 rgb255=216,216,216
113 9 rgb255=205,205,205
114 9 rgb255=255,255,255
115 9 rgb255=255,255,255
116 9 rgb255=255,255,255
117 9 rgb255=255,255,255
118 9 rgb255=255,255,255
119 9 rgb255=255,255,255
120 9 rgb255=255,255,255
121 9 rgb255=255,255,255
122 9 rgb255=255,255,255
123 9 rgb255=118,123,69
124 9 rgb255=112,125,76
125 9 rgb255=99,112,74
126 9 rgb255=110,115,72
127 9 rgb255=140,131,82
128 9 rgb255=132,124,81
129 9 rgb255=113,112,91
130 9 rgb255=176,168,137
131 9 rgb255=188,170,123
132 9 rgb255=140,124,82
133 9 rgb255=124,115,93
134 9 rgb255=138,143,139
135 9 rgb255=177,179,175
136 9 rgb255=124,113,95
137 9 rgb255=91,93,90
138 9 rgb255=118,124,124
139 9 rgb255=127,142,146
140 9 rgb255=142,156,159
141 9 rgb255=151,147,153
142 9 rgb255=114,123,139
143 9 rgb255=124,142,149
144 9 rgb255=100,126,140
145 9 rgb255=138,157,172
146 9 rgb255=143,149,149
147 9 rgb255=69,69,67
148 9 rgb255=59,54,59
149 9 rgb255=59,55,62
150 9 rgb255=59,59,61
151 9 rgb255=111,112,108
152 9 rgb255=76,77,77
153 9 rgb255=50,51,57
154 9 rgb255=56,56,57
155 9 rgb255=255,255,255
156 9 rgb255=255,255,255
157 9 rgb255=255,255,255
158 9 rgb255=255,255,255
159 9 rgb255=255,255,255
160 9 rgb255=255,255,255
161 9 rgb255=255,255,255
162 9 rgb255=255,255,255
163 9 rgb255=255,255,255
164 9 rgb255=236,146,142
165 9 rgb255=233,142,138
166 9 rgb255=235,138,134
167 9 rgb255=236,134,130
168 9 rgb255=236,132,124
169 9 rgb255=235,130,119
170 9 rgb255=236,130,115
171 9 rgb255=229,129,108
172 9 rgb255=215,130,104
173 9 rgb255=212,130,100
174 9 rgb255=213,130,97
175 9 rgb255=212,130,92
176 9 rgb255=213,132,87
177 9 rgb255=220,137,85
178 9 rgb255=225,142,79
179 9 rgb255=228,137,72
180 9 rgb255=232,131,64
181 9 rgb255=227,115,51
182 9 rgb255=212,87,37
183 9 rgb255=194,76,29
184 9 rgb255=107,59,23
185 9 rgb255=87,60,25
186 9 rgb255=111,69,22
187 9 rgb255=104,66,25
188 9 rgb255=91,58,20
189 9 rgb255=78,50,20
190 9 rgb255=80,51,21
191 9 rgb255=81,51,20
192 9 rgb255=86,55,21
193 9 rgb255=90,57,19
194 9 rgb255=90,57,19
195 9 rgb255=91,57,20
0 8 rgb255=255,255,254
1 8 rgb255=255,255,254
2 8 rgb255=252,254,255
3 8 rgb255=252,255,254
4 8 rgb255=254,255,253
5 8 rgb255=255,255,252
6 8 rgb255=255,255,253
7 8 rgb255=252,251,253
8 8 rgb255=255,255,255
9 8 rgb255=194,197,172
10 8 rgb255=106,112,71
11 8 rgb255=148,150,131
12 8 rgb255=255,255,255
13 8 rgb255=255,255,255
14 8 rgb255=255,255,255
15 8 rgb255=246,247,247
16 8 rgb255=138,144,118
17 8 rgb255=123,129,99
18 8 rgb255=228,229,226
19 8 rgb255=255,255,255
20 8 rgb255=255,254,255
21 8 rgb255=255,255,255
22 8 rgb255=255,255,255
23 8 rgb255=255,255,255
24 8 rgb255=255,255,255
25 8 rgb255=255,255,255
26 8 rgb255=255,254,255
27 8 rgb255=255,254,255
28 8 rgb255=255,255,255
29 8 rgb255=255,255,253
30 8 rgb255=255,255,253
31 8 rgb255=255,255,255
32 8 rgb255=255,255,255
33 8 rgb255=255,255,255
34 8 rgb255=255,255,255
35 8 rgb255=255,255,255
36 8 rgb255=255,255,255
37 8 rgb255=255,255,255
38 8 rgb255=255,255,255
39 8 rgb255=255,255,255
40 8 rgb255=255,255,255
41 8 rgb255=59,64,58
42 8 rgb255=58,65,58
43 8 rgb255=91,86,70
44 8 rgb255=87,68,39
45 8 rgb255=79,55,19
46 8 rgb255=85,64,29
47 8 rgb255=68,52,24
48 8 rgb255=40,31,12
49 8 rgb255=45,41,28
50 8 rgb255=61,55,44
51 8 rgb255=81,71,57
52 8 rgb255=78,69,60
53 8 rgb255=89,83,79
54 8 rgb255=85,83,80
55 8 rgb255=83,85,79
56 8 rgb255=85,87,80
57 8 rgb255=87,83,70
58 8 rgb255=99,90,79
59 8 rgb255=116,111,106
60 8 rgb255=114,104,98
61 8 rgb255=98,84,72
62 8 rgb255=95,89,78
63 8 rgb255=92,88,78
64 8 rgb255=95,92,83
65 8 rgb255=101,100,91
66 8 rgb255=104,103,95
67 8 rgb255=101,105,93
68 8 rgb255=115,124,112
69 8 rgb255=111,121,112
70 8 rgb255=110,119,110
71 8 rgb255=76,81,69
72 8 rgb255=61,67,52
73 8 rgb255=255,255,255
74 8 rgb255=255,255,255
75 8 rgb255=255,255,255
76 8 rgb255=255,255,255
77 8 rgb255=255,255,255
78 8 rgb255=255,255,255
79 8 rgb255=255,255,255
80 8 rgb255=255,255,255
81 8 rgb255=255,255,255
82 8 rgb255=224,224,224
83 8 rgb255=187,187,187
84 8 rgb255=185,185,185
85 8 rgb255=222,222,222
86 8 rgb255=216,216,216
87 8 rgb255=208,208,208
88 8 rgb255=201,201,201
89 8 rgb255=189,189,189
90 8 rgb255=165,165,165
91 8 rgb255=164,164,164
92 8 rgb255=178,178,178
93 8 rgb255=195,195,195
94 8 rgb255=208,208,208
95 8 rgb255=202,202,202
96 8 rgb255=195,195,195
97 8 rgb255=144,144,144
98 8 rgb255=90,90,90
99 8 rgb255=160,160,160
100 8 rgb255=205,205,205
101 8 rgb255=206,206,206
102 8 rgb255=194,194,194
103 8 rgb255=141,141,141
104 8 rgb255=133,133,133
105 8 rgb255=117,117,117
106 8 rgb255=113,113,113
107 8 rgb255=108,108,108
108 8 rgb255=129,129,129
109 8 rgb255=165,165,165
110 8 rgb255=177,177,177
111 8 rgb255=182,182,182
112 8 rgb255=191,191,191
113 8 rgb255=193,193,193
114 8 rgb255=255,255,255
115 8 rgb255=255,255,255
116 8 rgb255=255,255,255
117 8 rgb255=255,255,255
118 8 rgb255=255,255,255
119 8 rgb255=255,255,255
120 8 rgb255=255,255,255
121 8 rgb255=255,255,255
122 8 rgb255=255,255,255
123 8 rgb255=95,97,68
124 8 rgb255=87,93,66
125 8 rgb255=87,96,64
126 8 rgb255=109,111,69
127 8 rgb255=148,135,84
128 8 rgb255=143,133,85
129 8 rgb255=146,136,101
130 8 rgb255=204,185,151
131 8 rgb255=208,185,150
132 8 rgb255=200,181,142
133 8 rgb255=163,155,130
134 8 rgb255=135,132,122
135 8 rgb255=157,152,136
136 8 rgb255=147,135,109
137 8 rgb255=126,124,118
138 8 rgb255=180,181,181
139 8 rgb255=143,149,149
140 8 rgb255=114,131,136
141 8 rgb255=151,167,174
142 8 rgb255=138,138,151
143 8 rgb255=144,142,152
144 8 rgb255=119,144,156
145 8 rgb255=143,165,171
146 8 rgb255=142,147,146
147 8 rgb255=64,63,65
148 8 rgb255=59,56,60
149 8 rgb255=65,60,62
150 8 rgb255=54,51,57
151 8 rgb255=108,105,106
152 8 rgb255=81,76,77
153 8 rgb255=49,49,55
154 8 rgb255=57,57,57
155 8 rgb255=255,255,255
156 8 rgb255=255,255,255
157 8 rgb255=255,255,255
158 8 rgb255=255,255,255
159 8 rgb255=255,255,255
160 8 rgb255=255,255,255
161 8 rgb255=255,255,255
162 8 rgb255=255,255,255
163 8 rgb255=255,255,255
164 8 rgb255=232,131,132
165 8 rgb255=231,133,131
166 8 rgb255=234,135,129
167 8 rgb255=239,137,131
168 8 rgb255=241,141,130
169 8 rgb255=241,143,130
170 8 rgb255=240,140,128
171 8 rgb255=240,116,108
172 8 rgb255=236,107,98
173 8 rgb255=230,104,93
174 8 rgb255=223,100,83
175 8 rgb255=215,95,76
176 8 rgb255=207,89,71
177 8 rgb255=199,88,64
178 8 rgb255=191,86,51
179 8 rgb255=182,83,44
180 8 rgb255=172,83,39
181 8 rgb255=166,82,28
182 8 rgb255=159,77,23
183 8 rgb255=145,68,21
184 8 rgb255=91,58,20
185 8 rgb255=89,66,19
186 8 rgb255=115,76,21
187 8 rgb255=116,76,27
188 8 rgb255=133,87,28
189 8 rgb255=153,96,31
190 8 rgb255=157,97,31
191 8 rgb255=152,94,31
192 8 rgb255=148,93,34
193 8 rgb255=144,91,35
194 8 rgb255=136,86,32
195 8 rgb255=125,79,32
0 7 rgb255=255,255,255
1 7 rgb255=254,254,254
2 7 rgb255=254,255,255
3 7 rgb255=254,255,255
4 7 rgb255=255,255,254
5 7 rgb255=255,255,254
6 7 rgb255=255,255,254
7 7 rgb255=255,254,255
8 7 rgb255=255,255,255
9 7 rgb255=204,206,190
10 7 rgb255=100,105,73
11 7 rgb255=162,165,147
12 7 rgb255=255,255,255
13 7 rgb255=254,254,253
14 7 rgb255=251,253,253
15 7 rgb255=255,255,255
16 7 rgb255=188,190,182
17 7 rgb255=102,103,91
18 7 rgb255=218,218,217
19 7 rgb255=255,255,255
20 7 rgb255=255,255,255
21 7 rgb255=255,255,255
22 7 rgb255=255,255,255
23 7 rgb255=255,255,255
24 7 rgb255=255,255,255
25 7 rgb255=255,255,255
26 7 rgb255=255,255,255
27 7 rgb255=255,255,255
28 7 rgb255=255,255,255
29 7 rgb255=255,255,254
30 7 rgb255=255,255,254
31 7 rgb255=255,255,255
32 7 rgb255=255,255,255
33 7 rgb255=255,255,255
34 7 rgb255=255,255,255
35 7 rgb255=255,255,255
36 7 rgb255=255,255,255
37 7 rgb255=255,255,255
38 7 rgb255=255,255,255
39 7 rgb255=255,255,255
40 7 rgb255=255,255,255
41 7 rgb255=39,45,41
42 7 rgb255=65,73,65
43 7 rgb255=88,85,66
44 7 rgb255=75,63,40
45 7 rgb255=63,48,24
46 7 rgb255=80,60,31
47 7 rgb255=78,58,32
48 7 rgb255=39,32,18
49 7 rgb255=52,54,48
50 7 rgb255=70,70,64
51 7 rgb255=84,86,75
52 7 rgb255=92,93,85
53 7 rgb255=92,94,89
54 7 rgb255=89,92,88
55 7 rgb255=88,91,87
56 7 rgb255=103,108,101
57 7 rgb255=109,113,105
58 7 rgb255=105,107,100
59 7 rgb255=114,117,111
60 7 rgb255=121,123,117
61 7 rgb255=126,128,119
62 7 rgb255=120,124,113
63 7 rgb255=108,112,100
64 7 rgb255=100,105,93
65 7 rgb255=91,97,83
66 7 rgb255=100,106,91
67 7 rgb255=120,125,115
68 7 rgb255=118,124,116
69 7 rgb255=105,111,104
70 7 rgb255=83,88,81
71 7 rgb255=82,87,79
72 7 rgb255=83,87,77
73 7 rgb255=255,255,255
74 7 rgb255=255,255,255
75 7 rgb255=255,255,255
76 7 rgb255=255,255,255
77 7 rgb255=255,255,255
78 7 rgb255=255,255,255
79 7 rgb255=255,255,255
80 7 rgb255=255,255,255
81 7 rgb255=255,255,255
82 7 rgb255=224,224,224
83 7 rgb255=189,189,189
84 7 rgb255=194,194,194
85 7 rgb255=227,227,227
86 7 rgb255=226,226,226
87 7 rgb255=224,224,224
88 7 rgb255=215,215,215
89 7 rgb255=197,197,197
90 7 rgb255=185,185,185
91 7 rgb255=176,176,176
92 7 rgb255=175,175,175
93 7 rgb255=170,170,170
94 7 rgb255=161,161,161
95 7 rgb255=149,149,149
96 7 rgb255=125,125,125
97 7 rgb255=93,93,93
98 7 rgb255=77,77,77
99 7 rgb255=94,94,94
100 7 rgb255=116,116,116
101 7 rgb255=130,130,130
102 7 rgb255=128,128,128
103 7 rgb255=114,114,114
104 7 rgb255=119,119,119
105 7 rgb255=111,111,111
106 7 rgb255=97,97,97
107 7 rgb255=101,101,101
108 7 rgb255=96,96,96
109 7 rgb255=89,89,89
110 7 rgb255=87,87,87
111 7 rgb255=86,86,86
112 7 rgb255=88,88,88
113 7 rgb255=90,90,90
114 7 rgb255=255,255,255
115 7 rgb255=255,255,255
116 7 rgb255=255,255,255
117 7 rgb255=255,255,255
118 7 rgb255=255,255,255
119 7 rgb255=255,255,255
120 7 rgb255=255,255,255
121 7 rgb255=255,255,255
122 7 rgb255=255,255,255
123 7 rgb255=92,91,66
124 7 rgb255=81,80,63
125 7 rgb255=84,81,60
126 7 rgb255=100,97,67
127 7 rgb255=121,110,71
128 7 rgb255=140,126,79
129 7 rgb255=154,135,85
130 7 rgb255=194,175,131
131 7 rgb255=221,205,163
132 7 rgb255=222,205,160
133 7 rgb255=188,175,137
134 7 rgb255=156,146,128
135 7 rgb255=169,160,130
136 7 rgb255=167,153,124
137 7 rgb255=118,111,104
138 7 rgb255=138,139,141
139 7 rgb255=178,186,183
140 7 rgb255=138,146,140
141 7 rgb255=121,137,141
142 7 rgb255=133,152,165
143 7 rgb255=156,147,157
144 7 rgb255=153,151,163
145 7 rgb255=157,176,174
146 7 rgb255=141,150,150
147 7 rgb255=62,61,68
148 7 rgb255=76,72,76
149 7 rgb255=93,87,87
150 7 rgb255=54,53,58
151 7 rgb255=110,107,108
152 7 rgb255=95,85,81
153 7 rgb255=60,54,57
154 7 rgb255=54,52,53
155 7 rgb255=255,255,255
156 7 rgb255=255,255,255
157 7 rgb255=255,255,255
158 7 rgb255=255,255,255
159 7 rgb255=255,255,255
160 7 rgb255=255,255,255
161 7 rgb255=255,255,255
162 7 rgb255=255,255,255
163 7 rgb255=255,255,255
164 7 rgb255=207,107,111
165 7 rgb255=201,106,106
166 7 rgb255=200,103,101
167 7 rgb255=202,100,98
168 7 rgb255=206,99,95
169 7 rgb255=212,100,94
170 7 rgb255=215,104,96
171 7 rgb255=210,104,97
172 7 rgb255=203,106,95
173 7 rgb255=211,104,91
174 7 rgb255=216,102,87
175 7 rgb255=219,98,81
176 7 rgb255=222,92,75
177 7 rgb255=224,88,67
178 7 rgb255=225,84,59
179 7 rgb255=221,78,52
180 7 rgb255=214,71,41
181 7 rgb255=209,66,27
182 7 rgb255=197,60,12
183 7 rgb255=171,53,6
184 7 rgb255=82,49,16
185 7 rgb255=53,50,19
186 7 rgb255=53,47,18
187 7 rgb255=49,45,22
188 7 rgb255=55,47,23
189 7 rgb255=74,57,23
190 7 rgb255=92,65,23
191 7 rgb255=110,73,22
192 7 rgb255=129,81,21
193 7 rgb255=142,88,21
194 7 rgb255=156,94,24
195 7 rgb255=162,96,27
0 6 rgb255=255,255,255
1 6 rgb255=255,255,255
2 6 rgb255=255,255,255
3 6 rgb255=255,255,255
4 6 rgb255=255,255,255
5 6 rgb255=255,255,255
6 6 rgb255=255,255,254
7 6 rgb255=255,254,254
8 6 rgb255=255,255,255
9 6 rgb255=201,202,192
10 6 rgb255=88,91,71
11 6 rgb255=195,196,186
12 6 rgb255=255,255,255
13 6 rgb255=255,255,254
14 6 rgb255=254,254,254
15 6 rgb255=255,255,255
16 6 rgb255=192,190,188
17 6 rgb255=84,82,78
18 6 rgb255=216,216,216
19 6 rgb255=255,255,255
20 6 rgb255=255,255,255
21 6 rgb255=255,255,255
22 6 rgb255=255,255,255
23 6 rgb255=255,255,255
24 6 rgb255=255,255,255
25 6 rgb255=255,255,255
26 6 rgb255=255,255,255
27 6 rgb255=255,255,255
28 6 rgb255=255,255,255
29 6 rgb255=255,255,255
30 6 rgb255=255,255,255
31 6 rgb255=255,255,255
32 6 rgb255=255,255,255
33 6 rgb255=255,255,255
34 6 rgb255=255,255,255
35 6 rgb255=255,255,255
36 6 rgb255=255,255,255
37 6 rgb255=255,255,255
38 6 rgb255=255,255,255
39 6 rgb255=255,255,255
40 6 rgb255=255,255,255
41 6 rgb255=31,37,33
42 6 rgb255=56,64,55
43 6 rgb255=78,73,54
44 6 rgb255=67,57,37
45 6 rgb255=58,47,28
46 6 rgb255=75,54,29
47 6 rgb255=82,60,35
48 6 rgb255=61,54,41
49 6 rgb255=58,63,59
50 6 rgb255=74,77,73
51 6 rgb255=78,83,74
52 6 rgb255=57,62,55
53 6 rgb255=72,77,70
54 6 rgb255=95,100,96
55 6 rgb255=113,118,114
56 6 rgb255=106,112,106
57 6 rgb255=97,104,97
58 6 rgb255=110,117,110
59 6 rgb255=137,145,137
60 6 rgb255=129,136,129
61 6 rgb255=125,133,125
62 6 rgb255=117,126,115
63 6 rgb255=90,99,86
64 6 rgb255=77,85,71
65 6 rgb255=80,88,73
66 6 rgb255=81,90,74
67 6 rgb255=80,86,78
68 6 rgb255=73,78,72
69 6 rgb255=77,82,76
70 6 rgb255=101,106,100
71 6 rgb255=108,113,108
72 6 rgb255=94,98,91
73 6 rgb255=255,255,255
74 6 rgb255=255,255,255
75 6 rgb255=255,255,255
76 6 rgb255=255,255,255
77 6 rgb255=255,255,255
78 6 rgb255=255,255,255
79 6 rgb255=255,255,255
80 6 rgb255=255,255,255
81 6 rgb255=255,255,255
82 6 rgb255=216,216,216
83 6 rgb255=190,190,190
84 6 rgb255=205,205,205
85 6 rgb255=216,216,216
86 6 rgb255=209,209,209
87 6 rgb255=198,198,198
88 6 rgb255=186,186,186
89 6 rgb255=174,174,174
90 6 rgb255=159,159,159
91 6 rgb255=147,147,147
92 6 rgb255=137,137,137
93 6 rgb255=128,128,128
94 6 rgb255=119,119,119
95 6 rgb255=110,110,110
96 6 rgb255=103,103,103
97 6 rgb255=92,92,92
98 6 rgb255=82,82,82
99 6 rgb255=75,75,75
100 6 rgb255=76,76,76
101 6 rgb255=79,79,79
102 6 rgb255=82,82,82
103 6 rgb255=82,82,82
104 6 rgb255=87,87,87
105 6 rgb255=97,97,97
106 6 rgb255=96,96,96
107 6 rgb255=92,92,92
108 6 rgb255=86,86,86
109 6 rgb255=80,80,80
110 6 rgb255=79,79,79
111 6 rgb255=82,82,82
112 6 rgb255=83,83,83
113 6 rgb255=85,85,85
114 6 rgb255=255,255,255
115 6 rgb255=255,255,255
116 6 rgb255=255,255,255
117 6 rgb255=255,255,255
118 6 rgb255=255,255,255
119 6 rgb255=255,255,255
120 6 rgb255=255,255,255
121 6 rgb255=255,255,255
122 6 rgb255=255,255,255
123 6 rgb255=108,106,66
124 6 rgb255=91,89,64
125 6 rgb255=88,85,62
126 6 rgb255=86,84,64
127 6 rgb255=98,88,65
128 6 rgb255=115,102,66
129 6 rgb255=154,136,79
130 6 rgb255=164,143,87
131 6 rgb255=188,170,112
132 6 rgb255=189,167,119
133 6 rgb255=172,151,114
134 6 rgb255=205,187,158
135 6 rgb255=214,191,137
136 6 rgb255=169,149,111
137 6 rgb255=85,79,77
138 6 rgb255=85,77,77
139 6 rgb255=140,140,134
140 6 rgb255=184,190,186
141 6 rgb255=138,149,150
142 6 rgb255=112,129,140
143 6 rgb255=152,166,174
144 6 rgb255=151,151,161
145 6 rgb255=157,152,154
146 6 rgb255=152,148,146
147 6 rgb255=97,82,85
148 6 rgb255=108,88,91
149 6 rgb255=124,100,99
150 6 rgb255=105,81,82
151 6 rgb255=139,117,111
152 6 rgb255=107,90,76
153 6 rgb255=73,58,59
154 6 rgb255=69,58,56
155 6 rgb255=255,255,255
156 6 rgb255=255,255,255
157 6 rgb255=255,255,255
158 6 rgb255=255,255,255
159 6 rgb255=255,255,255
160 6 rgb255=255,255,255
161 6 rgb255=255,255,255
162 6 rgb255=255,255,255
163 6 rgb255=255,255,255
164 6 rgb255=242,180,158
165 6 rgb255=240,177,156
166 6 rgb255=242,172,151
167 6 rgb255=242,163,142
168 6 rgb255=238,153,133
169 6 rgb255=237,144,127
170 6 rgb255=237,132,117
171 6 rgb255=205,113,95
172 6 rgb255=133,108,83
173 6 rgb255=121,101,77
174 6 rgb255=120,95,67
175 6 rgb255=116,88,58
176 6 rgb255=111,81,50
177 6 rgb255=113,76,45
178 6 rgb255=121,75,39
179 6 rgb255=126,73,36
180 6 rgb255=136,70,29
181 6 rgb255=148,68,24
182 6 rgb255=150,63,19
183 6 rgb255=139,55,16
184 6 rgb255=83,53,18
185 6 rgb255=62,53,19
186 6 rgb255=61,53,17
187 6 rgb255=59,51,20
188 6 rgb255=57,49,20
189 6 rgb255=53,46,20
190 6 rgb255=53,45,21
191 6 rgb255=55,47,18
192 6 rgb255=63,51,17
193 6 rgb255=70,53,16
194 6 rgb255=79,59,16
195 6 rgb255=88,64,14
0 5 rgb255=255,255,255
1 5 rgb255=255,255,255
2 5 rgb255=255,255,255
3 5 rgb255=255,255,255
4 5 rgb255=255,255,255
5 5 rgb255=255,255,255
6 5 rgb255=255,255,253
7 5 rgb255=255,255,253
8 5 rgb255=255,255,255
9 5 rgb255=191,192,187
10 5 rgb255=92,94,85
11 5 rgb255=229,229,227
12 5 rgb255=255,255,255
13 5 rgb255=255,255,253
14 5 rgb255=255,255,255
15 5 rgb255=231,228,229
16 5 rgb255=106,100,99
17 5 rgb255=91,86,83
18 5 rgb255=237,236,236
19 5 rgb255=255,255,255
20 5 rgb255=255,255,255
21 5 rgb255=255,255,255
22 5 rgb255=255,255,255
23 5 rgb255=255,255,255
24 5 rgb255=255,255,255
25 5 rgb255=255,255,255
26 5 rgb255=255,255,255
27 5 rgb255=255,255,255
28 5 rgb255=255,255,255
29 5 rgb255=255,255,255
30 5 rgb255=255,255,255
31 5 rgb255=255,255,255
32 5 rgb255=255,255,255
33 5 rgb255=255,255,255
34 5 rgb255=255,255,255
35 5 rgb255=255,255,255
36 5 rgb255=255,255,255
37 5 rgb255=255,255,255
38 5 rgb255=255,255,255
39 5 rgb255=255,255,255
40 5 rgb255=255,255,255
41 5 rgb255=71,77,73
42 5 rgb255=82,88,80
43 5 rgb255=83,77,58
44 5 rgb255=69,59,39
45 5 rgb255=64,52,34
46 5 rgb255=73,53,29
47 5 rgb255=91,70,45
48 5 rgb255=55,49,36
49 5 rgb255=51,55,51
50 5 rgb255=69,73,67
51 5 rgb255=57,63,53
52 5 rgb255=82,87,80
53 5 rgb255=109,114,107
54 5 rgb255=123,128,123
55 5 rgb255=131,136,132
56 5 rgb255=109,115,109
57 5 rgb255=108,115,108
58 5 rgb255=108,115,108
59 5 rgb255=103,110,103
60 5 rgb255=119,126,119
61 5 rgb255=120,127,119
62 5 rgb255=74,82,70
63 5 rgb255=84,91,78
64 5 rgb255=86,94,79
65 5 rgb255=67,76,60
66 5 rgb255=102,110,94
67 5 rgb255=104,110,102
68 5 rgb255=119,124,118
69 5 rgb255=112,117,111
70 5 rgb255=112,117,111
71 5 rgb255=93,99,93
72 5 rgb255=97,101,94
73 5 rgb255=255,255,255
74 5 rgb255=255,255,255
75 5 rgb255=255,255,255
76 5 rgb255=255,255,255
77 5 rgb255=255,255,255
78 5 rgb255=255,255,255
79 5 rgb255=255,255,255
80 5 rgb255=255,255,255
81 5 rgb255=255,255,255
82 5 rgb255=218,218,218
83 5 rgb255=219,219,219
84 5 rgb255=207,207,207
85 5 rgb255=197,197,197
86 5 rgb255=190,190,190
87 5 rgb255=190,190,190
88 5 rgb255=180,180,180
89 5 rgb255=166,166,166
90 5 rgb255=142,142,142
91 5 rgb255=130,130,130
92 5 rgb255=123,123,123
93 5 rgb255=120,120,120
94 5 rgb255=131,131,131
95 5 rgb255=128,128,128
96 5 rgb255=126,126,126
97 5 rgb255=116,116,116
98 5 rgb255=101,101,101
99 5 rgb255=96,96,96
100 5 rgb255=104,104,104
101 5 rgb255=109,109,109
102 5 rgb255=118,118,118
103 5 rgb255=112,112,112
104 5 rgb255=96,96,96
105 5 rgb255=97,97,97
106 5 rgb255=108,108,108
107 5 rgb255=107,107,107
108 5 rgb255=102,102,102
109 5 rgb255=102,102,102
110 5 rgb255=97,97,97
111 5 rgb255=91,91,91
112 5 rgb255=91,91,91
113 5 rgb255=89,89,89
114 5 rgb255=255,255,255
115 5 rgb255=255,255,255
116 5 rgb255=255,255,255
117 5 rgb255=255,255,255
118 5 rgb255=255,255,255
119 5 rgb255=255,255,255
120 5 rgb255=255,255,255
121 5 rgb255=255,255,255
122 5 rgb255=255,255,255
123 5 rgb255=118,112,66
124 5 rgb255=109,104,64
125 5 rgb255=94,93,59
126 5 rgb255=91,90,61
127 5 rgb255=90,84,64
128 5 rgb255=109,103,74
129 5 rgb255=132,121,74
130 5 rgb255=149,130,76
131 5 rgb255=159,137,84
132 5 rgb255=143,121,81
133 5 rgb255=138,117,91
134 5 rgb255=188,161,124
135 5 rgb255=212,184,120
136 5 rgb255=164,142,101
137 5 rgb255=68,63,59
138 5 rgb255=66,59,62
139 5 rgb255=92,80,75
140 5 rgb255=150,153,150
141 5 rgb255=195,203,200
142 5 rgb255=135,144,145
143 5 rgb255=114,130,138
144 5 rgb255=139,161,174
145 5 rgb255=160,159,170
146 5 rgb255=167,144,144
147 5 rgb255=171,135,131
148 5 rgb255=189,154,153
149 5 rgb255=196,165,161
150 5 rgb255=188,161,156
151 5 rgb255=180,160,144
152 5 rgb255=165,141,102
153 5 rgb255=106,83,64
154 5 rgb255=75,60,56
155 5 rgb255=255,255,255
156 5 rgb255=255,255,255
157 5 rgb255=255,255,255
158 5 rgb255=255,255,255
159 5 rgb255=255,255,255
160 5 rgb255=255,255,255
161 5 rgb255=255,255,255
162 5 rgb255=255,255,255
163 5 rgb255=255,255,255
164 5 rgb255=194,157,140
165 5 rgb255=202,159,137
166 5 rgb255=211,162,138
167 5 rgb255=217,165,136
168 5 rgb255=221,167,136
169 5 rgb255=225,170,139
170 5 rgb255=229,171,137
171 5 rgb255=223,163,124
172 5 rgb255=197,159,119
173 5 rgb255=188,155,111
174 5 rgb255=181,148,100
175 5 rgb255=171,140,91
176 5 rgb255=160,129,81
177 5 rgb255=145,116,71
178 5 rgb255=127,104,61
179 5 rgb255=116,96,55
180 5 rgb255=97,83,39
181 5 rgb255=79,70,30
182 5 rgb255=68,61,26
183 5 rgb255=61,53,25
184 5 rgb255=58,50,23
185 5 rgb255=62,52,22
186 5 rgb255=66,55,22
187 5 rgb255=65,53,21
188 5 rgb255=67,56,18
189 5 rgb255=65,54,21
190 5 rgb255=61,51,24
191 5 rgb255=62,53,21
192 5 rgb255=65,53,20
193 5 rgb255=66,53,20
194 5 rgb255=64,51,22
195 5 rgb255=65,51,21
0 4 rgb255=255,255,255
1 4 rgb255=255,255,255
2 4 rgb255=255,255,255
3 4 rgb255=255,255,255
4 4 rgb255=255,255,255
5 4 rgb255=255,255,255
6 4 rgb255=255,255,254
7 4 rgb255=255,255,254
8 4 rgb255=254,254,255
9 4 rgb255=136,137,134
10 4 rgb255=125,126,124
11 4 rgb255=251,250,251
12 4 rgb255=255,255,255
13 4 rgb255=255,254,253
14 4 rgb255=255,255,255
15 4 rgb255=209,206,205
16 4 rgb255=68,62,61
17 4 rgb255=93,88,88
18 4 rgb255=242,241,241
19 4 rgb255=255,255,255
20 4 rgb255=255,255,255
21 4 rgb255=255,255,255
22 4 rgb255=255,255,255
23 4 rgb255=255,255,255
24 4 rgb255=255,255,255
25 4 rgb255=255,255,255
26 4 rgb255=255,255,255
27 4 rgb255=255,255,255
28 4 rgb255=255,255,255
29 4 rgb255=255,255,255
30 4 rgb255=255,255,255
31 4 rgb255=255,255,255
32 4 rgb255=255,255,255
33 4 rgb255=255,255,255
34 4 rgb255=255,255,255
35 4 rgb255=255,255,255
36 4 rgb255=255,255,255
37 4 rgb255=255,255,255
38 4 rgb255=255,255,255
39 4 rgb255=255,255,255
40 4 rgb255=255,255,255
41 4 rgb255=48,56,51
42 4 rgb255=48,53,43
43 4 rgb255=81,73,54
44 4 rgb255=75,64,45
45 4 rgb255=60,49,33
46 4 rgb255=74,56,32
47 4 rgb255=93,73,48
48 4 rgb255=84,79,65
49 4 rgb255=69,74,68
50 4 rgb255=52,56,48
51 4 rgb255=93,99,89
52 4 rgb255=117,122,114
53 4 rgb255=79,84,78
54 4 rgb255=85,90,85
55 4 rgb255=116,121,117
56 4 rgb255=119,125,119
57 4 rgb255=125,132,124
58 4 rgb255=117,124,117
59 4 rgb255=107,114,106
60 4 rgb255=85,92,85
61 4 rgb255=79,86,77
62 4 rgb255=88,96,83
63 4 rgb255=82,90,75
64 4 rgb255=57,66,50
65 4 rgb255=102,111,93
66 4 rgb255=118,127,109
67 4 rgb255=110,116,106
68 4 rgb255=94,99,93
69 4 rgb255=126,131,124
70 4 rgb255=92,97,90
71 4 rgb255=78,83,76
72 4 rgb255=80,85,77
73 4 rgb255=255,255,255
74 4 rgb255=255,255,255
75 4 rgb255=255,255,255
76 4 rgb255=255,255,255
77 4 rgb255=255,255,255
78 4 rgb255=255,255,255
79 4 rgb255=255,255,255
80 4 rgb255=255,255,255
81 4 rgb255=255,255,255
82 4 rgb255=158,158,158
83 4 rgb255=134,134,134
84 4 rgb255=124,124,124
85 4 rgb255=122,122,122
86 4 rgb255=145,145,145
87 4 rgb255=150,150,150
88 4 rgb255=125,125,125
89 4 rgb255=117,117,117
90 4 rgb255=124,124,124
91 4 rgb255=110,110,110
92 4 rgb255=87,87,87
93 4 rgb255=82,82,82
94 4 rgb255=85,85,85
95 4 rgb255=85,85,85
96 4 rgb255=94,94,94
97 4 rgb255=101,101,101
98 4 rgb255=92,92,92
99 4 rgb255=84,84,84
100 4 rgb255=91,91,91
101 4 rgb255=96,96,96
102 4 rgb255=100,100,100
103 4 rgb255=91,91,91
104 4 rgb255=77,77,77
105 4 rgb255=77,77,77
106 4 rgb255=82,82,82
107 4 rgb255=90,90,90
108 4 rgb255=105,105,105
109 4 rgb255=112,112,112
110 4 rgb255=101,101,101
111 4 rgb255=83,83,83
112 4 rgb255=76,76,76
113 4 rgb255=70,70,70
114 4 rgb255=255,255,255
115 4 rgb255=255,255,255
116 4 rgb255=255,255,255
117 4 rgb255=255,255,255
118 4 rgb255=255,255,255
119 4 rgb255=255,255,255
120 4 rgb255=255,255,255
121 4 rgb255=255,255,255
122 4 rgb255=255,255,255
123 4 rgb255=126,113,66
124 4 rgb255=125,116,66
125 4 rgb255=105,103,60
126 4 rgb255=106,104,65
127 4 rgb255=93,88,63
128 4 rgb255=93,88,65
129 4 rgb255=92,84,58
130 4 rgb255=117,103,62
131 4 rgb255=139,118,69
132 4 rgb255=139,121,78
133 4 rgb255=161,143,104
134 4 rgb255=191,164,118
135 4 rgb255=194,170,114
136 4 rgb255=194,175,123
137 4 rgb255=124,105,78
138 4 rgb255=76,67,63
139 4 rgb255=69,60,58
140 4 rgb255=85,81,73
141 4 rgb255=144,141,144
142 4 rgb255=137,137,138
143 4 rgb255=89,93,91
144 4 rgb255=121,141,154
145 4 rgb255=167,189,200
146 4 rgb255=198,196,199
147 4 rgb255=202,194,190
148 4 rgb255=243,242,237
149 4 rgb255=243,240,239
150 4 rgb255=211,210,207
151 4 rgb255=188,190,185
152 4 rgb255=156,133,108
153 4 rgb255=167,137,85
154 4 rgb255=127,98,71
155 4 rgb255=255,255,255
156 4 rgb255=255,255,255
157 4 rgb255=255,255,255
158 4 rgb255=255,255,255
159 4 rgb255=255,255,255
160 4 rgb255=255,255,255
161 4 rgb255=255,255,255
162 4 rgb255=255,255,255
163 4 rgb255=255,255,255
164 4 rgb255=154,143,136
165 4 rgb255=155,141,132
166 4 rgb255=156,141,132
167 4 rgb255=157,140,127
168 4 rgb255=159,140,123
169 4 rgb255=164,139,122
170 4 rgb255=167,141,120
171 4 rgb255=167,142,118
172 4 rgb255=168,144,116
173 4 rgb255=171,145,111
174 4 rgb255=175,145,109
175 4 rgb255=177,145,105
176 4 rgb255=179,146,101
177 4 rgb255=167,136,93
178 4 rgb255=149,119,81
179 4 rgb255=138,111,73
180 4 rgb255=111,92,53
181 4 rgb255=85,72,36
182 4 rgb255=74,63,28
183 4 rgb255=65,56,24
184 4 rgb255=58,52,23
185 4 rgb255=59,53,21
186 4 rgb255=59,54,23
187 4 rgb255=56,52,24
188 4 rgb255=57,51,22
189 4 rgb255=56,50,23
190 4 rgb255=56,49,23
191 4 rgb255=58,51,22
192 4 rgb255=61,52,22
193 4 rgb255=61,51,24
194 4 rgb255=59,50,24
195 4 rgb255=60,50,21
0 3 rgb255=255,255,255
1 3 rgb255=255,255,255
2 3 rgb255=255,255,255
3 3 rgb255=255,255,255
4 3 rgb255=255,255,255
5 3 rgb255=255,255,255
6 3 rgb255=255,255,255
7 3 rgb255=255,255,255
8 3 rgb255=219,219,219
9 3 rgb255=108,108,106
10 3 rgb255=193,193,193
11 3 rgb255=255,255,255
12 3 rgb255=254,254,254
13 3 rgb255=255,255,255
14 3 rgb255=255,255,255
15 3 rgb255=208,208,204
16 3 rgb255=89,87,85
17 3 rgb255=138,135,136
18 3 rgb255=247,247,247
19 3 rgb255=255,255,255
20 3 rgb255=255,255,255
21 3 rgb255=255,255,255
22 3 rgb255=255,255,255
23 3 rgb255=255,255,255
24 3 rgb255=255,255,255
25 3 rgb255=255,255,255
26 3 rgb255=255,255,255
27 3 rgb255=255,255,255
28 3 rgb255=255,255,255
29 3 rgb255=255,255,255
30 3 rgb255=255,255,255
31 3 rgb255=255,255,255
32 3 rgb255=255,255,255
33 3 rgb255=255,255,255
34 3 rgb255=255,255,255
35 3 rgb255=255,255,255
36 3 rgb255=255,255,255
37 3 rgb255=255,255,255
38 3 rgb255=255,255,255
39 3 rgb255=255,255,255
40 3 rgb255=255,255,255
41 3 rgb255=52,60,55
42 3 rgb255=69,72,61
43 3 rgb255=82,72,52
44 3 rgb255=71,59,43
45 3 rgb255=63,53,39
46 3 rgb255=72,54,32
47 3 rgb255=85,66,42
48 3 rgb255=62,58,44
49 3 rgb255=57,65,57
50 3 rgb255=96,103,92
51 3 rgb255=102,107,97
52 3 rgb255=85,91,83
53 3 rgb255=103,108,101
54 3 rgb255=113,118,113
55 3 rgb255=112,117,113
56 3 rgb255=109,115,107
57 3 rgb255=111,118,108
58 3 rgb255=107,115,104
59 3 rgb255=89,97,87
60 3 rgb255=77,84,74
61 3 rgb255=97,105,94
62 3 rgb255=76,84,69
63 3 rgb255=89,97,82
64 3 rgb255=105,113,97
65 3 rgb255=116,125,107
66 3 rgb255=107,116,97
67 3 rgb255=95,101,89
68 3 rgb255=86,92,83
69 3 rgb255=96,101,92
70 3 rgb255=79,85,75
71 3 rgb255=83,89,79
72 3 rgb255=81,86,77
73 3 rgb255=255,255,255
74 3 rgb255=255,255,255
75 3 rgb255=255,255,255
76 3 rgb255=255,255,255
77 3 rgb255=255,255,255
78 3 rgb255=255,255,255
79 3 rgb255=255,255,255
80 3 rgb255=255,255,255
81 3 rgb255=255,255,255
82 3 rgb255=100,100,100
83 3 rgb255=70,70,70
84 3 rgb255=75,75,75
85 3 rgb255=86,86,86
86 3 rgb255=104,104,104
87 3 rgb255=102,102,102
88 3 rgb255=91,91,91
89 3 rgb255=88,88,88
90 3 rgb255=96,96,96
91 3 rgb255=94,94,94
92 3 rgb255=67,67,67
93 3 rgb255=68,68,68
94 3 rgb255=68,68,68
95 3 rgb255=70,70,70
96 3 rgb255=76,76,76
97 3 rgb255=81,81,81
98 3 rgb255=79,79,79
99 3 rgb255=76,76,76
100 3 rgb255=82,82,82
101 3 rgb255=79,79,79
102 3 rgb255=77,77,77
103 3 rgb255=76,76,76
104 3 rgb255=71,71,71
105 3 rgb255=69,69,69
106 3 rgb255=74,74,74
107 3 rgb255=72,72,72
108 3 rgb255=78,78,78
109 3 rgb255=76,76,76
110 3 rgb255=77,77,77
111 3 rgb255=78,78,78
112 3 rgb255=70,70,70
113 3 rgb255=68,68,68
114 3 rgb255=255,255,255
115 3 rgb255=255,255,255
116 3 rgb255=255,255,255
117 3 rgb255=255,255,255
118 3 rgb255=255,255,255
119 3 rgb255=255,255,255
120 3 rgb255=255,255,255
121 3 rgb255=255,255,255
122 3 rgb255=255,255,255
123 3 rgb255=118,108,63
124 3 rgb255=119,111,62
125 3 rgb255=110,108,64
126 3 rgb255=109,108,67
127 3 rgb255=100,97,63
128 3 rgb255=93,86,65
129 3 rgb255=104,93,71
130 3 rgb255=117,101,68
131 3 rgb255=121,105,66
132 3 rgb255=137,120,76
133 3 rgb255=180,162,109
134 3 rgb255=181,160,108
135 3 rgb255=219,201,147
136 3 rgb255=231,216,151
137 3 rgb255=172,144,93
138 3 rgb255=112,94,69
139 3 rgb255=66,61,54
140 3 rgb255=70,63,59
141 3 rgb255=98,84,68
142 3 rgb255=100,81,71
143 3 rgb255=61,55,58
144 3 rgb255=92,96,101
145 3 rgb255=138,159,167
146 3 rgb255=162,170,174
147 3 rgb255=158,163,164
148 3 rgb255=195,202,203
149 3 rgb255=198,203,204
150 3 rgb255=155,157,152
151 3 rgb255=124,121,116
152 3 rgb255=108,89,78
153 3 rgb255=128,98,67
154 3 rgb255=167,134,82
155 3 rgb255=255,255,255
156 3 rgb255=255,255,255
157 3 rgb255=255,255,255
158 3 rgb255=255,255,255
159 3 rgb255=255,255,255
160 3 rgb255=255,255,255
161 3 rgb255=255,255,255
162 3 rgb255=255,255,255
163 3 rgb255=255,255,255
164 3 rgb255=158,147,142
165 3 rgb255=159,145,138
166 3 rgb255=159,145,136
167 3 rgb255=159,144,135
168 3 rgb255=158,143,131
169 3 rgb255=159,141,129
170 3 rgb255=158,140,125
171 3 rgb255=156,139,123
172 3 rgb255=153,136,119
173 3 rgb255=151,132,112
174 3 rgb255=146,129,108
175 3 rgb255=142,126,102
176 3 rgb255=138,121,97
177 3 rgb255=127,112,88
178 3 rgb255=115,103,78
179 3 rgb255=108,95,67
180 3 rgb255=95,85,55
181 3 rgb255=81,73,43
182 3 rgb255=72,64,32
183 3 rgb255=61,55,28
184 3 rgb255=53,48,25
185 3 rgb255=53,49,24
186 3 rgb255=55,50,25
187 3 rgb255=57,51,24
188 3 rgb255=55,49,21
189 3 rgb255=56,50,23
190 3 rgb255=55,49,23
191 3 rgb255=55,49,24
192 3 rgb255=56,50,25
193 3 rgb255=55,48,25
194 3 rgb255=53,47,26
195 3 rgb255=54,47,25
0 2 rgb255=255,255,255
1 2 rgb255=255,255,255
2 2 rgb255=255,255,255
3 2 rgb255=255,255,255
4 2 rgb255=255,255,255
5 2 rgb255=255,255,255
6 2 rgb255=255,255,255
7 2 rgb255=255,255,255
8 2 rgb255=232,232,231
9 2 rgb255=219,220,217
10 2 rgb255=251,251,249
11 2 rgb255=254,254,252
12 2 rgb255=255,255,253
13 2 rgb255=255,255,255
14 2 rgb255=254,255,254
15 2 rgb255=238,239,235
16 2 rgb255=211,212,209
17 2 rgb255=243,242,243
18 2 rgb255=254,254,254
19 2 rgb255=255,255,255
20 2 rgb255=255,255,255
21 2 rgb255=255,255,255
22 2 rgb255=255,255,255
23 2 rgb255=255,255,255
24 2 rgb255=255,255,255
25 2 rgb255=255,255,255
26 2 rgb255=255,255,255
27 2 rgb255=255,255,255
28 2 rgb255=255,255,255
29 2 rgb255=255,255,255
30 2 rgb255=255,255,255
31 2 rgb255=255,255,255
32 2 rgb255=255,255,255
33 2 rgb255=255,255,255
34 2 rgb255=255,255,255
35 2 rgb255=255,255,255
36 2 rgb255=255,255,255
37 2 rgb255=255,255,255
38 2 rgb255=255,255,255
39 2 rgb255=255,255,255
40 2 rgb255=255,255,255
41 2 rgb255=55,64,58
42 2 rgb255=51,54,40
43 2 rgb255=91,79,58
44 2 rgb255=68,56,40
45 2 rgb255=63,53,41
46 2 rgb255=70,53,32
47 2 rgb255=85,67,43
48 2 rgb255=59,57,42
49 2 rgb255=68,78,68
50 2 rgb255=99,107,95
51 2 rgb255=92,98,88
52 2 rgb255=107,113,105
53 2 rgb255=120,125,118
54 2 rgb255=122,127,122
55 2 rgb255=108,113,109
56 2 rgb255=112,118,110
57 2 rgb255=134,142,131
58 2 rgb255=109,117,106
59 2 rgb255=99,107,96
60 2 rgb255=115,123,113
61 2 rgb255=107,115,102
62 2 rgb255=65,73,59
63 2 rgb255=93,101,85
64 2 rgb255=105,114,97
65 2 rgb255=110,119,99
66 2 rgb255=104,113,93
67 2 rgb255=96,102,90
68 2 rgb255=86,92,82
69 2 rgb255=72,78,68
70 2 rgb255=82,88,78
71 2 rgb255=79,85,75
72 2 rgb255=92,98,89
73 2 rgb255=255,255,255
74 2 rgb255=255,255,255
75 2 rgb255=255,255,255
76 2 rgb255=255,255,255
77 2 rgb255=255,255,255
78 2 rgb255=255,255,255
79 2 rgb255=255,255,255
80 2 rgb255=255,255,255
81 2 rgb255=255,255,255
82 2 rgb255=122,122,122
83 2 rgb255=105,105,105
84 2 rgb255=118,118,118
85 2 rgb255=126,126,126
86 2 rgb255=125,125,125
87 2 rgb255=126,126,126
88 2 rgb255=124,124,124
89 2 rgb255=120,120,120
90 2 rgb255=111,111,111
91 2 rgb255=107,107,107
92 2 rgb255=99,99,99
93 2 rgb255=103,103,103
94 2 rgb255=102,102,102
95 2 rgb255=110,110,110
96 2 rgb255=115,115,115
97 2 rgb255=123,123,123
98 2 rgb255=119,119,119
99 2 rgb255=118,118,118
100 2 rgb255=125,125,125
101 2 rgb255=115,115,115
102 2 rgb255=106,106,106
103 2 rgb255=107,107,107
104 2 rgb255=104,104,104
105 2 rgb255=106,106,106
106 2 rgb255=113,113,113
107 2 rgb255=113,113,113
108 2 rgb255=113,113,113
109 2 rgb255=119,119,119
110 2 rgb255=123,123,123
111 2 rgb255=114,114,114
112 2 rgb255=98,98,98
113 2 rgb255=91,91,91
114 2 rgb255=255,255,255
115 2 rgb255=255,255,255
116 2 rgb255=255,255,255
117 2 rgb255=255,255,255
118 2 rgb255=255,255,255
119 2 rgb255=255,255,255
120 2 rgb255=255,255,255
121 2 rgb255=255,255,255
122 2 rgb255=255,255,255
123 2 rgb255=89,86,56
124 2 rgb255=105,100,61
125 2 rgb255=114,108,69
126 2 rgb255=104,102,69
127 2 rgb255=106,104,65
128 2 rgb255=113,102,73
129 2 rgb255=147,128,90
130 2 rgb255=147,127,86
131 2 rgb255=123,108,69
132 2 rgb255=144,127,82
133 2 rgb255=184,163,108
134 2 rgb255=172,155,101
135 2 rgb255=205,192,133
136 2 rgb255=237,229,168
137 2 rgb255=213,195,141
138 2 rgb255=160,138,96
139 2 rgb255=99,83,63
140 2 rgb255=67,59,59
141 2 rgb255=95,79,68
142 2 rgb255=123,98,68
143 2 rgb255=75,63,59
144 2 rgb255=59,56,60
145 2 rgb255=96,103,107
146 2 rgb255=83,83,85
147 2 rgb255=71,69,74
148 2 rgb255=112,121,124
149 2 rgb255=132,144,146
150 2 rgb255=93,89,86
151 2 rgb255=75,61,60
152 2 rgb255=94,70,68
153 2 rgb255=98,74,62
154 2 rgb255=113,87,67
155 2 rgb255=255,255,255
156 2 rgb255=255,255,255
157 2 rgb255=255,255,255
158 2 rgb255=255,255,255
159 2 rgb255=255,255,255
160 2 rgb255=255,255,255
161 2 rgb255=255,255,255
162 2 rgb255=255,255,255
163 2 rgb255=255,255,255
164 2 rgb255=154,146,144
165 2 rgb255=156,146,142
166 2 rgb255=158,147,141
167 2 rgb255=160,147,140
168 2 rgb255=163,148,139
169 2 rgb255=164,148,137
170 2 rgb255=165,147,134
171 2 rgb255=167,146,133
172 2 rgb255=166,144,129
173 2 rgb255=164,141,124
174 2 rgb255=161,138,118
175 2 rgb255=157,133,113
176 2 rgb255=153,128,109
177 2 rgb255=145,121,101
178 2 rgb255=135,113,92
179 2 rgb255=124,104,81
180 2 rgb255=110,94,71
181 2 rgb255=94,81,60
182 2 rgb255=80,69,48
183 2 rgb255=66,58,38
184 2 rgb255=53,49,30
185 2 rgb255=47,45,29
186 2 rgb255=45,43,27
187 2 rgb255=47,43,26
188 2 rgb255=46,43,24
189 2 rgb255=46,44,25
190 2 rgb255=46,43,26
191 2 rgb255=45,42,26
192 2 rgb255=46,43,26
193 2 rgb255=45,43,26
194 2 rgb255=47,43,28
195 2 rgb255=47,43,26
0 1 rgb255=255,255,255
1 1 rgb255=255,255,255
2 1 rgb255=255,255,255
3 1 rgb255=255,255,255
4 1 rgb255=255,255,255
5 1 rgb255=255,255,255
6 1 rgb255=255,255,255
7 1 rgb255=255,255,255
8 1 rgb255=255,255,255
9 1 rgb255=255,255,255
10 1 rgb255=255,255,255
11 1 rgb255=255,255,254
12 1 rgb255=255,255,254
13 1 rgb255=255,255,255
14 1 rgb255=254,255,254
15 1 rgb255=255,255,255
16 1 rgb255=255,255,255
17 1 rgb255=255,255,255
18 1 rgb255=255,255,255
19 1 rgb255=255,255,255
20 1 rgb255=255,255,255
21 1 rgb255=255,255,255
22 1 rgb255=255,255,255
23 1 rgb255=255,255,255
24 1 rgb255=255,255,255
25 1 rgb255=255,255,255
26 1 rgb255=255,255,255
27 1 rgb255=255,255,255
28 1 rgb255=255,255,255
29 1 rgb255=255,255,255
30 1 rgb255=255,255,255
31 1 rgb255=255,255,255
32 1 rgb255=255,255,255
33 1 rgb255=255,255,255
34 1 rgb255=255,255,255
35 1 rgb255=255,255,255
36 1 rgb255=255,255,255
37 1 rgb255=255,255,255
38 1 rgb255=255,255,255
39 1 rgb255=255,255,255
40 1 rgb255=255,255,255
41 1 rgb255=53,65,57
42 1 rgb255=80,81,66
43 1 rgb255=108,94,72
44 1 rgb255=68,55,39
45 1 rgb255=63,53,42
46 1 rgb255=65,48,29
47 1 rgb255=86,69,45
48 1 rgb255=63,61,46
49 1 rgb255=52,62,51
50 1 rgb255=76,85,71
51 1 rgb255=111,117,106
52 1 rgb255=115,120,113
53 1 rgb255=93,98,92
54 1 rgb255=106,111,107
55 1 rgb255=131,136,132
56 1 rgb255=96,103,94
57 1 rgb255=87,95,82
58 1 rgb255=66,74,62
59 1 rgb255=79,87,75
60 1 rgb255=93,101,89
61 1 rgb255=79,87,74
62 1 rgb255=84,93,77
63 1 rgb255=87,96,78
64 1 rgb255=67,76,57
65 1 rgb255=70,79,58
66 1 rgb255=77,86,64
67 1 rgb255=99,106,92
68 1 rgb255=89,95,84
69 1 rgb255=63,69,58
70 1 rgb255=83,89,78
71 1 rgb255=85,91,80
72 1 rgb255=69,75,66
73 1 rgb255=255,255,255
74 1 rgb255=255,255,255
75 1 rgb255=255,255,255
76 1 rgb255=255,255,255
77 1 rgb255=255,255,255
78 1 rgb255=255,255,255
79 1 rgb255=255,255,255
80 1 rgb255=255,255,255
81 1 rgb255=255,255,255
82 1 rgb255=144,144,144
83 1 rgb255=134,134,134
84 1 rgb255=131,131,131
85 1 rgb255=133,133,133
86 1 rgb255=144,144,144
87 1 rgb255=143,143,143
88 1 rgb255=134,134,134
89 1 rgb255=130,130,130
90 1 rgb255=133,133,133
91 1 rgb255=132,132,132
92 1 rgb255=126,126,126
93 1 rgb255=128,128,128
94 1 rgb255=129,129,129
95 1 rgb255=129,129,129
96 1 rgb255=132,132,132
97 1 rgb255=135,135,135
98 1 rgb255=130,130,130
99 1 rgb255=129,129,129
100 1 rgb255=136,136,136
101 1 rgb255=139,139,139
102 1 rgb255=133,133,133
103 1 rgb255=124,124,124
104 1 rgb255=122,122,122
105 1 rgb255=120,120,120
106 1 rgb255=120,120,120
107 1 rgb255=124,124,124
108 1 rgb255=133,133,133
109 1 rgb255=135,135,135
110 1 rgb255=134,134,134
111 1 rgb255=128,128,128
112 1 rgb255=129,129,129
113 1 rgb255=125,125,125
114 1 rgb255=255,255,255
115 1 rgb255=255,255,255
116 1 rgb255=255,255,255
117 1 rgb255=255,255,255
118 1 rgb255=255,255,255
119 1 rgb255=255,255,255
120 1 rgb255=255,255,255
121 1 rgb255=255,255,255
122 1 rgb255=255,255,255
123 1 rgb255=82,80,60
124 1 rgb255=90,87,60
125 1 rgb255=122,109,74
126 1 rgb255=99,95,67
127 1 rgb255=104,100,61
128 1 rgb255=127,116,77
129 1 rgb255=161,144,98
130 1 rgb255=157,137,93
131 1 rgb255=140,123,80
132 1 rgb255=148,130,87
133 1 rgb255=179,157,102
134 1 rgb255=211,197,145
135 1 rgb255=229,223,180
136 1 rgb255=243,237,195
137 1 rgb255=238,231,183
138 1 rgb255=196,174,122
139 1 rgb255=139,112,77
140 1 rgb255=88,75,66
141 1 rgb255=85,71,64
142 1 rgb255=121,99,70
143 1 rgb255=128,101,73
144 1 rgb255=67,61,59
145 1 rgb255=65,66,69
146 1 rgb255=59,57,63
147 1 rgb255=55,53,60
148 1 rgb255=78,82,86
149 1 rgb255=101,106,113
150 1 rgb255=78,72,75
151 1 rgb255=73,59,59
152 1 rgb255=89,64,67
153 1 rgb255=96,66,67
154 1 rgb255=97,67,66
155 1 rgb255=255,255,255
156 1 rgb255=255,255,255
157 1 rgb255=255,255,255
158 1 rgb255=255,255,255
159 1 rgb255=255,255,255
160 1 rgb255=255,255,255
161 1 rgb255=255,255,255
162 1 rgb255=255,255,255
163 1 rgb255=255,255,255
164 1 rgb255=142,138,135
165 1 rgb255=145,139,135
166 1 rgb255=147,141,136
167 1 rgb255=150,142,136
168 1 rgb255=153,143,137
169 1 rgb255=155,144,136
170 1 rgb255=158,145,134
171 1 rgb255=160,145,134
172 1 rgb255=162,143,129
173 1 rgb255=164,141,127
174 1 rgb255=164,139,125
175 1 rgb255=164,137,122
176 1 rgb255=163,134,117
177 1 rgb255=161,131,111
178 1 rgb255=156,127,105
179 1 rgb255=151,121,99
180 1 rgb255=144,113,91
181 1 rgb255=135,105,84
182 1 rgb255=126,99,78
183 1 rgb255=119,92,68
184 1 rgb255=110,85,60
185 1 rgb255=104,80,57
186 1 rgb255=98,75,54
187 1 rgb255=90,69,49
188 1 rgb255=82,65,43
189 1 rgb255=76,61,42
190 1 rgb255=68,55,39
191 1 rgb255=58,49,35
192 1 rgb255=53,47,33
193 1 rgb255=48,44,30
194 1 rgb255=45,42,28
195 1 rgb255=41,40,27
0 0 rgb255=255,255,255
1 0 rgb255=253,253,253
2 0 rgb255=253,253,253
3 0 rgb255=253,253,253
4 0 rgb255=253,253,253
5 0 rgb255=253,253,253
6 0 rgb255=253,253,253
7 0 rgb255=253,253,253
8 0 rgb255=253,253,253
9 0 rgb255=252,252,252
10 0 rgb255=253,253,253
11 0 rgb255=253,253,253
12 0 rgb255=253,253,253
13 0 rgb255=253,253,253
14 0 rgb255=253,253,253
15 0 rgb255=253,253,253
16 0 rgb255=252,252,252
17 0 rgb255=253,253,253
18 0 rgb255=253,253,253
19 0 rgb255=253,253,253
20 0 rgb255=253,253,253
21 0 rgb255=253,253,253
22 0 rgb255=253,253,253
23 0 rgb255=253,253,253
24 0 rgb255=253,253,253
25 0 rgb255=253,253,253
26 0 rgb255=253,253,253
27 0 rgb255=253,253,253
28 0 rgb255=253,253,253
29 0 rgb255=253,253,253
30 0 rgb255=253,253,253
31 0 rgb255=255,255,255
32 0 rgb255=255,255,255
33 0 rgb255=255,255,255
34 0 rgb255=255,255,255
35 0 rgb255=255,255,255
36 0 rgb255=255,255,255
37 0 rgb255=255,255,255
38 0 rgb255=255,255,255
39 0 rgb255=255,255,255
40 0 rgb255=255,255,255
41 0 rgb255=81,93,86
42 0 rgb255=83,83,68
43 0 rgb255=106,92,69
44 0 rgb255=66,52,38
45 0 rgb255=58,48,38
46 0 rgb255=60,43,25
47 0 rgb255=79,62,39
48 0 rgb255=66,66,49
49 0 rgb255=80,91,79
50 0 rgb255=93,102,88
51 0 rgb255=84,90,80
52 0 rgb255=90,95,88
53 0 rgb255=93,98,91
54 0 rgb255=103,108,103
55 0 rgb255=116,121,117
56 0 rgb255=106,113,103
57 0 rgb255=96,104,91
58 0 rgb255=72,80,67
59 0 rgb255=82,90,77
60 0 rgb255=78,86,73
61 0 rgb255=92,100,86
62 0 rgb255=108,117,100
63 0 rgb255=113,122,105
64 0 rgb255=94,103,84
65 0 rgb255=78,87,66
66 0 rgb255=80,89,67
67 0 rgb255=84,91,76
68 0 rgb255=95,100,89
69 0 rgb255=83,89,77
70 0 rgb255=95,101,89
71 0 rgb255=88,94,82
72 0 rgb255=84,90,80
73 0 rgb255=255,255,255
74 0 rgb255=255,255,255
75 0 rgb255=255,255,255
76 0 rgb255=255,255,255
77 0 rgb255=255,255,255
78 0 rgb255=255,255,255
79 0 rgb255=255,255,255
80 0 rgb255=255,255,255
81 0 rgb255=255,255,255
82 0 rgb255=215,215,215
83 0 rgb255=191,191,191
84 0 rgb255=188,188,188
85 0 rgb255=191,191,191
86 0 rgb255=195,195,195
87 0 rgb255=198,198,198
88 0 rgb255=196,196,196
89 0 rgb255=188,188,188
90 0 rgb255=151,151,151
91 0 rgb255=139,139,139
92 0 rgb255=138,138,138
93 0 rgb255=145,145,145
94 0 rgb255=156,156,156
95 0 rgb255=150,150,150
96 0 rgb255=140,140,140
97 0 rgb255=130,130,130
98 0 rgb255=123,123,123
99 0 rgb255=134,134,134
100 0 rgb255=147,147,147
101 0 rgb255=161,161,161
102 0 rgb255=155,155,155
103 0 rgb255=132,132,132
104 0 rgb255=135,135,135
105 0 rgb255=129,129,129
106 0 rgb255=133,133,133
107 0 rgb255=135,135,135
108 0 rgb255=134,134,134
109 0 rgb255=133,133,133
110 0 rgb255=131,131,131
111 0 rgb255=129,129,129
112 0 rgb255=140,140,140
113 0 rgb255=150,150,150
114 0 rgb255=255,255,255
115 0 rgb255=255,255,255
116 0 rgb255=255,255,255
117 0 rgb255=255,255,255
118 0 rgb255=255,255,255
119 0 rgb255=255,255,255
120 0 rgb255=255,255,255
121 0 rgb255=255,255,255
122 0 rgb255=255,255,255
123 0 rgb255=76,74,59
124 0 rgb255=74,68,60
125 0 rgb255=112,99,69
126 0 rgb255=107,101,67
127 0 rgb255=105,102,62
128 0 rgb255=116,113,70
129 0 rgb255=130,124,79
130 0 rgb255=129,116,80
131 0 rgb255=127,113,76
132 0 rgb255=116,101,65
133 0 rgb255=157,137,87
134 0 rgb255=218,210,162
135 0 rgb255=223,222,192
136 0 rgb255=223,210,172
137 0 rgb255=232,224,183
138 0 rgb255=206,189,137
139 0 rgb255=158,132,85
140 0 rgb255=120,99,76
141 0 rgb255=125,104,76
142 0 rgb255=152,129,86
143 0 rgb255=176,139,85
144 0 rgb255=130,105,74
145 0 rgb255=74,63,61
146 0 rgb255=62,55,58
147 0 rgb255=60,55,57
148 0 rgb255=59,55,58
149 0 rgb255=68,59,64
150 0 rgb255=63,57,60
151 0 rgb255=75,61,59
152 0 rgb255=82,64,64
153 0 rgb255=90,64,67
154 0 rgb255=96,66,63
155 0 rgb255=255,255,255
156 0 rgb255=255,255,255
157 0 rgb255=255,255,255
158 0 rgb255=255,255,255
159 0 rgb255=255,255,255
160 0 rgb255=255,255,255
161 0 rgb255=255,255,255
162 0 rgb255=255,255,255
163 0 rgb255=255,255,255
164 0 rgb255=117,115,112
165 0 rgb255=122,118,115
166 0 rgb255=126,122,118
167 0 rgb255=131,126,121
168 0 rgb255=135,130,126
169 0 rgb255=138,132,126
170 0 rgb255=141,131,126
171 0 rgb255=142,133,126
172 0 rgb255=142,132,123
173 0 rgb255=140,127,118
174 0 rgb255=140,126,118
175 0 rgb255=140,125,116
176 0 rgb255=139,122,110
177 0 rgb255=139,120,106
178 0 rgb255=140,119,104
179 0 rgb255=141,117,101
180 0 rgb255=141,114,95
181 0 rgb255=138,111,89
182 0 rgb255=136,107,86
183 0 rgb255=136,104,82
184 0 rgb255=134,102,77
185 0 rgb255=132,99,74
186 0 rgb255=130,96,71
187 0 rgb255=128,94,70
188 0 rgb255=125,92,67
189 0 rgb255=122,91,64
190 0 rgb255=119,87,62
191 0 rgb255=114,84,62
192 0 rgb255=110,82,58
193 0 rgb255=104,78,54
194 0 rgb255=96,73,49
195 0 rgb255=90,69,47
