x y c
0 72 rgb255=202,204,199
1 72 rgb255=202,204,199
2 72 rgb255=204,206,201
3 72 rgb255=206,208,203
4 72 rgb255=208,210,205
5 72 rgb255=209,211,206
6 72 rgb255=210,212,207
7 72 rgb255=212,214,210
8 72 rgb255=213,215,212
9 72 rgb255=215,217,214
10 72 rgb255=216,218,215
11 72 rgb255=216,218,215
12 72 rgb255=215,217,214
13 72 rgb255=216,218,215
14 72 rgb255=216,218,215
15 72 rgb255=216,218,214
16 72 rgb255=217,219,214
17 72 rgb255=217,219,214
18 72 rgb255=218,220,215
19 72 rgb255=218,219,214
20 72 rgb255=216,217,212
21 72 rgb255=217,218,213
22 72 rgb255=218,219,214
23 72 rgb255=214,215,209
24 72 rgb255=213,214,207
25 72 rgb255=212,213,206
26 72 rgb255=211,212,205
27 72 rgb255=209,210,203
28 72 rgb255=208,209,202
29 72 rgb255=207,208,200
30 72 rgb255=205,206,199
31 72 rgb255=203,204,198
32 72 rgb255=255,255,255
33 72 rgb255=255,255,255
34 72 rgb255=255,255,255
35 72 rgb255=255,255,255
36 72 rgb255=255,255,255
37 72 rgb255=255,255,255
38 72 rgb255=255,255,255
39 72 rgb255=255,255,255
40 72 rgb255=255,255,255
41 72 rgb255=170,180,198
42 72 rgb255=168,178,196
43 72 rgb255=177,185,203
44 72 rgb255=183,193,211
45 72 rgb255=181,196,218
46 72 rgb255=177,195,220
47 72 rgb255=181,195,223
48 72 rgb255=184,192,223
49 72 rgb255=189,190,223
50 72 rgb255=189,189,222
51 72 rgb255=188,193,224
52 72 rgb255=183,194,223
53 72 rgb255=182,194,223
54 72 rgb255=184,191,222
55 72 rgb255=184,190,227
56 72 rgb255=180,185,226
57 72 rgb255=177,187,223
58 72 rgb255=177,188,223
59 72 rgb255=177,188,223
60 72 rgb255=176,187,222
61 72 rgb255=175,186,221
62 72 rgb255=175,187,221
63 72 rgb255=173,185,220
64 72 rgb255=170,185,221
65 72 rgb255=169,185,221
66 72 rgb255=168,184,220
67 72 rgb255=166,182,218
68 72 rgb255=163,179,215
69 72 rgb255=163,179,215
70 72 rgb255=162,179,215
71 72 rgb255=158,178,214
72 72 rgb255=157,177,212
73 72 rgb255=255,255,255
74 72 rgb255=255,255,255
75 72 rgb255=255,255,255
76 72 rgb255=255,255,255
77 72 rgb255=255,255,255
78 72 rgb255=255,255,255
79 72 rgb255=255,255,255
80 72 rgb255=255,255,255
81 72 rgb255=255,255,255
82 72 rgb255=164,206,84
83 72 rgb255=105,140,61
84 72 rgb255=118,148,101
85 72 rgb255=129,158,115
86 72 rgb255=134,159,119
87 72 rgb255=146,170,124
88 72 rgb255=166,185,150
89 72 rgb255=183,195,178
90 72 rgb255=199,210,193
91 72 rgb255=174,190,163
92 72 rgb255=140,169,116
93 72 rgb255=154,196,104
94 72 rgb255=173,223,93
95 72 rgb255=178,230,83
96 72 rgb255=169,219,67
97 72 rgb255=177,227,73
98 72 rgb255=180,228,89
99 72 rgb255=178,225,85
100 72 rgb255=175,222,72
101 72 rgb255=192,236,100
102 72 rgb255=199,243,110
103 72 rgb255=203,243,97
104 72 rgb255=188,229,90
105 72 rgb255=169,206,94
106 72 rgb255=161,194,109
107 72 rgb255=151,187,121
108 72 rgb255=150,187,120
109 72 rgb255=133,169,95
110 72 rgb255=123,159,88
111 72 rgb255=109,147,73
112 72 rgb255=108,147,69
113 72 rgb255=91,129,57
114 72 rgb255=255,255,255
115 72 rgb255=255,255,255
116 72 rgb255=255,255,255
117 72 rgb255=255,255,255
118 72 rgb255=255,255,255
119 72 rgb255=255,255,255
120 72 rgb255=255,255,255
121 72 rgb255=255,255,255
122 72 rgb255=255,255,255
123 72 rgb255=125,125,116
124 72 rgb255=110,101,91
125 72 rgb255=102,90,83
126 72 rgb255=106,97,94
127 72 rgb255=106,99,96
128 72 rgb255=141,135,131
129 72 rgb255=175,170,166
130 72 rgb255=175,169,165
131 72 rgb255=148,141,136
132 72 rgb255=106,88,83
133 72 rgb255=74,54,49
134 72 rgb255=71,56,49
135 72 rgb255=73,61,53
136 72 rgb255=80,70,63
137 72 rgb255=96,83,77
138 72 rgb255=110,98,92
139 72 rgb255=124,113,107
140 72 rgb255=141,131,124
141 72 rgb255=156,146,142
142 72 rgb255=166,158,159
143 72 rgb255=179,171,174
144 72 rgb255=188,183,184
145 72 rgb255=196,193,194
146 72 rgb255=204,202,205
147 72 rgb255=207,208,214
148 72 rgb255=205,208,215
149 72 rgb255=203,208,215
150 72 rgb255=202,210,215
151 72 rgb255=202,210,215
152 72 rgb255=202,207,214
153 72 rgb255=200,205,212
154 72 rgb255=202,208,214
155 72 rgb255=255,255,255
156 72 rgb255=255,255,255
157 72 rgb255=255,255,255
158 72 rgb255=255,255,255
159 72 rgb255=255,255,255
160 72 rgb255=255,255,255
161 72 rgb255=255,255,255
162 72 rgb255=255,255,255
163 72 rgb255=255,255,255
164 72 rgb255=28,25,10
165 72 rgb255=37,34,19
166 72 rgb255=38,35,20
167 72 rgb255=42,37,23
168 72 rgb255=44,39,25
169 72 rgb255=40,37,22
170 72 rgb255=40,38,23
171 72 rgb255=24,23,9
172 72 rgb255=32,25,15
173 72 rgb255=43,27,19
174 72 rgb255=30,20,10
175 72 rgb255=32,30,17
176 72 rgb255=41,37,23
177 72 rgb255=52,48,34
178 72 rgb255=67,63,50
179 72 rgb255=50,46,32
180 72 rgb255=44,35,25
181 72 rgb255=43,35,25
182 72 rgb255=38,29,20
183 72 rgb255=38,30,20
184 72 rgb255=41,34,23
185 72 rgb255=47,39,25
186 72 rgb255=62,50,33
187 72 rgb255=87,71,50
188 72 rgb255=60,48,27
189 72 rgb255=49,42,24
190 72 rgb255=63,56,41
191 72 rgb255=59,51,40
192 72 rgb255=48,40,25
193 72 rgb255=76,67,39
194 72 rgb255=81,72,43
195 72 rgb255=85,76,47
0 71 rgb255=206,208,203
1 71 rgb255=206,208,203
2 71 rgb255=207,209,204
3 71 rgb255=209,211,207
4 71 rgb255=211,213,209
5 71 rgb255=212,214,210
6 71 rgb255=213,215,211
7 71 rgb255=215,217,214
8 71 rgb255=216,218,215
9 71 rgb255=218,220,217
10 71 rgb255=220,222,219
11 71 rgb255=220,222,219
12 71 rgb255=220,222,219
13 71 rgb255=220,222,220
14 71 rgb255=221,223,219
15 71 rgb255=220,222,218
16 71 rgb255=220,222,217
17 71 rgb255=221,223,218
18 71 rgb255=221,223,218
19 71 rgb255=220,222,217
20 71 rgb255=218,219,214
21 71 rgb255=215,216,211
22 71 rgb255=220,221,216
23 71 rgb255=220,221,215
24 71 rgb255=217,218,212
25 71 rgb255=215,216,210
26 71 rgb255=214,215,209
27 71 rgb255=213,214,208
28 71 rgb255=212,213,207
29 71 rgb255=210,211,205
30 71 rgb255=208,209,203
31 71 rgb255=206,207,201
32 71 rgb255=255,255,255
33 71 rgb255=255,255,255
34 71 rgb255=255,255,255
35 71 rgb255=255,255,255
36 71 rgb255=255,255,255
37 71 rgb255=255,255,255
38 71 rgb255=255,255,255
39 71 rgb255=255,255,255
40 71 rgb255=255,255,255
41 71 rgb255=168,181,198
42 71 rgb255=172,185,201
43 71 rgb255=171,183,200
44 71 rgb255=166,178,198
45 71 rgb255=171,189,212
46 71 rgb255=174,194,221
47 71 rgb255=177,193,224
48 71 rgb255=179,192,225
49 71 rgb255=180,191,224
50 71 rgb255=177,182,218
51 71 rgb255=169,174,209
52 71 rgb255=175,182,216
53 71 rgb255=172,182,214
54 71 rgb255=160,173,202
55 71 rgb255=162,174,209
56 71 rgb255=174,185,224
57 71 rgb255=173,187,221
58 71 rgb255=171,185,218
59 71 rgb255=172,186,219
60 71 rgb255=171,186,219
61 71 rgb255=170,185,218
62 71 rgb255=171,185,218
63 71 rgb255=169,183,217
64 71 rgb255=167,183,218
65 71 rgb255=166,182,218
66 71 rgb255=164,180,216
67 71 rgb255=163,179,215
68 71 rgb255=160,176,212
69 71 rgb255=161,177,213
70 71 rgb255=159,177,212
71 71 rgb255=156,176,211
72 71 rgb255=154,174,209
73 71 rgb255=255,255,255
74 71 rgb255=255,255,255
75 71 rgb255=255,255,255
76 71 rgb255=255,255,255
77 71 rgb255=255,255,255
78 71 rgb255=255,255,255
79 71 rgb255=255,255,255
80 71 rgb255=255,255,255
81 71 rgb255=255,255,255
82 71 rgb255=167,213,84
83 71 rgb255=116,160,49
84 71 rgb255=72,109,43
85 71 rgb255=101,133,93
86 71 rgb255=114,144,102
87 71 rgb255=126,153,105
88 71 rgb255=137,157,123
89 71 rgb255=157,173,151
90 71 rgb255=179,196,168
91 71 rgb255=191,216,167
92 71 rgb255=177,219,120
93 71 rgb255=168,227,81
94 71 rgb255=160,225,65
95 71 rgb255=158,216,71
96 71 rgb255=165,213,78
97 71 rgb255=176,226,77
98 71 rgb255=175,224,79
99 71 rgb255=179,227,91
100 71 rgb255=193,239,92
101 71 rgb255=203,245,99
102 71 rgb255=198,234,123
103 71 rgb255=189,223,135
104 71 rgb255=175,204,121
105 71 rgb255=139,166,90
106 71 rgb255=142,173,107
107 71 rgb255=142,178,116
108 71 rgb255=114,151,92
109 71 rgb255=127,163,98
110 71 rgb255=111,146,85
111 71 rgb255=105,142,79
112 71 rgb255=105,142,72
113 71 rgb255=89,127,57
114 71 rgb255=255,255,255
115 71 rgb255=255,255,255
116 71 rgb255=255,255,255
117 71 rgb255=255,255,255
118 71 rgb255=255,255,255
119 71 rgb255=255,255,255
120 71 rgb255=255,255,255
121 71 rgb255=255,255,255
122 71 rgb255=255,255,255
123 71 rgb255=142,146,142
124 71 rgb255=146,144,139
125 71 rgb255=176,172,170
126 71 rgb255=193,190,190
127 71 rgb255=187,191,195
128 71 rgb255=188,195,201
129 71 rgb255=187,194,200
130 71 rgb255=179,186,191
131 71 rgb255=187,193,197
132 71 rgb255=183,181,182
133 71 rgb255=149,143,144
134 71 rgb255=134,126,126
135 71 rgb255=118,108,108
136 71 rgb255=88,77,75
137 71 rgb255=67,53,44
138 71 rgb255=71,54,44
139 71 rgb255=80,60,49
140 71 rgb255=77,54,39
141 71 rgb255=82,58,42
142 71 rgb255=90,66,59
143 71 rgb255=94,73,67
144 71 rgb255=102,86,78
145 71 rgb255=111,99,90
146 71 rgb255=127,118,111
147 71 rgb255=143,136,137
148 71 rgb255=158,152,154
149 71 rgb255=170,167,168
150 71 rgb255=183,182,182
151 71 rgb255=192,194,195
152 71 rgb255=195,201,205
153 71 rgb255=198,205,209
154 71 rgb255=204,211,215
155 71 rgb255=255,255,255
156 71 rgb255=255,255,255
157 71 rgb255=255,255,255
158 71 rgb255=255,255,255
159 71 rgb255=255,255,255
160 71 rgb255=255,255,255
161 71 rgb255=255,255,255
162 71 rgb255=255,255,255
163 71 rgb255=255,255,255
164 71 rgb255=33,28,13
165 71 rgb255=34,30,14
166 71 rgb255=32,27,12
167 71 rgb255=39,33,18
168 71 rgb255=35,29,14
169 71 rgb255=38,33,17
170 71 rgb255=38,34,18
171 71 rgb255=40,36,19
172 71 rgb255=54,47,30
173 71 rgb255=48,34,19
174 71 rgb255=28,18,4
175 71 rgb255=40,35,19
176 71 rgb255=56,47,32
177 71 rgb255=66,57,42
178 71 rgb255=79,69,55
179 71 rgb255=47,37,25
180 71 rgb255=42,34,18
181 71 rgb255=50,42,25
182 71 rgb255=64,56,40
183 71 rgb255=47,39,23
184 71 rgb255=55,48,31
185 71 rgb255=81,73,53
186 71 rgb255=84,73,52
187 71 rgb255=109,95,70
188 71 rgb255=92,80,58
189 71 rgb255=59,51,32
190 71 rgb255=69,61,42
191 71 rgb255=79,72,52
192 71 rgb255=71,62,40
193 71 rgb255=95,82,55
194 71 rgb255=96,82,56
195 71 rgb255=85,72,45
0 70 rgb255=210,212,207
1 70 rgb255=211,213,208
2 70 rgb255=212,214,210
3 70 rgb255=214,216,213
4 70 rgb255=215,217,215
5 70 rgb255=217,219,216
6 70 rgb255=218,220,217
7 70 rgb255=219,221,219
8 70 rgb255=221,223,220
9 70 rgb255=221,223,220
10 70 rgb255=222,224,221
11 70 rgb255=223,225,222
12 70 rgb255=224,226,223
13 70 rgb255=226,228,225
14 70 rgb255=226,228,225
15 70 rgb255=226,228,224
16 70 rgb255=226,228,223
17 70 rgb255=227,229,224
18 70 rgb255=227,228,223
19 70 rgb255=226,228,223
20 70 rgb255=225,226,221
21 70 rgb255=221,222,217
22 70 rgb255=221,222,217
23 70 rgb255=223,224,219
24 70 rgb255=221,222,218
25 70 rgb255=219,220,216
26 70 rgb255=219,220,216
27 70 rgb255=218,219,214
28 70 rgb255=216,216,212
29 70 rgb255=214,214,210
30 70 rgb255=212,213,208
31 70 rgb255=210,211,206
32 70 rgb255=255,255,255
33 70 rgb255=255,255,255
34 70 rgb255=255,255,255
35 70 rgb255=255,255,255
36 70 rgb255=255,255,255
37 70 rgb255=255,255,255
38 70 rgb255=255,255,255
39 70 rgb255=255,255,255
40 70 rgb255=255,255,255
41 70 rgb255=154,170,186
42 70 rgb255=149,165,181
43 70 rgb255=129,144,162
44 70 rgb255=101,117,140
45 70 rgb255=104,125,151
46 70 rgb255=116,138,168
47 70 rgb255=123,140,175
48 70 rgb255=122,141,175
49 70 rgb255=116,137,170
50 70 rgb255=114,132,166
51 70 rgb255=104,119,154
52 70 rgb255=113,124,161
53 70 rgb255=113,126,159
54 70 rgb255=100,120,146
55 70 rgb255=94,114,147
56 70 rgb255=128,147,184
57 70 rgb255=164,182,215
58 70 rgb255=173,190,223
59 70 rgb255=171,188,221
60 70 rgb255=169,186,219
61 70 rgb255=169,186,218
62 70 rgb255=169,186,219
63 70 rgb255=167,184,217
64 70 rgb255=167,183,218
65 70 rgb255=165,181,217
66 70 rgb255=163,179,215
67 70 rgb255=163,179,215
68 70 rgb255=160,176,212
69 70 rgb255=162,178,214
70 70 rgb255=161,178,214
71 70 rgb255=157,177,212
72 70 rgb255=154,174,209
73 70 rgb255=255,255,255
74 70 rgb255=255,255,255
75 70 rgb255=255,255,255
76 70 rgb255=255,255,255
77 70 rgb255=255,255,255
78 70 rgb255=255,255,255
79 70 rgb255=255,255,255
80 70 rgb255=255,255,255
81 70 rgb255=255,255,255
82 70 rgb255=140,191,65
83 70 rgb255=142,193,66
84 70 rgb255=119,163,79
85 70 rgb255=137,175,127
86 70 rgb255=137,175,122
87 70 rgb255=110,142,88
88 70 rgb255=93,115,80
89 70 rgb255=120,141,113
90 70 rgb255=146,172,126
91 70 rgb255=163,200,109
92 70 rgb255=159,214,69
93 70 rgb255=161,231,50
94 70 rgb255=153,226,55
95 70 rgb255=140,200,61
96 70 rgb255=158,204,81
97 70 rgb255=171,219,80
98 70 rgb255=185,234,92
99 70 rgb255=198,243,120
100 70 rgb255=191,238,115
101 70 rgb255=197,241,101
102 70 rgb255=197,230,121
103 70 rgb255=174,200,156
104 70 rgb255=157,166,139
105 70 rgb255=101,114,73
106 70 rgb255=112,143,86
107 70 rgb255=139,179,108
108 70 rgb255=122,162,97
109 70 rgb255=113,150,84
110 70 rgb255=104,138,80
111 70 rgb255=104,139,84
112 70 rgb255=84,120,58
113 70 rgb255=78,115,49
114 70 rgb255=255,255,255
115 70 rgb255=255,255,255
116 70 rgb255=255,255,255
117 70 rgb255=255,255,255
118 70 rgb255=255,255,255
119 70 rgb255=255,255,255
120 70 rgb255=255,255,255
121 70 rgb255=255,255,255
122 70 rgb255=255,255,255
123 70 rgb255=180,185,183
124 70 rgb255=143,146,146
125 70 rgb255=156,157,157
126 70 rgb255=186,185,185
127 70 rgb255=193,194,195
128 70 rgb255=185,187,189
129 70 rgb255=191,193,195
130 70 rgb255=177,180,182
131 70 rgb255=176,179,181
132 70 rgb255=197,201,206
133 70 rgb255=206,208,214
134 70 rgb255=179,178,182
135 70 rgb255=169,163,166
136 70 rgb255=175,167,168
137 70 rgb255=150,144,141
138 70 rgb255=156,149,148
139 70 rgb255=172,161,161
140 70 rgb255=128,115,108
141 70 rgb255=65,48,34
142 70 rgb255=62,36,25
143 70 rgb255=64,38,26
144 70 rgb255=63,39,27
145 70 rgb255=66,46,33
146 70 rgb255=72,52,39
147 70 rgb255=75,50,40
148 70 rgb255=80,56,46
149 70 rgb255=84,63,53
150 70 rgb255=94,74,62
151 70 rgb255=109,93,85
152 70 rgb255=122,111,113
153 70 rgb255=139,128,131
154 70 rgb255=158,147,150
155 70 rgb255=255,255,255
156 70 rgb255=255,255,255
157 70 rgb255=255,255,255
158 70 rgb255=255,255,255
159 70 rgb255=255,255,255
160 70 rgb255=255,255,255
161 70 rgb255=255,255,255
162 70 rgb255=255,255,255
163 70 rgb255=255,255,255
164 70 rgb255=39,32,15
165 70 rgb255=40,33,17
166 70 rgb255=57,50,33
167 70 rgb255=46,41,23
168 70 rgb255=44,38,21
169 70 rgb255=40,34,17
170 70 rgb255=41,33,17
171 70 rgb255=66,60,40
172 70 rgb255=90,81,59
173 70 rgb255=57,45,24
174 70 rgb255=48,38,19
175 70 rgb255=72,64,43
176 70 rgb255=74,60,45
177 70 rgb255=76,61,46
178 70 rgb255=93,78,63
179 70 rgb255=66,52,38
180 70 rgb255=65,55,34
181 70 rgb255=80,70,49
182 70 rgb255=90,81,59
183 70 rgb255=67,58,36
184 70 rgb255=88,81,56
185 70 rgb255=96,87,61
186 70 rgb255=83,73,46
187 70 rgb255=105,94,65
188 70 rgb255=107,96,73
189 70 rgb255=86,76,57
190 70 rgb255=89,80,57
191 70 rgb255=93,85,56
192 70 rgb255=86,75,47
193 70 rgb255=93,76,52
194 70 rgb255=107,89,66
195 70 rgb255=95,77,54
0 69 rgb255=212,214,209
1 69 rgb255=213,215,210
2 69 rgb255=215,217,213
3 69 rgb255=217,219,217
4 69 rgb255=218,220,219
5 69 rgb255=220,222,221
6 69 rgb255=222,224,223
7 69 rgb255=224,226,223
8 69 rgb255=225,227,224
9 69 rgb255=226,228,225
10 69 rgb255=230,232,229
11 69 rgb255=230,232,229
12 69 rgb255=228,230,227
13 69 rgb255=229,231,228
14 69 rgb255=230,232,229
15 69 rgb255=231,233,229
16 69 rgb255=232,234,229
17 69 rgb255=233,235,230
18 69 rgb255=233,235,230
19 69 rgb255=233,235,229
20 69 rgb255=234,235,230
21 69 rgb255=232,233,228
22 69 rgb255=229,230,225
23 69 rgb255=228,229,226
24 69 rgb255=228,228,226
25 69 rgb255=226,226,224
26 69 rgb255=224,224,222
27 69 rgb255=222,222,220
28 69 rgb255=220,220,218
29 69 rgb255=218,218,216
30 69 rgb255=216,216,213
31 69 rgb255=213,214,209
32 69 rgb255=255,255,255
33 69 rgb255=255,255,255
34 69 rgb255=255,255,255
35 69 rgb255=255,255,255
36 69 rgb255=255,255,255
37 69 rgb255=255,255,255
38 69 rgb255=255,255,255
39 69 rgb255=255,255,255
40 69 rgb255=255,255,255
41 69 rgb255=96,114,129
42 69 rgb255=84,103,117
43 69 rgb255=86,103,122
44 69 rgb255=77,96,121
45 69 rgb255=69,93,121
46 69 rgb255=74,99,132
47 69 rgb255=77,97,134
48 69 rgb255=74,98,134
49 69 rgb255=66,97,130
50 69 rgb255=63,98,129
51 69 rgb255=74,104,137
52 69 rgb255=83,105,141
53 69 rgb255=91,112,144
54 69 rgb255=88,114,138
55 69 rgb255=77,103,133
56 69 rgb255=76,101,135
57 69 rgb255=106,127,158
58 69 rgb255=140,160,191
59 69 rgb255=160,180,211
60 69 rgb255=169,190,221
61 69 rgb255=168,188,220
62 69 rgb255=165,185,217
63 69 rgb255=163,183,215
64 69 rgb255=164,181,217
65 69 rgb255=164,180,216
66 69 rgb255=163,179,215
67 69 rgb255=163,179,215
68 69 rgb255=160,176,212
69 69 rgb255=161,176,212
70 69 rgb255=160,177,213
71 69 rgb255=156,176,211
72 69 rgb255=152,172,207
73 69 rgb255=255,255,255
74 69 rgb255=255,255,255
75 69 rgb255=255,255,255
76 69 rgb255=255,255,255
77 69 rgb255=255,255,255
78 69 rgb255=255,255,255
79 69 rgb255=255,255,255
80 69 rgb255=255,255,255
81 69 rgb255=255,255,255
82 69 rgb255=102,153,52
83 69 rgb255=134,187,73
84 69 rgb255=152,202,109
85 69 rgb255=118,165,91
86 69 rgb255=107,155,79
87 69 rgb255=118,155,89
88 69 rgb255=80,106,65
89 69 rgb255=76,102,68
90 69 rgb255=132,167,105
91 69 rgb255=165,213,99
92 69 rgb255=155,216,67
93 69 rgb255=127,197,31
94 69 rgb255=127,196,41
95 69 rgb255=144,202,67
96 69 rgb255=157,204,77
97 69 rgb255=179,225,98
98 69 rgb255=203,249,121
99 69 rgb255=191,234,127
100 69 rgb255=151,193,116
101 69 rgb255=168,204,125
102 69 rgb255=181,218,127
103 69 rgb255=169,219,159
104 69 rgb255=146,173,163
105 69 rgb255=77,91,89
106 69 rgb255=110,142,92
107 69 rgb255=149,191,110
108 69 rgb255=135,177,107
109 69 rgb255=116,154,85
110 69 rgb255=108,144,82
111 69 rgb255=91,126,71
112 69 rgb255=74,109,50
113 69 rgb255=75,112,49
114 69 rgb255=255,255,255
115 69 rgb255=255,255,255
116 69 rgb255=255,255,255
117 69 rgb255=255,255,255
118 69 rgb255=255,255,255
119 69 rgb255=255,255,255
120 69 rgb255=255,255,255
121 69 rgb255=255,255,255
122 69 rgb255=255,255,255
123 69 rgb255=197,198,196
124 69 rgb255=177,182,183
125 69 rgb255=149,153,152
126 69 rgb255=168,167,162
127 69 rgb255=182,180,177
128 69 rgb255=189,188,186
129 69 rgb255=197,196,194
130 69 rgb255=188,186,184
131 69 rgb255=179,178,178
132 69 rgb255=196,198,207
133 69 rgb255=202,204,214
134 69 rgb255=194,193,199
135 69 rgb255=173,171,173
136 69 rgb255=171,168,167
137 69 rgb255=179,179,176
138 69 rgb255=188,187,192
139 69 rgb255=200,197,208
140 69 rgb255=192,190,194
141 69 rgb255=118,114,107
142 69 rgb255=48,33,20
143 69 rgb255=51,32,19
144 69 rgb255=57,35,24
145 69 rgb255=62,37,27
146 69 rgb255=64,37,27
147 69 rgb255=66,34,22
148 69 rgb255=67,36,23
149 69 rgb255=65,37,24
150 69 rgb255=63,37,22
151 69 rgb255=62,38,25
152 69 rgb255=62,41,35
153 69 rgb255=65,43,38
154 69 rgb255=72,50,45
155 69 rgb255=255,255,255
156 69 rgb255=255,255,255
157 69 rgb255=255,255,255
158 69 rgb255=255,255,255
159 69 rgb255=255,255,255
160 69 rgb255=255,255,255
161 69 rgb255=255,255,255
162 69 rgb255=255,255,255
163 69 rgb255=255,255,255
164 69 rgb255=54,46,28
165 69 rgb255=62,55,36
166 69 rgb255=84,77,58
167 69 rgb255=62,58,39
168 69 rgb255=70,65,46
169 69 rgb255=55,48,30
170 69 rgb255=78,68,51
171 69 rgb255=85,75,54
172 69 rgb255=99,90,64
173 69 rgb255=84,74,48
174 69 rgb255=95,85,59
175 69 rgb255=90,79,55
176 69 rgb255=96,79,61
177 69 rgb255=103,85,68
178 69 rgb255=93,76,59
179 69 rgb255=95,78,60
180 69 rgb255=94,83,58
181 69 rgb255=100,90,64
182 69 rgb255=94,84,58
183 69 rgb255=87,77,51
184 69 rgb255=92,83,54
185 69 rgb255=89,80,50
186 69 rgb255=96,87,56
187 69 rgb255=96,87,56
188 69 rgb255=83,72,48
189 69 rgb255=76,65,45
190 69 rgb255=95,85,58
191 69 rgb255=104,96,61
192 69 rgb255=97,86,53
193 69 rgb255=101,80,59
194 69 rgb255=99,78,57
195 69 rgb255=91,70,49
0 68 rgb255=215,217,212
1 68 rgb255=216,218,213
2 68 rgb255=218,220,215
3 68 rgb255=219,221,219
4 68 rgb255=221,223,222
5 68 rgb255=222,224,223
6 68 rgb255=224,226,225
7 68 rgb255=225,227,224
8 68 rgb255=227,229,225
9 68 rgb255=224,226,223
10 68 rgb255=209,211,209
11 68 rgb255=223,224,222
12 68 rgb255=232,234,231
13 68 rgb255=232,234,231
14 68 rgb255=234,236,233
15 68 rgb255=235,237,232
16 68 rgb255=237,239,234
17 68 rgb255=237,239,235
18 68 rgb255=238,240,235
19 68 rgb255=240,241,237
20 68 rgb255=240,241,236
21 68 rgb255=240,241,236
22 68 rgb255=240,241,236
23 68 rgb255=238,239,236
24 68 rgb255=237,237,235
25 68 rgb255=236,236,234
26 68 rgb255=234,234,232
27 68 rgb255=231,231,229
28 68 rgb255=228,229,227
29 68 rgb255=225,225,223
30 68 rgb255=221,221,219
31 68 rgb255=218,219,215
32 68 rgb255=255,255,255
33 68 rgb255=255,255,255
34 68 rgb255=255,255,255
35 68 rgb255=255,255,255
36 68 rgb255=255,255,255
37 68 rgb255=255,255,255
38 68 rgb255=255,255,255
39 68 rgb255=255,255,255
40 68 rgb255=255,255,255
41 68 rgb255=80,102,120
42 68 rgb255=79,101,118
43 68 rgb255=80,101,121
44 68 rgb255=81,102,126
45 68 rgb255=79,103,130
46 68 rgb255=82,105,136
47 68 rgb255=88,105,142
48 68 rgb255=80,105,139
49 68 rgb255=70,105,136
50 68 rgb255=53,95,125
51 68 rgb255=54,93,126
52 68 rgb255=61,94,129
53 68 rgb255=73,104,136
54 68 rgb255=76,108,136
55 68 rgb255=81,110,142
56 68 rgb255=73,98,134
57 68 rgb255=71,98,131
58 68 rgb255=75,102,134
59 68 rgb255=91,116,149
60 68 rgb255=120,144,177
61 68 rgb255=141,164,196
62 68 rgb255=157,181,213
63 68 rgb255=161,183,216
64 68 rgb255=164,180,215
65 68 rgb255=163,179,214
66 68 rgb255=163,179,214
67 68 rgb255=160,178,214
68 68 rgb255=158,176,213
69 68 rgb255=157,175,212
70 68 rgb255=156,175,211
71 68 rgb255=154,174,210
72 68 rgb255=150,170,206
73 68 rgb255=255,255,255
74 68 rgb255=255,255,255
75 68 rgb255=255,255,255
76 68 rgb255=255,255,255
77 68 rgb255=255,255,255
78 68 rgb255=255,255,255
79 68 rgb255=255,255,255
80 68 rgb255=255,255,255
81 68 rgb255=255,255,255
82 68 rgb255=73,123,49
83 68 rgb255=101,153,64
84 68 rgb255=120,172,80
85 68 rgb255=112,167,65
86 68 rgb255=104,159,60
87 68 rgb255=134,176,97
88 68 rgb255=117,145,98
89 68 rgb255=94,123,83
90 68 rgb255=121,162,97
91 68 rgb255=119,170,78
92 68 rgb255=115,172,64
93 68 rgb255=131,192,68
94 68 rgb255=131,191,55
95 68 rgb255=149,203,59
96 68 rgb255=174,222,85
97 68 rgb255=191,235,118
98 68 rgb255=190,235,122
99 68 rgb255=170,211,120
100 68 rgb255=149,187,120
101 68 rgb255=176,207,138
102 68 rgb255=167,212,155
103 68 rgb255=122,204,193
104 68 rgb255=115,191,212
105 68 rgb255=79,113,132
106 68 rgb255=120,150,113
107 68 rgb255=132,175,95
108 68 rgb255=107,149,82
109 68 rgb255=103,142,78
110 68 rgb255=98,135,70
111 68 rgb255=79,115,56
112 68 rgb255=70,105,46
113 68 rgb255=78,115,53
114 68 rgb255=255,255,255
115 68 rgb255=255,255,255
116 68 rgb255=255,255,255
117 68 rgb255=255,255,255
118 68 rgb255=255,255,255
119 68 rgb255=255,255,255
120 68 rgb255=255,255,255
121 68 rgb255=255,255,255
122 68 rgb255=255,255,255
123 68 rgb255=156,153,149
124 68 rgb255=170,172,171
125 68 rgb255=158,157,154
126 68 rgb255=151,148,140
127 68 rgb255=159,158,156
128 68 rgb255=181,182,183
129 68 rgb255=189,190,191
130 68 rgb255=183,185,186
131 68 rgb255=173,174,177
132 68 rgb255=197,196,206
133 68 rgb255=204,202,213
134 68 rgb255=199,198,203
135 68 rgb255=190,188,187
136 68 rgb255=131,129,122
137 68 rgb255=144,138,129
138 68 rgb255=186,181,183
139 68 rgb255=193,190,202
140 68 rgb255=186,187,194
141 68 rgb255=132,135,131
142 68 rgb255=43,37,29
143 68 rgb255=31,20,12
144 68 rgb255=41,24,17
145 68 rgb255=51,27,22
146 68 rgb255=58,31,26
147 68 rgb255=59,35,29
148 68 rgb255=58,36,29
149 68 rgb255=56,36,29
150 68 rgb255=55,37,29
151 68 rgb255=54,37,27
152 68 rgb255=54,35,22
153 68 rgb255=53,34,21
154 68 rgb255=52,33,20
155 68 rgb255=255,255,255
156 68 rgb255=255,255,255
157 68 rgb255=255,255,255
158 68 rgb255=255,255,255
159 68 rgb255=255,255,255
160 68 rgb255=255,255,255
161 68 rgb255=255,255,255
162 68 rgb255=255,255,255
163 68 rgb255=255,255,255
164 68 rgb255=74,66,47
165 68 rgb255=72,64,45
166 68 rgb255=78,69,50
167 68 rgb255=85,82,61
168 68 rgb255=95,90,70
169 68 rgb255=77,68,49
170 68 rgb255=103,89,72
171 68 rgb255=98,84,62
172 68 rgb255=80,70,42
173 68 rgb255=93,84,55
174 68 rgb255=99,90,61
175 68 rgb255=93,79,53
176 68 rgb255=101,83,62
177 68 rgb255=105,87,67
178 68 rgb255=84,66,45
179 68 rgb255=84,67,45
180 68 rgb255=86,75,48
181 68 rgb255=87,77,49
182 68 rgb255=80,71,42
183 68 rgb255=87,78,49
184 68 rgb255=80,69,38
185 68 rgb255=91,81,48
186 68 rgb255=93,84,53
187 68 rgb255=74,66,36
188 68 rgb255=81,71,47
189 68 rgb255=77,66,45
190 68 rgb255=89,79,51
191 68 rgb255=82,73,39
192 68 rgb255=84,73,40
193 68 rgb255=78,59,37
194 68 rgb255=72,53,32
195 68 rgb255=84,64,43
0 67 rgb255=218,220,217
1 67 rgb255=218,220,216
2 67 rgb255=220,222,218
3 67 rgb255=221,223,221
4 67 rgb255=223,225,222
5 67 rgb255=225,227,224
6 67 rgb255=226,228,225
7 67 rgb255=226,228,223
8 67 rgb255=232,235,228
9 67 rgb255=183,185,183
10 67 rgb255=79,80,84
11 67 rgb255=155,157,160
12 67 rgb255=236,238,235
13 67 rgb255=235,237,232
14 67 rgb255=236,238,236
15 67 rgb255=239,241,237
16 67 rgb255=241,243,240
17 67 rgb255=244,245,244
18 67 rgb255=244,246,245
19 67 rgb255=241,245,243
20 67 rgb255=242,245,242
21 67 rgb255=243,245,240
22 67 rgb255=245,246,241
23 67 rgb255=246,246,242
24 67 rgb255=245,246,241
25 67 rgb255=245,246,242
26 67 rgb255=244,245,241
27 67 rgb255=243,244,241
28 67 rgb255=240,241,239
29 67 rgb255=236,238,235
30 67 rgb255=232,234,231
31 67 rgb255=228,230,228
32 67 rgb255=255,255,255
33 67 rgb255=255,255,255
34 67 rgb255=255,255,255
35 67 rgb255=255,255,255
36 67 rgb255=255,255,255
37 67 rgb255=255,255,255
38 67 rgb255=255,255,255
39 67 rgb255=255,255,255
40 67 rgb255=255,255,255
41 67 rgb255=71,96,118
42 67 rgb255=76,101,122
43 67 rgb255=76,101,123
44 67 rgb255=75,99,121
45 67 rgb255=74,99,121
46 67 rgb255=80,102,127
47 67 rgb255=89,101,136
48 67 rgb255=74,96,128
49 67 rgb255=65,100,128
50 67 rgb255=66,105,137
51 67 rgb255=53,91,127
52 67 rgb255=47,85,120
53 67 rgb255=54,92,127
54 67 rgb255=60,98,133
55 67 rgb255=73,104,141
56 67 rgb255=76,101,140
57 67 rgb255=62,97,133
58 67 rgb255=65,100,136
59 67 rgb255=68,96,134
60 67 rgb255=75,100,137
61 67 rgb255=86,112,146
62 67 rgb255=111,137,172
63 67 rgb255=146,170,206
64 67 rgb255=158,176,213
65 67 rgb255=165,182,219
66 67 rgb255=160,177,214
67 67 rgb255=155,175,214
68 67 rgb255=154,175,216
69 67 rgb255=152,174,214
70 67 rgb255=151,173,213
71 67 rgb255=150,172,213
72 67 rgb255=147,169,210
73 67 rgb255=255,255,255
74 67 rgb255=255,255,255
75 67 rgb255=255,255,255
76 67 rgb255=255,255,255
77 67 rgb255=255,255,255
78 67 rgb255=255,255,255
79 67 rgb255=255,255,255
80 67 rgb255=255,255,255
81 67 rgb255=255,255,255
82 67 rgb255=69,116,54
83 67 rgb255=85,131,58
84 67 rgb255=96,143,63
85 67 rgb255=103,154,62
86 67 rgb255=120,178,78
87 67 rgb255=133,185,93
88 67 rgb255=139,181,105
89 67 rgb255=103,143,71
90 67 rgb255=109,153,77
91 67 rgb255=118,162,95
92 67 rgb255=96,143,70
93 67 rgb255=128,178,85
94 67 rgb255=154,206,84
95 67 rgb255=149,206,62
96 67 rgb255=159,220,77
97 67 rgb255=163,217,98
98 67 rgb255=171,220,113
99 67 rgb255=158,202,113
100 67 rgb255=162,201,120
101 67 rgb255=172,213,121
102 67 rgb255=145,202,160
103 67 rgb255=48,121,187
104 67 rgb255=46,120,186
105 67 rgb255=81,119,154
106 67 rgb255=123,149,135
107 67 rgb255=112,149,99
108 67 rgb255=101,141,81
109 67 rgb255=104,145,79
110 67 rgb255=90,130,65
111 67 rgb255=78,116,57
112 67 rgb255=82,118,61
113 67 rgb255=83,117,62
114 67 rgb255=255,255,255
115 67 rgb255=255,255,255
116 67 rgb255=255,255,255
117 67 rgb255=255,255,255
118 67 rgb255=255,255,255
119 67 rgb255=255,255,255
120 67 rgb255=255,255,255
121 67 rgb255=255,255,255
122 67 rgb255=255,255,255
123 67 rgb255=138,137,128
124 67 rgb255=112,105,94
125 67 rgb255=117,101,92
126 67 rgb255=141,134,123
127 67 rgb255=145,144,138
128 67 rgb255=169,170,167
129 67 rgb255=191,192,192
130 67 rgb255=182,185,188
131 67 rgb255=169,172,177
132 67 rgb255=187,187,193
133 67 rgb255=199,199,206
134 67 rgb255=194,192,196
135 67 rgb255=150,141,136
136 67 rgb255=81,65,52
137 67 rgb255=92,76,63
138 67 rgb255=169,159,154
139 67 rgb255=192,188,192
140 67 rgb255=192,192,196
141 67 rgb255=177,177,178
142 67 rgb255=136,130,135
143 67 rgb255=109,101,104
144 67 rgb255=94,85,84
145 67 rgb255=81,71,66
146 67 rgb255=69,57,50
147 67 rgb255=58,46,39
148 67 rgb255=49,37,30
149 67 rgb255=44,32,25
150 67 rgb255=43,32,24
151 67 rgb255=44,33,26
152 67 rgb255=50,37,31
153 67 rgb255=56,42,36
154 67 rgb255=66,52,46
155 67 rgb255=255,255,255
156 67 rgb255=255,255,255
157 67 rgb255=255,255,255
158 67 rgb255=255,255,255
159 67 rgb255=255,255,255
160 67 rgb255=255,255,255
161 67 rgb255=255,255,255
162 67 rgb255=255,255,255
163 67 rgb255=255,255,255
164 67 rgb255=76,66,45
165 67 rgb255=68,57,37
166 67 rgb255=69,58,38
167 67 rgb255=74,71,48
168 67 rgb255=78,74,51
169 67 rgb255=81,71,51
170 67 rgb255=89,73,54
171 67 rgb255=90,73,51
172 67 rgb255=79,67,39
173 67 rgb255=66,59,30
174 67 rgb255=81,71,43
175 67 rgb255=91,75,49
176 67 rgb255=87,72,47
177 67 rgb255=86,71,46
178 67 rgb255=90,74,49
179 67 rgb255=85,70,44
180 67 rgb255=81,69,41
181 67 rgb255=82,71,43
182 67 rgb255=78,67,39
183 67 rgb255=85,74,46
184 67 rgb255=87,75,43
185 67 rgb255=91,80,48
186 67 rgb255=83,75,46
187 67 rgb255=80,73,46
188 67 rgb255=87,78,54
189 67 rgb255=91,79,55
190 67 rgb255=98,86,61
191 67 rgb255=74,63,35
192 67 rgb255=59,47,20
193 67 rgb255=71,55,35
194 67 rgb255=72,56,35
195 67 rgb255=94,78,58
0 66 rgb255=221,223,220
1 66 rgb255=221,223,220
2 66 rgb255=222,224,221
3 66 rgb255=224,226,223
4 66 rgb255=226,228,224
5 66 rgb255=230,232,229
6 66 rgb255=232,234,231
7 66 rgb255=231,233,229
8 66 rgb255=235,238,232
9 66 rgb255=170,172,171
10 66 rgb255=34,34,42
11 66 rgb255=92,92,101
12 66 rgb255=223,224,224
13 66 rgb255=238,240,234
14 66 rgb255=238,240,236
15 66 rgb255=235,237,234
16 66 rgb255=216,218,216
17 66 rgb255=194,195,196
18 66 rgb255=200,202,205
19 66 rgb255=237,242,242
20 66 rgb255=244,247,245
21 66 rgb255=245,246,242
22 66 rgb255=247,248,242
23 66 rgb255=248,249,244
24 66 rgb255=249,250,245
25 66 rgb255=250,251,246
26 66 rgb255=250,251,246
27 66 rgb255=250,252,248
28 66 rgb255=249,251,248
29 66 rgb255=247,249,246
30 66 rgb255=246,248,245
31 66 rgb255=243,245,243
32 66 rgb255=255,255,255
33 66 rgb255=255,255,255
34 66 rgb255=255,255,255
35 66 rgb255=255,255,255
36 66 rgb255=255,255,255
37 66 rgb255=255,255,255
38 66 rgb255=255,255,255
39 66 rgb255=255,255,255
40 66 rgb255=255,255,255
41 66 rgb255=62,89,110
42 66 rgb255=64,91,112
43 66 rgb255=65,92,113
44 66 rgb255=73,100,121
45 66 rgb255=72,100,121
46 66 rgb255=79,103,127
47 66 rgb255=87,103,135
48 66 rgb255=72,97,127
49 66 rgb255=54,89,115
50 66 rgb255=62,98,129
51 66 rgb255=60,96,130
52 66 rgb255=50,86,121
53 66 rgb255=46,85,118
54 66 rgb255=50,93,125
55 66 rgb255=59,99,132
56 66 rgb255=65,101,135
57 66 rgb255=62,99,133
58 66 rgb255=65,100,135
59 66 rgb255=72,100,137
60 66 rgb255=74,101,136
61 66 rgb255=73,102,134
62 66 rgb255=71,100,131
63 66 rgb255=91,118,152
64 66 rgb255=104,126,167
65 66 rgb255=132,153,195
66 66 rgb255=149,170,212
67 66 rgb255=155,177,221
68 66 rgb255=154,177,222
69 66 rgb255=150,173,218
70 66 rgb255=146,171,218
71 66 rgb255=142,171,220
72 66 rgb255=139,168,217
73 66 rgb255=255,255,255
74 66 rgb255=255,255,255
75 66 rgb255=255,255,255
76 66 rgb255=255,255,255
77 66 rgb255=255,255,255
78 66 rgb255=255,255,255
79 66 rgb255=255,255,255
80 66 rgb255=255,255,255
81 66 rgb255=255,255,255
82 66 rgb255=76,117,59
83 66 rgb255=80,122,51
84 66 rgb255=113,155,82
85 66 rgb255=86,132,59
86 66 rgb255=89,146,51
87 66 rgb255=88,148,40
88 66 rgb255=135,192,78
89 66 rgb255=160,214,95
90 66 rgb255=171,220,108
91 66 rgb255=166,210,121
92 66 rgb255=128,172,86
93 66 rgb255=114,161,65
94 66 rgb255=137,187,72
95 66 rgb255=134,193,59
96 66 rgb255=121,192,47
97 66 rgb255=140,205,72
98 66 rgb255=166,222,104
99 66 rgb255=171,220,113
100 66 rgb255=177,220,122
101 66 rgb255=166,216,121
102 66 rgb255=110,174,129
103 66 rgb255=14,61,145
104 66 rgb255=8,48,110
105 66 rgb255=47,77,95
106 66 rgb255=71,97,81
107 66 rgb255=96,128,91
108 66 rgb255=105,144,87
109 66 rgb255=105,147,79
110 66 rgb255=92,133,71
111 66 rgb255=88,126,70
112 66 rgb255=82,117,64
113 66 rgb255=88,119,74
114 66 rgb255=255,255,255
115 66 rgb255=255,255,255
116 66 rgb255=255,255,255
117 66 rgb255=255,255,255
118 66 rgb255=255,255,255
119 66 rgb255=255,255,255
120 66 rgb255=255,255,255
121 66 rgb255=255,255,255
122 66 rgb255=255,255,255
123 66 rgb255=152,152,143
124 66 rgb255=105,95,82
125 66 rgb255=92,71,59
126 66 rgb255=108,99,87
127 66 rgb255=121,119,109
128 66 rgb255=146,145,139
129 66 rgb255=178,178,175
130 66 rgb255=197,199,201
131 66 rgb255=186,189,193
132 66 rgb255=180,180,183
133 66 rgb255=196,196,199
134 66 rgb255=157,154,155
135 66 rgb255=93,81,75
136 66 rgb255=83,62,49
137 66 rgb255=76,56,43
138 66 rgb255=143,131,125
139 66 rgb255=176,172,173
140 66 rgb255=182,182,185
141 66 rgb255=193,192,195
142 66 rgb255=197,194,201
143 66 rgb255=199,196,202
144 66 rgb255=190,188,191
145 66 rgb255=180,178,178
146 66 rgb255=169,165,163
147 66 rgb255=146,137,132
148 66 rgb255=114,104,99
149 66 rgb255=77,68,63
150 66 rgb255=88,79,74
151 66 rgb255=116,107,103
152 66 rgb255=135,126,126
153 66 rgb255=144,135,135
154 66 rgb255=162,153,153
155 66 rgb255=255,255,255
156 66 rgb255=255,255,255
157 66 rgb255=255,255,255
158 66 rgb255=255,255,255
159 66 rgb255=255,255,255
160 66 rgb255=255,255,255
161 66 rgb255=255,255,255
162 66 rgb255=255,255,255
163 66 rgb255=255,255,255
164 66 rgb255=77,66,44
165 66 rgb255=74,63,41
166 66 rgb255=73,62,40
167 66 rgb255=70,68,43
168 66 rgb255=67,63,39
169 66 rgb255=84,72,50
170 66 rgb255=94,75,55
171 66 rgb255=98,77,56
172 66 rgb255=82,67,42
173 66 rgb255=72,66,38
174 66 rgb255=75,64,37
175 66 rgb255=75,57,32
176 66 rgb255=81,69,41
177 66 rgb255=87,75,47
178 66 rgb255=91,80,52
179 66 rgb255=82,70,42
180 66 rgb255=90,77,50
181 66 rgb255=85,71,45
182 66 rgb255=95,81,55
183 66 rgb255=103,89,63
184 66 rgb255=104,90,60
185 66 rgb255=91,78,48
186 66 rgb255=78,69,43
187 66 rgb255=79,74,50
188 66 rgb255=95,86,62
189 66 rgb255=95,81,57
190 66 rgb255=91,76,54
191 66 rgb255=71,57,37
192 66 rgb255=65,51,32
193 66 rgb255=85,73,53
194 66 rgb255=80,68,49
195 66 rgb255=80,67,48
0 65 rgb255=222,224,221
1 65 rgb255=223,225,222
2 65 rgb255=225,227,224
3 65 rgb255=227,229,226
4 65 rgb255=230,232,229
5 65 rgb255=187,189,186
6 65 rgb255=172,174,171
7 65 rgb255=227,229,228
8 65 rgb255=243,245,241
9 65 rgb255=179,181,180
10 65 rgb255=38,38,46
11 65 rgb255=47,47,60
12 65 rgb255=191,192,197
13 65 rgb255=240,243,237
14 65 rgb255=242,245,238
15 65 rgb255=186,188,185
16 65 rgb255=82,84,83
17 65 rgb255=63,64,67
18 65 rgb255=72,73,77
19 65 rgb255=184,188,189
20 65 rgb255=246,250,249
21 65 rgb255=245,246,244
22 65 rgb255=247,248,244
23 65 rgb255=249,250,245
24 65 rgb255=249,250,245
25 65 rgb255=250,251,246
26 65 rgb255=251,253,248
27 65 rgb255=252,254,251
28 65 rgb255=252,254,251
29 65 rgb255=252,254,251
30 65 rgb255=252,254,252
31 65 rgb255=252,254,253
32 65 rgb255=255,255,255
33 65 rgb255=255,255,255
34 65 rgb255=255,255,255
35 65 rgb255=255,255,255
36 65 rgb255=255,255,255
37 65 rgb255=255,255,255
38 65 rgb255=255,255,255
39 65 rgb255=255,255,255
40 65 rgb255=255,255,255
41 65 rgb255=56,88,108
42 65 rgb255=57,88,108
43 65 rgb255=55,86,106
44 65 rgb255=63,94,114
45 65 rgb255=63,94,114
46 65 rgb255=72,101,122
47 65 rgb255=78,104,129
48 65 rgb255=70,99,123
49 65 rgb255=58,93,115
50 65 rgb255=57,92,120
51 65 rgb255=63,96,128
52 65 rgb255=62,95,127
53 65 rgb255=52,89,119
54 65 rgb255=48,93,121
55 65 rgb255=52,98,125
56 65 rgb255=52,97,124
57 65 rgb255=59,99,128
58 65 rgb255=65,100,131
59 65 rgb255=71,100,133
60 65 rgb255=69,99,129
61 65 rgb255=65,99,126
62 65 rgb255=67,101,128
63 65 rgb255=67,100,130
64 65 rgb255=65,93,133
65 65 rgb255=68,95,137
66 65 rgb255=89,116,157
67 65 rgb255=115,142,186
68 65 rgb255=127,154,199
69 65 rgb255=135,161,207
70 65 rgb255=134,163,210
71 65 rgb255=129,162,212
72 65 rgb255=126,159,209
73 65 rgb255=255,255,255
74 65 rgb255=255,255,255
75 65 rgb255=255,255,255
76 65 rgb255=255,255,255
77 65 rgb255=255,255,255
78 65 rgb255=255,255,255
79 65 rgb255=255,255,255
80 65 rgb255=255,255,255
81 65 rgb255=255,255,255
82 65 rgb255=63,100,47
83 65 rgb255=77,120,46
84 65 rgb255=94,141,57
85 65 rgb255=94,144,58
86 65 rgb255=82,135,47
87 65 rgb255=77,131,37
88 65 rgb255=95,150,45
89 65 rgb255=110,165,48
90 65 rgb255=123,178,56
91 65 rgb255=146,201,85
92 65 rgb255=150,204,91
93 65 rgb255=118,173,54
94 65 rgb255=108,166,30
95 65 rgb255=117,179,28
96 65 rgb255=136,200,42
97 65 rgb255=157,219,64
98 65 rgb255=168,224,76
99 65 rgb255=175,228,84
100 65 rgb255=183,230,99
101 65 rgb255=173,224,119
102 65 rgb255=108,169,130
103 65 rgb255=14,59,128
104 65 rgb255=49,93,95
105 65 rgb255=89,126,80
106 65 rgb255=102,136,73
107 65 rgb255=119,157,79
108 65 rgb255=109,147,90
109 65 rgb255=103,141,85
110 65 rgb255=79,114,56
111 65 rgb255=76,108,54
112 65 rgb255=85,114,64
113 65 rgb255=88,114,73
114 65 rgb255=255,255,255
115 65 rgb255=255,255,255
116 65 rgb255=255,255,255
117 65 rgb255=255,255,255
118 65 rgb255=255,255,255
119 65 rgb255=255,255,255
120 65 rgb255=255,255,255
121 65 rgb255=255,255,255
122 65 rgb255=255,255,255
123 65 rgb255=152,156,150
124 65 rgb255=121,112,100
125 65 rgb255=82,61,50
126 65 rgb255=100,90,77
127 65 rgb255=94,91,79
128 65 rgb255=98,96,86
129 65 rgb255=95,95,89
130 65 rgb255=137,137,136
131 65 rgb255=147,148,150
132 65 rgb255=141,141,142
133 65 rgb255=143,142,142
134 65 rgb255=97,92,88
135 65 rgb255=78,67,59
136 65 rgb255=74,58,46
137 65 rgb255=72,53,41
138 65 rgb255=144,131,125
139 65 rgb255=175,171,172
140 65 rgb255=177,176,180
141 65 rgb255=181,181,184
142 65 rgb255=191,191,195
143 65 rgb255=198,199,204
144 65 rgb255=199,199,205
145 65 rgb255=205,205,213
146 65 rgb255=213,211,218
147 65 rgb255=175,167,168
148 65 rgb255=132,122,122
149 65 rgb255=143,134,134
150 65 rgb255=166,157,157
151 65 rgb255=178,170,171
152 65 rgb255=182,178,181
153 65 rgb255=180,176,179
154 65 rgb255=188,184,187
155 65 rgb255=255,255,255
156 65 rgb255=255,255,255
157 65 rgb255=255,255,255
158 65 rgb255=255,255,255
159 65 rgb255=255,255,255
160 65 rgb255=255,255,255
161 65 rgb255=255,255,255
162 65 rgb255=255,255,255
163 65 rgb255=255,255,255
164 65 rgb255=79,68,46
165 65 rgb255=76,64,43
166 65 rgb255=85,74,52
167 65 rgb255=77,75,50
168 65 rgb255=83,79,54
169 65 rgb255=81,68,47
170 65 rgb255=94,73,54
171 65 rgb255=122,98,78
172 65 rgb255=94,79,55
173 65 rgb255=82,75,49
174 65 rgb255=93,81,56
175 65 rgb255=86,68,44
176 65 rgb255=101,93,62
177 65 rgb255=91,83,52
178 65 rgb255=91,83,52
179 65 rgb255=102,93,63
180 65 rgb255=95,81,57
181 65 rgb255=93,78,55
182 65 rgb255=100,86,62
183 65 rgb255=111,96,72
184 65 rgb255=103,87,60
185 65 rgb255=98,84,57
186 65 rgb255=93,84,60
187 65 rgb255=78,73,53
188 65 rgb255=90,81,59
189 65 rgb255=93,78,53
190 65 rgb255=83,68,48
191 65 rgb255=71,55,40
192 65 rgb255=74,59,45
193 65 rgb255=89,79,59
194 65 rgb255=77,68,47
195 65 rgb255=56,47,26
0 64 rgb255=222,224,221
1 64 rgb255=223,225,222
2 64 rgb255=226,228,225
3 64 rgb255=229,231,228
4 64 rgb255=233,235,232
5 64 rgb255=158,161,157
6 64 rgb255=72,74,72
7 64 rgb255=107,108,110
8 64 rgb255=190,192,191
9 64 rgb255=183,184,184
10 64 rgb255=44,45,52
11 64 rgb255=26,25,39
12 64 rgb255=135,135,141
13 64 rgb255=241,243,239
14 64 rgb255=246,248,243
15 64 rgb255=152,154,152
16 64 rgb255=37,38,39
17 64 rgb255=46,47,51
18 64 rgb255=47,48,53
19 64 rgb255=96,100,103
20 64 rgb255=223,226,228
21 64 rgb255=248,249,248
22 64 rgb255=247,247,245
23 64 rgb255=249,250,245
24 64 rgb255=249,250,245
25 64 rgb255=250,251,246
26 64 rgb255=250,251,246
27 64 rgb255=250,252,249
28 64 rgb255=250,252,250
29 64 rgb255=251,253,250
30 64 rgb255=251,253,250
31 64 rgb255=251,253,252
32 64 rgb255=255,255,255
33 64 rgb255=255,255,255
34 64 rgb255=255,255,255
35 64 rgb255=255,255,255
36 64 rgb255=255,255,255
37 64 rgb255=255,255,255
38 64 rgb255=255,255,255
39 64 rgb255=255,255,255
40 64 rgb255=255,255,255
41 64 rgb255=52,87,106
42 64 rgb255=52,87,106
43 64 rgb255=49,84,102
44 64 rgb255=47,82,101
45 64 rgb255=51,86,105
46 64 rgb255=60,95,114
47 64 rgb255=64,97,116
48 64 rgb255=63,98,116
49 64 rgb255=63,98,116
50 64 rgb255=67,98,124
51 64 rgb255=67,96,126
52 64 rgb255=67,96,125
53 64 rgb255=64,95,124
54 64 rgb255=60,97,124
55 64 rgb255=58,100,125
56 64 rgb255=53,98,122
57 64 rgb255=55,96,122
58 64 rgb255=61,97,124
59 64 rgb255=64,93,122
60 64 rgb255=61,93,119
61 64 rgb255=58,96,118
62 64 rgb255=58,96,118
63 64 rgb255=57,95,118
64 64 rgb255=58,94,123
65 64 rgb255=54,90,121
66 64 rgb255=54,90,120
67 64 rgb255=58,91,125
68 64 rgb255=65,97,133
69 64 rgb255=75,107,143
70 64 rgb255=83,115,151
71 64 rgb255=90,121,157
72 64 rgb255=95,126,162
73 64 rgb255=255,255,255
74 64 rgb255=255,255,255
75 64 rgb255=255,255,255
76 64 rgb255=255,255,255
77 64 rgb255=255,255,255
78 64 rgb255=255,255,255
79 64 rgb255=255,255,255
80 64 rgb255=255,255,255
81 64 rgb255=255,255,255
82 64 rgb255=64,98,48
83 64 rgb255=79,124,48
84 64 rgb255=82,132,41
85 64 rgb255=105,155,63
86 64 rgb255=97,144,62
87 64 rgb255=71,118,42
88 64 rgb255=81,130,53
89 64 rgb255=81,133,47
90 64 rgb255=85,141,35
91 64 rgb255=104,167,35
92 64 rgb255=119,180,52
93 64 rgb255=126,185,61
94 64 rgb255=132,192,58
95 64 rgb255=141,199,62
96 64 rgb255=164,217,87
97 64 rgb255=173,226,90
98 64 rgb255=173,226,85
99 64 rgb255=170,223,82
100 64 rgb255=170,218,80
101 64 rgb255=169,223,101
102 64 rgb255=94,152,140
103 64 rgb255=28,73,140
104 64 rgb255=113,162,114
105 64 rgb255=120,162,73
106 64 rgb255=145,186,85
107 64 rgb255=151,193,88
108 64 rgb255=113,148,88
109 64 rgb255=91,124,75
110 64 rgb255=71,100,47
111 64 rgb255=70,96,44
112 64 rgb255=91,116,66
113 64 rgb255=88,112,70
114 64 rgb255=255,255,255
115 64 rgb255=255,255,255
116 64 rgb255=255,255,255
117 64 rgb255=255,255,255
118 64 rgb255=255,255,255
119 64 rgb255=255,255,255
120 64 rgb255=255,255,255
121 64 rgb255=255,255,255
122 64 rgb255=255,255,255
123 64 rgb255=144,152,148
124 64 rgb255=127,120,110
125 64 rgb255=85,65,54
126 64 rgb255=96,85,71
127 64 rgb255=93,89,74
128 64 rgb255=74,70,57
129 64 rgb255=39,37,28
130 64 rgb255=38,38,33
131 64 rgb255=40,41,38
132 64 rgb255=44,44,42
133 64 rgb255=65,62,58
134 64 rgb255=65,57,50
135 64 rgb255=69,59,50
136 64 rgb255=56,44,33
137 64 rgb255=75,57,45
138 64 rgb255=150,138,131
139 64 rgb255=176,173,174
140 64 rgb255=174,174,177
141 64 rgb255=175,175,177
142 64 rgb255=186,186,190
143 64 rgb255=206,207,212
144 64 rgb255=204,204,210
145 64 rgb255=197,197,205
146 64 rgb255=167,166,172
147 64 rgb255=108,102,102
148 64 rgb255=76,70,68
149 64 rgb255=102,96,95
150 64 rgb255=123,117,115
151 64 rgb255=122,117,116
152 64 rgb255=126,125,127
153 64 rgb255=130,130,132
154 64 rgb255=126,125,127
155 64 rgb255=255,255,255
156 64 rgb255=255,255,255
157 64 rgb255=255,255,255
158 64 rgb255=255,255,255
159 64 rgb255=255,255,255
160 64 rgb255=255,255,255
161 64 rgb255=255,255,255
162 64 rgb255=255,255,255
163 64 rgb255=255,255,255
164 64 rgb255=52,47,31
165 64 rgb255=51,46,30
166 64 rgb255=62,57,41
167 64 rgb255=74,72,52
168 64 rgb255=75,69,51
169 64 rgb255=87,71,55
170 64 rgb255=121,98,72
171 64 rgb255=129,108,79
172 64 rgb255=97,81,55
173 64 rgb255=99,85,55
174 64 rgb255=115,95,64
175 64 rgb255=128,105,76
176 64 rgb255=121,107,75
177 64 rgb255=83,69,36
178 64 rgb255=99,85,50
179 64 rgb255=95,82,46
180 64 rgb255=87,71,42
181 64 rgb255=92,74,50
182 64 rgb255=95,72,51
183 64 rgb255=103,79,55
184 64 rgb255=101,80,58
185 64 rgb255=101,85,60
186 64 rgb255=86,73,47
187 64 rgb255=74,64,47
188 64 rgb255=84,70,52
189 64 rgb255=105,86,62
190 64 rgb255=111,92,70
191 64 rgb255=74,55,36
192 64 rgb255=93,76,57
193 64 rgb255=94,82,59
194 64 rgb255=91,79,56
195 64 rgb255=75,63,39
0 63 rgb255=222,225,221
1 63 rgb255=222,224,221
2 63 rgb255=225,228,224
3 63 rgb255=229,231,228
4 63 rgb255=232,234,231
5 63 rgb255=220,222,219
6 63 rgb255=163,165,163
7 63 rgb255=81,81,86
8 63 rgb255=70,71,74
9 63 rgb255=98,100,100
10 63 rgb255=41,41,48
11 63 rgb255=23,23,35
12 63 rgb255=76,77,83
13 63 rgb255=202,204,203
14 63 rgb255=221,223,223
15 63 rgb255=124,125,126
16 63 rgb255=42,43,46
17 63 rgb255=52,53,58
18 63 rgb255=51,52,59
19 63 rgb255=51,54,59
20 63 rgb255=158,161,164
21 63 rgb255=248,249,250
22 63 rgb255=248,248,248
23 63 rgb255=249,250,246
24 63 rgb255=249,250,245
25 63 rgb255=250,251,246
26 63 rgb255=250,251,246
27 63 rgb255=250,252,248
28 63 rgb255=250,252,249
29 63 rgb255=250,252,249
30 63 rgb255=250,252,249
31 63 rgb255=250,252,251
32 63 rgb255=255,255,255
33 63 rgb255=255,255,255
34 63 rgb255=255,255,255
35 63 rgb255=255,255,255
36 63 rgb255=255,255,255
37 63 rgb255=255,255,255
38 63 rgb255=255,255,255
39 63 rgb255=255,255,255
40 63 rgb255=255,255,255
41 63 rgb255=45,82,100
42 63 rgb255=46,83,101
43 63 rgb255=44,81,100
44 63 rgb255=43,80,99
45 63 rgb255=43,79,96
46 63 rgb255=42,79,95
47 63 rgb255=47,85,100
48 63 rgb255=50,86,102
49 63 rgb255=57,90,107
50 63 rgb255=62,91,114
51 63 rgb255=63,90,117
52 63 rgb255=61,88,115
53 63 rgb255=60,86,112
54 63 rgb255=58,85,112
55 63 rgb255=48,82,108
56 63 rgb255=42,82,106
57 63 rgb255=44,84,109
58 63 rgb255=49,85,110
59 63 rgb255=54,84,111
60 63 rgb255=53,86,109
61 63 rgb255=48,88,106
62 63 rgb255=47,87,106
63 63 rgb255=49,90,109
64 63 rgb255=49,91,110
65 63 rgb255=51,92,110
66 63 rgb255=50,92,110
67 63 rgb255=52,90,112
68 63 rgb255=52,88,113
69 63 rgb255=51,86,110
70 63 rgb255=51,83,104
71 63 rgb255=51,76,92
72 63 rgb255=52,77,93
73 63 rgb255=255,255,255
74 63 rgb255=255,255,255
75 63 rgb255=255,255,255
76 63 rgb255=255,255,255
77 63 rgb255=255,255,255
78 63 rgb255=255,255,255
79 63 rgb255=255,255,255
80 63 rgb255=255,255,255
81 63 rgb255=255,255,255
82 63 rgb255=52,85,35
83 63 rgb255=67,113,37
84 63 rgb255=80,129,41
85 63 rgb255=100,145,53
86 63 rgb255=99,144,43
87 63 rgb255=80,125,35
88 63 rgb255=83,131,50
89 63 rgb255=96,150,63
90 63 rgb255=93,153,43
91 63 rgb255=95,161,22
92 63 rgb255=94,157,29
93 63 rgb255=127,184,72
94 63 rgb255=147,201,93
95 63 rgb255=147,196,92
96 63 rgb255=159,202,104
97 63 rgb255=181,228,114
98 63 rgb255=181,233,108
99 63 rgb255=171,225,97
100 63 rgb255=171,222,93
101 63 rgb255=168,226,105
102 63 rgb255=60,116,145
103 63 rgb255=45,96,152
104 63 rgb255=163,213,133
105 63 rgb255=172,213,110
106 63 rgb255=167,210,98
107 63 rgb255=159,199,99
108 63 rgb255=109,143,76
109 63 rgb255=85,115,62
110 63 rgb255=78,103,54
111 63 rgb255=87,111,61
112 63 rgb255=94,119,66
113 63 rgb255=92,118,68
114 63 rgb255=255,255,255
115 63 rgb255=255,255,255
116 63 rgb255=255,255,255
117 63 rgb255=255,255,255
118 63 rgb255=255,255,255
119 63 rgb255=255,255,255
120 63 rgb255=255,255,255
121 63 rgb255=255,255,255
122 63 rgb255=255,255,255
123 63 rgb255=160,172,170
124 63 rgb255=121,115,107
125 63 rgb255=89,68,57
126 63 rgb255=88,76,61
127 63 rgb255=88,82,65
128 63 rgb255=79,74,58
129 63 rgb255=48,44,32
130 63 rgb255=36,34,26
131 63 rgb255=34,33,28
132 63 rgb255=38,37,34
133 63 rgb255=51,46,38
134 63 rgb255=48,38,27
135 63 rgb255=63,54,43
136 63 rgb255=50,42,32
137 63 rgb255=67,50,38
138 63 rgb255=138,126,119
139 63 rgb255=180,176,178
140 63 rgb255=168,168,171
141 63 rgb255=182,181,185
142 63 rgb255=184,181,188
143 63 rgb255=186,183,189
144 63 rgb255=175,172,176
145 63 rgb255=136,134,135
146 63 rgb255=84,81,80
147 63 rgb255=50,47,41
148 63 rgb255=39,35,29
149 63 rgb255=43,39,33
150 63 rgb255=48,44,37
151 63 rgb255=46,43,38
152 63 rgb255=48,46,44
153 63 rgb255=51,49,47
154 63 rgb255=47,45,43
155 63 rgb255=255,255,255
156 63 rgb255=255,255,255
157 63 rgb255=255,255,255
158 63 rgb255=255,255,255
159 63 rgb255=255,255,255
160 63 rgb255=255,255,255
161 63 rgb255=255,255,255
162 63 rgb255=255,255,255
163 63 rgb255=255,255,255
164 63 rgb255=45,43,29
165 63 rgb255=27,25,11
166 63 rgb255=37,36,22
167 63 rgb255=55,52,35
168 63 rgb255=60,52,39
169 63 rgb255=83,64,50
170 63 rgb255=113,88,58
171 63 rgb255=109,88,54
172 63 rgb255=97,82,54
173 63 rgb255=102,81,50
174 63 rgb255=108,82,48
175 63 rgb255=136,108,76
176 63 rgb255=89,71,42
177 63 rgb255=95,77,46
178 63 rgb255=111,94,59
179 63 rgb255=104,87,50
180 63 rgb255=112,96,64
181 63 rgb255=113,93,69
182 63 rgb255=109,83,62
183 63 rgb255=117,87,62
184 63 rgb255=104,79,59
185 63 rgb255=111,92,68
186 63 rgb255=77,62,34
187 63 rgb255=74,60,43
188 63 rgb255=96,79,63
189 63 rgb255=97,77,53
190 63 rgb255=101,81,57
191 63 rgb255=83,63,39
192 63 rgb255=106,87,63
193 63 rgb255=88,74,51
194 63 rgb255=80,67,43
195 63 rgb255=88,75,51
0 62 rgb255=223,225,223
1 62 rgb255=223,225,223
2 62 rgb255=227,228,226
3 62 rgb255=230,232,229
4 62 rgb255=231,233,231
5 62 rgb255=234,236,233
6 62 rgb255=236,238,236
7 62 rgb255=195,196,200
8 62 rgb255=103,104,107
9 62 rgb255=38,39,40
10 62 rgb255=25,26,30
11 62 rgb255=32,33,41
12 62 rgb255=39,41,45
13 62 rgb255=81,82,85
14 62 rgb255=93,95,99
15 62 rgb255=70,71,74
16 62 rgb255=46,47,51
17 62 rgb255=48,49,54
18 62 rgb255=48,50,56
19 62 rgb255=42,46,51
20 62 rgb255=81,84,87
21 62 rgb255=219,220,222
22 62 rgb255=251,251,251
23 62 rgb255=249,250,245
24 62 rgb255=249,250,245
25 62 rgb255=250,251,246
26 62 rgb255=250,251,246
27 62 rgb255=250,252,248
28 62 rgb255=250,252,249
29 62 rgb255=249,251,248
30 62 rgb255=249,251,248
31 62 rgb255=249,251,250
32 62 rgb255=255,255,255
33 62 rgb255=255,255,255
34 62 rgb255=255,255,255
35 62 rgb255=255,255,255
36 62 rgb255=255,255,255
37 62 rgb255=255,255,255
38 62 rgb255=255,255,255
39 62 rgb255=255,255,255
40 62 rgb255=255,255,255
41 62 rgb255=35,74,92
42 62 rgb255=39,76,94
43 62 rgb255=39,74,98
44 62 rgb255=39,72,96
45 62 rgb255=30,61,73
46 62 rgb255=36,67,72
47 62 rgb255=60,90,100
48 62 rgb255=69,87,102
49 62 rgb255=71,87,103
50 62 rgb255=74,96,113
51 62 rgb255=73,98,112
52 62 rgb255=58,81,93
53 62 rgb255=49,69,79
54 62 rgb255=80,102,118
55 62 rgb255=67,97,123
56 62 rgb255=50,80,108
57 62 rgb255=57,89,119
58 62 rgb255=52,84,113
59 62 rgb255=55,84,110
60 62 rgb255=52,85,108
61 62 rgb255=48,84,106
62 62 rgb255=45,83,105
63 62 rgb255=44,86,109
64 62 rgb255=50,86,105
65 62 rgb255=53,89,101
66 62 rgb255=49,84,102
67 62 rgb255=49,82,104
68 62 rgb255=49,83,106
69 62 rgb255=48,76,95
70 62 rgb255=46,60,66
71 62 rgb255=27,33,32
72 62 rgb255=27,32,34
73 62 rgb255=255,255,255
74 62 rgb255=255,255,255
75 62 rgb255=255,255,255
76 62 rgb255=255,255,255
77 62 rgb255=255,255,255
78 62 rgb255=255,255,255
79 62 rgb255=255,255,255
80 62 rgb255=255,255,255
81 62 rgb255=255,255,255
82 62 rgb255=55,92,37
83 62 rgb255=58,105,32
84 62 rgb255=55,98,24
85 62 rgb255=73,109,32
86 62 rgb255=95,135,31
87 62 rgb255=91,134,38
88 62 rgb255=76,125,34
89 62 rgb255=96,154,43
90 62 rgb255=111,177,46
91 62 rgb255=90,156,29
92 62 rgb255=93,153,41
93 62 rgb255=124,177,75
94 62 rgb255=139,189,83
95 62 rgb255=146,190,94
96 62 rgb255=161,199,120
97 62 rgb255=163,208,110
98 62 rgb255=167,219,105
99 62 rgb255=148,206,90
100 62 rgb255=139,194,78
101 62 rgb255=139,198,109
102 62 rgb255=31,89,149
103 62 rgb255=56,117,137
104 62 rgb255=171,225,119
105 62 rgb255=176,217,104
106 62 rgb255=163,204,108
107 62 rgb255=158,192,124
108 62 rgb255=137,170,93
109 62 rgb255=124,154,86
110 62 rgb255=100,123,75
111 62 rgb255=111,135,85
112 62 rgb255=110,137,79
113 62 rgb255=111,142,79
114 62 rgb255=255,255,255
115 62 rgb255=255,255,255
116 62 rgb255=255,255,255
117 62 rgb255=255,255,255
118 62 rgb255=255,255,255
119 62 rgb255=255,255,255
120 62 rgb255=255,255,255
121 62 rgb255=255,255,255
122 62 rgb255=255,255,255
123 62 rgb255=189,201,202
124 62 rgb255=122,119,112
125 62 rgb255=70,53,42
126 62 rgb255=61,51,35
127 62 rgb255=89,83,65
128 62 rgb255=81,75,59
129 62 rgb255=50,46,34
130 62 rgb255=37,35,26
131 62 rgb255=33,33,26
132 62 rgb255=36,36,30
133 62 rgb255=47,40,31
134 62 rgb255=58,47,35
135 62 rgb255=49,41,30
136 62 rgb255=36,30,23
137 62 rgb255=59,44,34
138 62 rgb255=87,76,69
139 62 rgb255=106,104,104
140 62 rgb255=119,119,121
141 62 rgb255=130,129,132
142 62 rgb255=136,130,137
143 62 rgb255=98,92,97
144 62 rgb255=81,76,76
145 62 rgb255=49,44,39
146 62 rgb255=32,28,20
147 62 rgb255=29,27,17
148 62 rgb255=28,25,16
149 62 rgb255=28,26,16
150 62 rgb255=25,23,13
151 62 rgb255=24,21,13
152 62 rgb255=23,19,14
153 62 rgb255=22,18,13
154 62 rgb255=24,20,15
155 62 rgb255=255,255,255
156 62 rgb255=255,255,255
157 62 rgb255=255,255,255
158 62 rgb255=255,255,255
159 62 rgb255=255,255,255
160 62 rgb255=255,255,255
161 62 rgb255=255,255,255
162 62 rgb255=255,255,255
163 62 rgb255=255,255,255
164 62 rgb255=67,61,42
165 62 rgb255=41,35,17
166 62 rgb255=54,48,29
167 62 rgb255=54,48,29
168 62 rgb255=63,52,37
169 62 rgb255=92,73,56
170 62 rgb255=112,87,58
171 62 rgb255=99,78,48
172 62 rgb255=91,74,50
173 62 rgb255=104,82,54
174 62 rgb255=149,121,90
175 62 rgb255=125,97,67
176 62 rgb255=82,64,41
177 62 rgb255=109,92,67
178 62 rgb255=107,91,62
179 62 rgb255=102,87,55
180 62 rgb255=122,108,75
181 62 rgb255=116,98,73
182 62 rgb255=116,92,70
183 62 rgb255=120,94,67
184 62 rgb255=93,69,47
185 62 rgb255=89,69,44
186 62 rgb255=92,76,48
187 62 rgb255=80,66,47
188 62 rgb255=93,77,58
189 62 rgb255=100,82,58
190 62 rgb255=96,78,54
191 62 rgb255=110,93,68
192 62 rgb255=108,93,69
193 62 rgb255=71,60,39
194 62 rgb255=69,58,37
195 62 rgb255=96,85,64
0 61 rgb255=224,224,225
1 61 rgb255=225,225,226
2 61 rgb255=228,228,229
3 61 rgb255=230,231,230
4 61 rgb255=232,234,233
5 61 rgb255=233,235,233
6 61 rgb255=234,236,235
7 61 rgb255=235,237,234
8 61 rgb255=212,214,211
9 61 rgb255=125,127,125
10 61 rgb255=24,26,26
11 61 rgb255=16,18,21
12 61 rgb255=28,30,34
13 61 rgb255=35,37,41
14 61 rgb255=48,50,54
15 61 rgb255=50,52,56
16 61 rgb255=56,59,62
17 61 rgb255=52,55,59
18 61 rgb255=43,46,50
19 61 rgb255=47,53,58
20 61 rgb255=47,53,57
21 61 rgb255=145,148,149
22 61 rgb255=246,247,246
23 61 rgb255=250,251,246
24 61 rgb255=251,252,246
25 61 rgb255=251,252,247
26 61 rgb255=251,252,247
27 61 rgb255=251,252,247
28 61 rgb255=251,252,247
29 61 rgb255=250,251,247
30 61 rgb255=250,251,247
31 61 rgb255=250,251,249
32 61 rgb255=255,255,255
33 61 rgb255=255,255,255
34 61 rgb255=255,255,255
35 61 rgb255=255,255,255
36 61 rgb255=255,255,255
37 61 rgb255=255,255,255
38 61 rgb255=255,255,255
39 61 rgb255=255,255,255
40 61 rgb255=255,255,255
41 61 rgb255=32,70,88
42 61 rgb255=35,69,88
43 61 rgb255=52,76,103
44 61 rgb255=66,85,113
45 61 rgb255=57,82,100
46 61 rgb255=57,83,94
47 61 rgb255=65,78,91
48 61 rgb255=77,74,93
49 61 rgb255=99,96,115
50 61 rgb255=91,105,123
51 61 rgb255=85,101,118
52 61 rgb255=82,89,103
53 61 rgb255=85,91,102
54 61 rgb255=95,116,132
55 61 rgb255=96,127,157
56 61 rgb255=91,117,150
57 61 rgb255=89,115,148
58 61 rgb255=81,114,147
59 61 rgb255=71,112,145
60 61 rgb255=47,91,122
61 61 rgb255=42,80,106
62 61 rgb255=47,79,100
63 61 rgb255=51,79,97
64 61 rgb255=54,77,91
65 61 rgb255=49,72,78
66 61 rgb255=53,75,88
67 61 rgb255=51,75,96
68 61 rgb255=49,77,100
69 61 rgb255=48,67,82
70 61 rgb255=32,34,34
71 61 rgb255=20,16,9
72 61 rgb255=8,4,2
73 61 rgb255=255,255,255
74 61 rgb255=255,255,255
75 61 rgb255=255,255,255
76 61 rgb255=255,255,255
77 61 rgb255=255,255,255
78 61 rgb255=255,255,255
79 61 rgb255=255,255,255
80 61 rgb255=255,255,255
81 61 rgb255=255,255,255
82 61 rgb255=56,91,33
83 61 rgb255=57,97,29
84 61 rgb255=76,111,44
85 61 rgb255=79,102,40
86 61 rgb255=91,122,45
87 61 rgb255=89,129,49
88 61 rgb255=70,117,36
89 61 rgb255=76,134,32
90 61 rgb255=95,159,33
91 61 rgb255=101,161,40
92 61 rgb255=122,178,67
93 61 rgb255=146,197,95
94 61 rgb255=167,213,117
95 61 rgb255=167,208,120
96 61 rgb255=172,211,126
97 61 rgb255=167,214,108
98 61 rgb255=153,208,84
99 61 rgb255=120,183,51
100 61 rgb255=96,155,28
101 61 rgb255=78,132,78
102 61 rgb255=27,82,155
103 61 rgb255=69,133,116
104 61 rgb255=147,205,74
105 61 rgb255=162,206,84
106 61 rgb255=172,210,126
107 61 rgb255=185,218,164
108 61 rgb255=184,219,137
109 61 rgb255=185,215,145
110 61 rgb255=172,195,154
111 61 rgb255=166,191,142
112 61 rgb255=163,192,132
113 61 rgb255=153,185,123
114 61 rgb255=255,255,255
115 61 rgb255=255,255,255
116 61 rgb255=255,255,255
117 61 rgb255=255,255,255
118 61 rgb255=255,255,255
119 61 rgb255=255,255,255
120 61 rgb255=255,255,255
121 61 rgb255=255,255,255
122 61 rgb255=255,255,255
123 61 rgb255=199,204,210
124 61 rgb255=147,148,144
125 61 rgb255=65,62,49
126 61 rgb255=57,55,37
127 61 rgb255=82,77,64
128 61 rgb255=65,61,51
129 61 rgb255=45,45,35
130 61 rgb255=42,44,34
131 61 rgb255=38,41,32
132 61 rgb255=35,33,25
133 61 rgb255=43,38,30
134 61 rgb255=57,50,42
135 61 rgb255=53,48,40
136 61 rgb255=40,34,27
137 61 rgb255=52,43,36
138 61 rgb255=43,39,32
139 61 rgb255=24,25,21
140 61 rgb255=34,34,33
141 61 rgb255=40,38,37
142 61 rgb255=39,37,38
143 61 rgb255=30,28,28
144 61 rgb255=28,27,25
145 61 rgb255=27,26,23
146 61 rgb255=30,29,25
147 61 rgb255=29,28,23
148 61 rgb255=28,27,22
149 61 rgb255=27,26,21
150 61 rgb255=27,26,20
151 61 rgb255=27,26,21
152 61 rgb255=27,25,20
153 61 rgb255=26,24,19
154 61 rgb255=26,24,20
155 61 rgb255=255,255,255
156 61 rgb255=255,255,255
157 61 rgb255=255,255,255
158 61 rgb255=255,255,255
159 61 rgb255=255,255,255
160 61 rgb255=255,255,255
161 61 rgb255=255,255,255
162 61 rgb255=255,255,255
163 61 rgb255=255,255,255
164 61 rgb255=79,68,45
165 61 rgb255=82,70,47
166 61 rgb255=91,80,57
167 61 rgb255=93,83,61
168 61 rgb255=69,54,36
169 61 rgb255=88,69,49
170 61 rgb255=123,99,71
171 61 rgb255=96,75,50
172 61 rgb255=94,75,56
173 61 rgb255=105,82,57
174 61 rgb255=136,106,77
175 61 rgb255=104,75,47
176 61 rgb255=77,59,41
177 61 rgb255=109,92,72
178 61 rgb255=95,79,55
179 61 rgb255=93,78,50
180 61 rgb255=112,98,64
181 61 rgb255=100,84,56
182 61 rgb255=114,94,69
183 61 rgb255=114,94,62
184 61 rgb255=92,70,43
185 61 rgb255=92,72,45
186 61 rgb255=106,89,61
187 61 rgb255=101,86,65
188 61 rgb255=105,90,68
189 61 rgb255=118,103,76
190 61 rgb255=121,105,79
191 61 rgb255=119,103,77
192 61 rgb255=86,73,48
193 61 rgb255=72,64,45
194 61 rgb255=75,67,48
195 61 rgb255=83,75,56
0 60 rgb255=224,224,226
1 60 rgb255=225,225,227
2 60 rgb255=228,228,230
3 60 rgb255=230,231,231
4 60 rgb255=232,234,233
5 60 rgb255=234,235,235
6 60 rgb255=235,237,235
7 60 rgb255=235,237,232
8 60 rgb255=241,243,238
9 60 rgb255=148,150,147
10 60 rgb255=19,21,21
11 60 rgb255=12,13,17
12 60 rgb255=12,13,17
13 60 rgb255=19,20,24
14 60 rgb255=29,30,34
15 60 rgb255=28,29,33
16 60 rgb255=51,52,56
17 60 rgb255=53,54,58
18 60 rgb255=35,37,41
19 60 rgb255=40,46,52
20 60 rgb255=57,63,67
21 60 rgb255=70,73,76
22 60 rgb255=168,168,170
23 60 rgb255=247,248,244
24 60 rgb255=251,252,247
25 60 rgb255=251,252,247
26 60 rgb255=251,252,247
27 60 rgb255=251,252,247
28 60 rgb255=252,253,248
29 60 rgb255=251,252,247
30 60 rgb255=251,252,247
31 60 rgb255=251,251,249
32 60 rgb255=255,255,255
33 60 rgb255=255,255,255
34 60 rgb255=255,255,255
35 60 rgb255=255,255,255
36 60 rgb255=255,255,255
37 60 rgb255=255,255,255
38 60 rgb255=255,255,255
39 60 rgb255=255,255,255
40 60 rgb255=255,255,255
41 60 rgb255=32,66,82
42 60 rgb255=50,76,95
43 60 rgb255=68,86,107
44 60 rgb255=41,61,83
45 60 rgb255=32,67,90
46 60 rgb255=25,64,86
47 60 rgb255=26,40,55
48 60 rgb255=59,59,77
49 60 rgb255=99,103,120
50 60 rgb255=51,79,97
51 60 rgb255=50,77,98
52 60 rgb255=60,66,89
53 60 rgb255=75,77,97
54 60 rgb255=40,62,85
55 60 rgb255=52,86,121
56 60 rgb255=64,93,126
57 60 rgb255=31,55,84
58 60 rgb255=28,66,101
59 60 rgb255=44,103,147
60 60 rgb255=56,117,158
61 60 rgb255=36,86,117
62 60 rgb255=45,74,92
63 60 rgb255=65,73,80
64 60 rgb255=55,61,64
65 60 rgb255=39,48,42
66 60 rgb255=45,53,54
67 60 rgb255=31,45,57
68 60 rgb255=40,61,78
69 60 rgb255=59,70,79
70 60 rgb255=36,34,29
71 60 rgb255=20,17,9
72 60 rgb255=9,6,4
73 60 rgb255=255,255,255
74 60 rgb255=255,255,255
75 60 rgb255=255,255,255
76 60 rgb255=255,255,255
77 60 rgb255=255,255,255
78 60 rgb255=255,255,255
79 60 rgb255=255,255,255
80 60 rgb255=255,255,255
81 60 rgb255=255,255,255
82 60 rgb255=56,86,25
83 60 rgb255=63,95,30
84 60 rgb255=88,117,51
85 60 rgb255=93,108,48
86 60 rgb255=89,116,45
87 60 rgb255=90,129,41
88 60 rgb255=80,125,43
89 60 rgb255=61,112,31
90 60 rgb255=73,126,32
91 60 rgb255=114,160,69
92 60 rgb255=149,197,102
93 60 rgb255=153,201,108
94 60 rgb255=159,202,122
95 60 rgb255=164,202,131
96 60 rgb255=168,205,132
97 60 rgb255=155,199,107
98 60 rgb255=114,166,54
99 60 rgb255=89,150,21
100 60 rgb255=91,145,18
101 60 rgb255=76,116,83
102 60 rgb255=45,81,146
103 60 rgb255=107,150,118
104 60 rgb255=143,195,66
105 60 rgb255=156,199,82
106 60 rgb255=165,201,106
107 60 rgb255=173,212,128
108 60 rgb255=179,221,120
109 60 rgb255=202,235,157
110 60 rgb255=205,229,187
111 60 rgb255=191,218,170
112 60 rgb255=184,213,163
113 60 rgb255=195,217,182
114 60 rgb255=255,255,255
115 60 rgb255=255,255,255
116 60 rgb255=255,255,255
117 60 rgb255=255,255,255
118 60 rgb255=255,255,255
119 60 rgb255=255,255,255
120 60 rgb255=255,255,255
121 60 rgb255=255,255,255
122 60 rgb255=255,255,255
123 60 rgb255=191,191,200
124 60 rgb255=174,174,173
125 60 rgb255=77,78,67
126 60 rgb255=56,55,40
127 60 rgb255=64,60,49
128 60 rgb255=53,50,42
129 60 rgb255=41,41,31
130 60 rgb255=41,43,32
131 60 rgb255=36,38,27
132 60 rgb255=33,30,21
133 60 rgb255=37,33,24
134 60 rgb255=40,36,28
135 60 rgb255=46,42,33
136 60 rgb255=41,36,28
137 60 rgb255=43,36,30
138 60 rgb255=31,29,22
139 60 rgb255=17,20,14
140 60 rgb255=20,21,18
141 60 rgb255=23,21,20
142 60 rgb255=22,22,20
143 60 rgb255=23,24,22
144 60 rgb255=25,25,23
145 60 rgb255=23,23,21
146 60 rgb255=25,25,23
147 60 rgb255=27,26,22
148 60 rgb255=27,26,22
149 60 rgb255=24,23,19
150 60 rgb255=24,23,19
151 60 rgb255=24,23,19
152 60 rgb255=24,23,19
153 60 rgb255=23,22,18
154 60 rgb255=24,23,19
155 60 rgb255=255,255,255
156 60 rgb255=255,255,255
157 60 rgb255=255,255,255
158 60 rgb255=255,255,255
159 60 rgb255=255,255,255
160 60 rgb255=255,255,255
161 60 rgb255=255,255,255
162 60 rgb255=255,255,255
163 60 rgb255=255,255,255
164 60 rgb255=91,74,48
165 60 rgb255=102,84,59
166 60 rgb255=107,90,64
167 60 rgb255=122,106,82
168 60 rgb255=102,84,61
169 60 rgb255=85,65,42
170 60 rgb255=80,58,33
171 60 rgb255=76,56,35
172 60 rgb255=83,62,47
173 60 rgb255=112,86,64
174 60 rgb255=110,79,50
175 60 rgb255=85,55,27
176 60 rgb255=69,51,35
177 60 rgb255=95,77,59
178 60 rgb255=95,78,57
179 60 rgb255=92,76,50
180 60 rgb255=96,82,47
181 60 rgb255=91,76,47
182 60 rgb255=94,77,50
183 60 rgb255=104,87,53
184 60 rgb255=110,89,58
185 60 rgb255=111,90,60
186 60 rgb255=104,86,58
187 60 rgb255=100,84,60
188 60 rgb255=96,82,56
189 60 rgb255=104,90,61
190 60 rgb255=100,86,57
191 60 rgb255=93,79,50
192 60 rgb255=83,71,45
193 60 rgb255=81,74,56
194 60 rgb255=81,74,56
195 60 rgb255=87,80,62
0 59 rgb255=224,224,226
1 59 rgb255=225,225,227
2 59 rgb255=228,228,230
3 59 rgb255=229,231,231
4 59 rgb255=232,234,232
5 59 rgb255=233,235,234
6 59 rgb255=235,237,236
7 59 rgb255=238,240,236
8 59 rgb255=226,228,224
9 59 rgb255=86,88,88
10 59 rgb255=11,12,14
11 59 rgb255=17,17,21
12 59 rgb255=13,12,17
13 59 rgb255=11,10,15
14 59 rgb255=10,9,14
15 59 rgb255=13,13,17
16 59 rgb255=22,22,26
17 59 rgb255=22,21,26
18 59 rgb255=21,21,26
19 59 rgb255=44,48,54
20 59 rgb255=46,51,56
21 59 rgb255=30,33,38
22 59 rgb255=70,73,77
23 59 rgb255=214,214,214
24 59 rgb255=253,253,250
25 59 rgb255=250,251,247
26 59 rgb255=251,252,247
27 59 rgb255=251,252,247
28 59 rgb255=251,252,247
29 59 rgb255=252,253,248
30 59 rgb255=252,253,248
31 59 rgb255=251,251,249
32 59 rgb255=255,255,255
33 59 rgb255=255,255,255
34 59 rgb255=255,255,255
35 59 rgb255=255,255,255
36 59 rgb255=255,255,255
37 59 rgb255=255,255,255
38 59 rgb255=255,255,255
39 59 rgb255=255,255,255
40 59 rgb255=255,255,255
41 59 rgb255=34,63,77
42 59 rgb255=74,88,107
43 59 rgb255=51,71,85
44 59 rgb255=36,74,84
45 59 rgb255=36,87,103
46 59 rgb255=34,88,106
47 59 rgb255=30,59,69
48 59 rgb255=90,109,120
49 59 rgb255=82,109,118
50 59 rgb255=45,96,107
51 59 rgb255=48,97,111
52 59 rgb255=62,91,106
53 59 rgb255=59,77,93
54 59 rgb255=27,54,76
55 59 rgb255=38,76,105
56 59 rgb255=45,78,101
57 59 rgb255=46,69,92
58 59 rgb255=17,57,89
59 59 rgb255=17,82,128
60 59 rgb255=48,119,163
61 59 rgb255=62,125,163
62 59 rgb255=46,83,109
63 59 rgb255=54,56,61
64 59 rgb255=37,33,30
65 59 rgb255=23,22,11
66 59 rgb255=20,18,13
67 59 rgb255=5,9,14
68 59 rgb255=14,26,35
69 59 rgb255=53,55,56
70 59 rgb255=32,24,15
71 59 rgb255=12,8,2
72 59 rgb255=11,8,5
73 59 rgb255=255,255,255
74 59 rgb255=255,255,255
75 59 rgb255=255,255,255
76 59 rgb255=255,255,255
77 59 rgb255=255,255,255
78 59 rgb255=255,255,255
79 59 rgb255=255,255,255
80 59 rgb255=255,255,255
81 59 rgb255=255,255,255
82 59 rgb255=70,101,35
83 59 rgb255=78,112,44
84 59 rgb255=87,121,52
85 59 rgb255=104,124,60
86 59 rgb255=100,121,53
87 59 rgb255=96,125,42
88 59 rgb255=78,110,33
89 59 rgb255=64,98,30
90 59 rgb255=80,116,40
91 59 rgb255=114,151,74
92 59 rgb255=149,188,122
93 59 rgb255=154,192,143
94 59 rgb255=156,188,155
95 59 rgb255=166,193,167
96 59 rgb255=163,190,162
97 59 rgb255=140,173,132
98 59 rgb255=113,152,95
99 59 rgb255=98,145,72
100 59 rgb255=107,144,77
101 59 rgb255=98,119,110
102 59 rgb255=52,65,94
103 59 rgb255=139,154,116
104 59 rgb255=171,203,110
105 59 rgb255=166,205,105
106 59 rgb255=157,195,94
107 59 rgb255=150,195,81
108 59 rgb255=148,194,66
109 59 rgb255=180,219,106
110 59 rgb255=196,230,143
111 59 rgb255=189,220,150
112 59 rgb255=171,199,147
113 59 rgb255=190,210,180
114 59 rgb255=255,255,255
115 59 rgb255=255,255,255
116 59 rgb255=255,255,255
117 59 rgb255=255,255,255
118 59 rgb255=255,255,255
119 59 rgb255=255,255,255
120 59 rgb255=255,255,255
121 59 rgb255=255,255,255
122 59 rgb255=255,255,255
123 59 rgb255=184,183,191
124 59 rgb255=178,177,177
125 59 rgb255=94,92,84
126 59 rgb255=73,70,58
127 59 rgb255=73,69,58
128 59 rgb255=54,51,40
129 59 rgb255=47,45,34
130 59 rgb255=38,37,26
131 59 rgb255=34,32,21
132 59 rgb255=37,33,22
133 59 rgb255=38,34,24
134 59 rgb255=42,38,27
135 59 rgb255=38,34,23
136 59 rgb255=40,35,25
137 59 rgb255=43,36,29
138 59 rgb255=25,23,16
139 59 rgb255=17,20,14
140 59 rgb255=19,20,17
141 59 rgb255=21,19,17
142 59 rgb255=20,20,18
143 59 rgb255=20,20,18
144 59 rgb255=20,20,18
145 59 rgb255=20,20,18
146 59 rgb255=22,22,20
147 59 rgb255=23,22,19
148 59 rgb255=25,24,20
149 59 rgb255=25,24,20
150 59 rgb255=25,24,20
151 59 rgb255=25,24,20
152 59 rgb255=24,23,19
153 59 rgb255=23,21,17
154 59 rgb255=23,22,18
155 59 rgb255=255,255,255
156 59 rgb255=255,255,255
157 59 rgb255=255,255,255
158 59 rgb255=255,255,255
159 59 rgb255=255,255,255
160 59 rgb255=255,255,255
161 59 rgb255=255,255,255
162 59 rgb255=255,255,255
163 59 rgb255=255,255,255
164 59 rgb255=119,98,70
165 59 rgb255=116,96,67
166 59 rgb255=133,112,84
167 59 rgb255=136,113,87
168 59 rgb255=127,104,78
169 59 rgb255=126,105,80
170 59 rgb255=59,40,17
171 59 rgb255=57,38,20
172 59 rgb255=73,51,36
173 59 rgb255=88,61,39
174 59 rgb255=111,78,47
175 59 rgb255=101,70,39
176 59 rgb255=69,48,30
177 59 rgb255=75,55,35
178 59 rgb255=91,72,49
179 59 rgb255=102,83,55
180 59 rgb255=117,100,64
181 59 rgb255=130,111,82
182 59 rgb255=143,126,97
183 59 rgb255=154,138,102
184 59 rgb255=150,129,93
185 59 rgb255=116,93,62
186 59 rgb255=114,94,66
187 59 rgb255=104,87,60
188 59 rgb255=94,78,50
189 59 rgb255=98,83,53
190 59 rgb255=101,86,55
191 59 rgb255=94,79,48
192 59 rgb255=92,79,52
193 59 rgb255=89,80,61
194 59 rgb255=84,75,56
195 59 rgb255=82,73,54
0 58 rgb255=224,224,226
1 58 rgb255=224,224,226
2 58 rgb255=226,226,228
3 58 rgb255=228,229,229
4 58 rgb255=229,231,230
5 58 rgb255=229,231,230
6 58 rgb255=229,231,230
7 58 rgb255=233,235,233
8 58 rgb255=208,210,208
9 58 rgb255=62,64,65
10 58 rgb255=10,10,14
11 58 rgb255=11,10,15
12 58 rgb255=11,10,15
13 58 rgb255=11,10,15
14 58 rgb255=9,8,13
15 58 rgb255=9,8,13
16 58 rgb255=9,7,12
17 58 rgb255=10,8,13
18 58 rgb255=14,13,18
19 58 rgb255=29,31,36
20 58 rgb255=27,30,36
21 58 rgb255=28,32,39
22 58 rgb255=45,49,56
23 58 rgb255=168,169,172
24 58 rgb255=252,252,252
25 58 rgb255=250,250,247
26 58 rgb255=250,251,246
27 58 rgb255=251,252,246
28 58 rgb255=251,252,247
29 58 rgb255=251,252,247
30 58 rgb255=251,252,247
31 58 rgb255=251,251,249
32 58 rgb255=255,255,255
33 58 rgb255=255,255,255
34 58 rgb255=255,255,255
35 58 rgb255=255,255,255
36 58 rgb255=255,255,255
37 58 rgb255=255,255,255
38 58 rgb255=255,255,255
39 58 rgb255=255,255,255
40 58 rgb255=255,255,255
41 58 rgb255=52,77,90
42 58 rgb255=94,100,120
43 58 rgb255=58,70,84
44 58 rgb255=54,82,89
45 58 rgb255=61,92,104
46 58 rgb255=57,87,102
47 58 rgb255=79,94,108
48 58 rgb255=124,134,149
49 58 rgb255=81,104,115
50 58 rgb255=61,103,113
51 58 rgb255=57,98,107
52 58 rgb255=84,115,122
53 58 rgb255=86,111,118
54 58 rgb255=48,81,95
55 58 rgb255=50,94,111
56 58 rgb255=33,73,81
57 58 rgb255=64,91,109
58 58 rgb255=36,75,103
59 58 rgb255=19,79,117
60 58 rgb255=30,102,142
61 58 rgb255=50,127,172
62 58 rgb255=74,125,165
63 58 rgb255=47,55,69
64 58 rgb255=29,24,20
65 58 rgb255=28,25,12
66 58 rgb255=22,19,12
67 58 rgb255=8,7,8
68 58 rgb255=7,10,13
69 58 rgb255=32,26,22
70 58 rgb255=28,14,5
71 58 rgb255=14,11,4
72 58 rgb255=11,8,5
73 58 rgb255=255,255,255
74 58 rgb255=255,255,255
75 58 rgb255=255,255,255
76 58 rgb255=255,255,255
77 58 rgb255=255,255,255
78 58 rgb255=255,255,255
79 58 rgb255=255,255,255
80 58 rgb255=255,255,255
81 58 rgb255=255,255,255
82 58 rgb255=73,94,34
83 58 rgb255=75,102,40
84 58 rgb255=82,111,47
85 58 rgb255=94,110,52
86 58 rgb255=84,98,41
87 58 rgb255=89,104,40
88 58 rgb255=92,105,43
89 58 rgb255=85,100,46
90 58 rgb255=91,112,60
91 58 rgb255=125,154,105
92 58 rgb255=152,181,157
93 58 rgb255=152,179,180
94 58 rgb255=163,184,196
95 58 rgb255=166,185,198
96 58 rgb255=164,182,195
97 58 rgb255=165,186,193
98 58 rgb255=164,189,188
99 58 rgb255=155,186,175
100 58 rgb255=144,168,166
101 58 rgb255=111,122,135
102 58 rgb255=69,69,67
103 58 rgb255=154,153,104
104 58 rgb255=201,225,139
105 58 rgb255=160,201,104
106 58 rgb255=159,196,111
107 58 rgb255=155,197,89
108 58 rgb255=149,190,78
109 58 rgb255=172,210,103
110 58 rgb255=187,231,88
111 58 rgb255=184,226,97
112 58 rgb255=157,191,105
113 58 rgb255=158,183,122
114 58 rgb255=255,255,255
115 58 rgb255=255,255,255
116 58 rgb255=255,255,255
117 58 rgb255=255,255,255
118 58 rgb255=255,255,255
119 58 rgb255=255,255,255
120 58 rgb255=255,255,255
121 58 rgb255=255,255,255
122 58 rgb255=255,255,255
123 58 rgb255=174,173,174
124 58 rgb255=143,141,137
125 58 rgb255=103,100,90
126 58 rgb255=89,84,71
127 58 rgb255=82,79,66
128 58 rgb255=56,53,40
129 58 rgb255=68,64,52
130 58 rgb255=62,58,46
131 58 rgb255=53,48,36
132 58 rgb255=47,43,31
133 58 rgb255=41,37,26
134 58 rgb255=46,42,30
135 58 rgb255=45,41,29
136 58 rgb255=40,36,25
137 58 rgb255=39,32,26
138 58 rgb255=22,21,14
139 58 rgb255=17,19,13
140 58 rgb255=18,19,16
141 58 rgb255=19,17,16
142 58 rgb255=19,18,16
143 58 rgb255=19,19,17
144 58 rgb255=18,18,16
145 58 rgb255=19,19,17
146 58 rgb255=21,20,18
147 58 rgb255=23,22,19
148 58 rgb255=25,24,20
149 58 rgb255=25,24,20
150 58 rgb255=25,24,20
151 58 rgb255=25,24,20
152 58 rgb255=23,22,18
153 58 rgb255=22,21,17
154 58 rgb255=22,21,17
155 58 rgb255=255,255,255
156 58 rgb255=255,255,255
157 58 rgb255=255,255,255
158 58 rgb255=255,255,255
159 58 rgb255=255,255,255
160 58 rgb255=255,255,255
161 58 rgb255=255,255,255
162 58 rgb255=255,255,255
163 58 rgb255=255,255,255
164 58 rgb255=118,97,68
165 58 rgb255=123,102,72
166 58 rgb255=136,115,86
167 58 rgb255=131,104,76
168 58 rgb255=134,107,77
169 58 rgb255=133,112,81
170 58 rgb255=56,38,19
171 58 rgb255=58,40,25
172 58 rgb255=75,51,36
173 58 rgb255=88,59,34
174 58 rgb255=142,109,72
175 58 rgb255=162,130,93
176 58 rgb255=129,105,81
177 58 rgb255=136,112,86
178 58 rgb255=150,127,97
179 58 rgb255=153,130,98
180 58 rgb255=131,108,71
181 58 rgb255=189,166,136
182 58 rgb255=213,192,162
183 58 rgb255=209,191,154
184 58 rgb255=195,172,133
185 58 rgb255=133,109,76
186 58 rgb255=114,93,65
187 58 rgb255=108,90,59
188 58 rgb255=115,98,65
189 58 rgb255=113,96,64
190 58 rgb255=111,93,61
191 58 rgb255=116,98,67
192 58 rgb255=99,83,54
193 58 rgb255=98,85,62
194 58 rgb255=83,71,48
195 58 rgb255=79,66,44
0 57 rgb255=224,224,226
1 57 rgb255=224,224,226
2 57 rgb255=225,225,226
3 57 rgb255=225,226,226
4 57 rgb255=226,228,227
5 57 rgb255=225,227,226
6 57 rgb255=227,229,228
7 57 rgb255=230,232,230
8 57 rgb255=200,201,202
9 57 rgb255=57,58,62
10 57 rgb255=10,11,16
11 57 rgb255=11,9,14
12 57 rgb255=11,9,14
13 57 rgb255=14,12,17
14 57 rgb255=13,10,15
15 57 rgb255=9,7,12
16 57 rgb255=8,6,11
17 57 rgb255=10,8,13
18 57 rgb255=9,7,12
19 57 rgb255=22,21,26
20 57 rgb255=27,29,35
21 57 rgb255=38,42,51
22 57 rgb255=46,52,62
23 57 rgb255=115,115,122
24 57 rgb255=236,235,237
25 57 rgb255=251,251,248
26 57 rgb255=250,251,245
27 57 rgb255=251,252,246
28 57 rgb255=251,252,247
29 57 rgb255=251,252,247
30 57 rgb255=251,252,247
31 57 rgb255=251,251,249
32 57 rgb255=255,255,255
33 57 rgb255=255,255,255
34 57 rgb255=255,255,255
35 57 rgb255=255,255,255
36 57 rgb255=255,255,255
37 57 rgb255=255,255,255
38 57 rgb255=255,255,255
39 57 rgb255=255,255,255
40 57 rgb255=255,255,255
41 57 rgb255=83,101,108
42 57 rgb255=176,174,186
43 57 rgb255=145,140,152
44 57 rgb255=132,132,140
45 57 rgb255=125,124,134
46 57 rgb255=121,117,130
47 57 rgb255=153,143,160
48 57 rgb255=152,141,159
49 57 rgb255=123,124,139
50 57 rgb255=108,119,133
51 57 rgb255=97,109,121
52 57 rgb255=125,135,144
53 57 rgb255=121,134,142
54 57 rgb255=74,100,110
55 57 rgb255=73,108,118
56 57 rgb255=62,93,98
57 57 rgb255=67,91,106
58 57 rgb255=59,90,112
59 57 rgb255=25,68,96
60 57 rgb255=18,75,107
61 57 rgb255=25,95,140
62 57 rgb255=61,118,168
63 57 rgb255=73,98,130
64 57 rgb255=45,50,54
65 57 rgb255=23,24,19
66 57 rgb255=12,7,6
67 57 rgb255=8,5,3
68 57 rgb255=21,18,11
69 57 rgb255=36,26,13
70 57 rgb255=31,18,5
71 57 rgb255=9,4,1
72 57 rgb255=8,4,2
73 57 rgb255=255,255,255
74 57 rgb255=255,255,255
75 57 rgb255=255,255,255
76 57 rgb255=255,255,255
77 57 rgb255=255,255,255
78 57 rgb255=255,255,255
79 57 rgb255=255,255,255
80 57 rgb255=255,255,255
81 57 rgb255=255,255,255
82 57 rgb255=71,72,33
83 57 rgb255=71,81,38
84 57 rgb255=69,83,39
85 57 rgb255=88,92,53
86 57 rgb255=90,97,60
87 57 rgb255=92,98,58
88 57 rgb255=91,94,52
89 57 rgb255=83,90,56
90 57 rgb255=113,126,108
91 57 rgb255=130,151,147
92 57 rgb255=131,155,166
93 57 rgb255=136,159,184
94 57 rgb255=148,168,192
95 57 rgb255=145,162,185
96 57 rgb255=136,153,179
97 57 rgb255=144,162,187
98 57 rgb255=146,166,187
99 57 rgb255=161,182,200
100 57 rgb255=161,182,203
101 57 rgb255=126,143,164
102 57 rgb255=75,80,77
103 57 rgb255=140,145,87
104 57 rgb255=178,216,95
105 57 rgb255=172,225,97
106 57 rgb255=180,222,121
107 57 rgb255=173,214,101
108 57 rgb255=176,211,115
109 57 rgb255=175,211,116
110 57 rgb255=163,213,54
111 57 rgb255=170,218,67
112 57 rgb255=175,209,113
113 57 rgb255=177,204,134
114 57 rgb255=255,255,255
115 57 rgb255=255,255,255
116 57 rgb255=255,255,255
117 57 rgb255=255,255,255
118 57 rgb255=255,255,255
119 57 rgb255=255,255,255
120 57 rgb255=255,255,255
121 57 rgb255=255,255,255
122 57 rgb255=255,255,255
123 57 rgb255=120,120,111
124 57 rgb255=93,90,78
125 57 rgb255=98,94,77
126 57 rgb255=78,72,55
127 57 rgb255=82,80,64
128 57 rgb255=68,65,52
129 57 rgb255=96,90,77
130 57 rgb255=81,72,61
131 57 rgb255=64,55,43
132 57 rgb255=62,57,43
133 57 rgb255=45,41,27
134 57 rgb255=48,44,30
135 57 rgb255=44,41,27
136 57 rgb255=31,27,14
137 57 rgb255=34,27,20
138 57 rgb255=22,20,13
139 57 rgb255=17,19,13
140 57 rgb255=18,19,16
141 57 rgb255=20,18,16
142 57 rgb255=20,19,17
143 57 rgb255=20,20,18
144 57 rgb255=18,18,16
145 57 rgb255=19,19,17
146 57 rgb255=20,20,18
147 57 rgb255=23,22,19
148 57 rgb255=25,24,20
149 57 rgb255=26,25,21
150 57 rgb255=25,24,20
151 57 rgb255=24,23,19
152 57 rgb255=23,22,18
153 57 rgb255=22,21,17
154 57 rgb255=21,20,16
155 57 rgb255=255,255,255
156 57 rgb255=255,255,255
157 57 rgb255=255,255,255
158 57 rgb255=255,255,255
159 57 rgb255=255,255,255
160 57 rgb255=255,255,255
161 57 rgb255=255,255,255
162 57 rgb255=255,255,255
163 57 rgb255=255,255,255
164 57 rgb255=88,68,40
165 57 rgb255=100,79,51
166 57 rgb255=110,89,61
167 57 rgb255=126,96,67
168 57 rgb255=125,96,62
169 57 rgb255=122,100,67
170 57 rgb255=66,51,32
171 57 rgb255=60,42,28
172 57 rgb255=97,72,53
173 57 rgb255=104,74,44
174 57 rgb255=177,143,99
175 57 rgb255=184,150,105
176 57 rgb255=164,135,102
177 57 rgb255=170,142,107
178 57 rgb255=179,151,112
179 57 rgb255=181,153,113
180 57 rgb255=152,121,85
181 57 rgb255=182,152,124
182 57 rgb255=208,181,153
183 57 rgb255=227,206,168
184 57 rgb255=211,187,145
185 57 rgb255=164,138,104
186 57 rgb255=140,117,90
187 57 rgb255=126,106,74
188 57 rgb255=132,112,78
189 57 rgb255=136,113,82
190 57 rgb255=132,108,77
191 57 rgb255=135,112,80
192 57 rgb255=113,91,61
193 57 rgb255=116,99,73
194 57 rgb255=97,81,55
195 57 rgb255=109,92,66
0 56 rgb255=223,224,225
1 56 rgb255=223,224,225
2 56 rgb255=227,227,229
3 56 rgb255=230,231,232
4 56 rgb255=230,231,232
5 56 rgb255=222,224,224
6 56 rgb255=191,193,193
7 56 rgb255=156,157,158
8 56 rgb255=139,140,142
9 56 rgb255=44,45,48
10 56 rgb255=9,10,15
11 56 rgb255=12,9,15
12 56 rgb255=13,10,15
13 56 rgb255=13,10,15
14 56 rgb255=15,11,17
15 56 rgb255=16,12,18
16 56 rgb255=11,7,13
17 56 rgb255=11,7,13
18 56 rgb255=9,6,12
19 56 rgb255=15,14,19
20 56 rgb255=25,27,33
21 56 rgb255=41,46,55
22 56 rgb255=52,58,69
23 56 rgb255=49,52,61
24 56 rgb255=165,166,170
25 56 rgb255=252,254,252
26 56 rgb255=250,251,246
27 56 rgb255=251,252,246
28 56 rgb255=251,252,247
29 56 rgb255=251,252,247
30 56 rgb255=251,252,247
31 56 rgb255=251,251,249
32 56 rgb255=255,255,255
33 56 rgb255=255,255,255
34 56 rgb255=255,255,255
35 56 rgb255=255,255,255
36 56 rgb255=255,255,255
37 56 rgb255=255,255,255
38 56 rgb255=255,255,255
39 56 rgb255=255,255,255
40 56 rgb255=255,255,255
41 56 rgb255=97,104,100
42 56 rgb255=233,224,216
43 56 rgb255=230,217,213
44 56 rgb255=217,207,206
45 56 rgb255=212,206,208
46 56 rgb255=207,202,207
47 56 rgb255=203,192,198
48 56 rgb255=194,184,191
49 56 rgb255=185,178,186
50 56 rgb255=175,171,183
51 56 rgb255=163,160,174
52 56 rgb255=168,165,178
53 56 rgb255=151,151,164
54 56 rgb255=129,133,148
55 56 rgb255=120,126,141
56 56 rgb255=119,124,138
57 56 rgb255=92,100,113
58 56 rgb255=55,67,83
59 56 rgb255=67,84,105
60 56 rgb255=37,63,89
61 56 rgb255=37,73,110
62 56 rgb255=58,103,153
63 56 rgb255=85,129,180
64 56 rgb255=106,133,162
65 56 rgb255=88,104,127
66 56 rgb255=49,54,76
67 56 rgb255=27,30,37
68 56 rgb255=38,31,20
69 56 rgb255=38,24,9
70 56 rgb255=23,15,8
71 56 rgb255=10,2,3
72 56 rgb255=13,7,6
73 56 rgb255=255,255,255
74 56 rgb255=255,255,255
75 56 rgb255=255,255,255
76 56 rgb255=255,255,255
77 56 rgb255=255,255,255
78 56 rgb255=255,255,255
79 56 rgb255=255,255,255
80 56 rgb255=255,255,255
81 56 rgb255=255,255,255
82 56 rgb255=113,100,84
83 56 rgb255=110,110,91
84 56 rgb255=107,115,96
85 56 rgb255=132,131,116
86 56 rgb255=140,146,130
87 56 rgb255=141,144,131
88 56 rgb255=120,123,101
89 56 rgb255=102,112,97
90 56 rgb255=116,134,144
91 56 rgb255=122,143,163
92 56 rgb255=113,138,158
93 56 rgb255=121,147,169
94 56 rgb255=130,153,176
95 56 rgb255=121,142,166
96 56 rgb255=110,131,155
97 56 rgb255=107,128,152
98 56 rgb255=104,125,148
99 56 rgb255=118,138,161
100 56 rgb255=127,150,170
101 56 rgb255=99,122,146
102 56 rgb255=67,83,87
103 56 rgb255=115,134,66
104 56 rgb255=152,197,65
105 56 rgb255=155,214,74
106 56 rgb255=150,200,65
107 56 rgb255=160,202,71
108 56 rgb255=177,211,103
109 56 rgb255=180,217,104
110 56 rgb255=159,210,60
111 56 rgb255=174,220,86
112 56 rgb255=203,233,150
113 56 rgb255=208,233,177
114 56 rgb255=255,255,255
115 56 rgb255=255,255,255
116 56 rgb255=255,255,255
117 56 rgb255=255,255,255
118 56 rgb255=255,255,255
119 56 rgb255=255,255,255
120 56 rgb255=255,255,255
121 56 rgb255=255,255,255
122 56 rgb255=255,255,255
123 56 rgb255=85,81,67
124 56 rgb255=67,61,47
125 56 rgb255=101,95,78
126 56 rgb255=85,81,63
127 56 rgb255=77,75,60
128 56 rgb255=62,59,44
129 56 rgb255=101,94,79
130 56 rgb255=82,72,58
131 56 rgb255=67,56,44
132 56 rgb255=51,47,35
133 56 rgb255=44,43,30
134 56 rgb255=55,52,39
135 56 rgb255=44,41,26
136 56 rgb255=30,24,11
137 56 rgb255=28,22,16
138 56 rgb255=20,19,13
139 56 rgb255=17,19,14
140 56 rgb255=18,19,16
141 56 rgb255=19,18,16
142 56 rgb255=20,20,18
143 56 rgb255=21,21,19
144 56 rgb255=19,19,17
145 56 rgb255=19,19,17
146 56 rgb255=20,20,18
147 56 rgb255=23,22,19
148 56 rgb255=25,24,20
149 56 rgb255=26,25,21
150 56 rgb255=25,24,20
151 56 rgb255=23,22,18
152 56 rgb255=23,22,18
153 56 rgb255=22,21,17
154 56 rgb255=23,22,18
155 56 rgb255=255,255,255
156 56 rgb255=255,255,255
157 56 rgb255=255,255,255
158 56 rgb255=255,255,255
159 56 rgb255=255,255,255
160 56 rgb255=255,255,255
161 56 rgb255=255,255,255
162 56 rgb255=255,255,255
163 56 rgb255=255,255,255
164 56 rgb255=78,59,33
165 56 rgb255=86,68,41
166 56 rgb255=94,75,48
167 56 rgb255=128,96,66
168 56 rgb255=126,94,58
169 56 rgb255=114,92,57
170 56 rgb255=95,80,61
171 56 rgb255=53,36,22
172 56 rgb255=102,76,54
173 56 rgb255=129,100,65
174 56 rgb255=198,164,116
175 56 rgb255=201,165,114
176 56 rgb255=189,155,114
177 56 rgb255=195,162,118
178 56 rgb255=205,172,126
179 56 rgb255=208,175,127
180 56 rgb255=181,144,109
181 56 rgb255=173,138,110
182 56 rgb255=190,160,131
183 56 rgb255=207,183,145
184 56 rgb255=216,191,146
185 56 rgb255=174,148,112
186 56 rgb255=154,130,103
187 56 rgb255=126,107,72
188 56 rgb255=131,109,73
189 56 rgb255=145,117,87
190 56 rgb255=146,117,88
191 56 rgb255=141,112,82
192 56 rgb255=127,100,71
193 56 rgb255=124,104,74
194 56 rgb255=111,91,61
195 56 rgb255=116,95,66
0 55 rgb255=220,222,222
1 55 rgb255=220,222,221
2 55 rgb255=182,183,187
3 55 rgb255=158,159,163
4 55 rgb255=158,159,162
5 55 rgb255=121,122,126
6 55 rgb255=77,78,81
7 55 rgb255=40,41,45
8 55 rgb255=32,33,37
9 55 rgb255=14,15,19
10 55 rgb255=8,8,12
11 55 rgb255=10,8,12
12 55 rgb255=11,9,12
13 55 rgb255=11,9,12
14 55 rgb255=12,9,13
15 55 rgb255=14,12,17
16 55 rgb255=13,10,16
17 55 rgb255=9,6,12
18 55 rgb255=7,4,10
19 55 rgb255=8,7,12
20 55 rgb255=18,19,24
21 55 rgb255=32,35,42
22 55 rgb255=40,45,54
23 55 rgb255=32,40,46
24 55 rgb255=66,73,76
25 55 rgb255=171,175,176
26 55 rgb255=244,246,244
27 55 rgb255=251,252,248
28 55 rgb255=252,253,247
29 55 rgb255=252,253,247
30 55 rgb255=252,253,248
31 55 rgb255=252,252,250
32 55 rgb255=255,255,255
33 55 rgb255=255,255,255
34 55 rgb255=255,255,255
35 55 rgb255=255,255,255
36 55 rgb255=255,255,255
37 55 rgb255=255,255,255
38 55 rgb255=255,255,255
39 55 rgb255=255,255,255
40 55 rgb255=255,255,255
41 55 rgb255=85,86,83
42 55 rgb255=205,191,172
43 55 rgb255=233,218,205
44 55 rgb255=244,232,228
45 55 rgb255=248,242,241
46 55 rgb255=246,243,245
47 55 rgb255=232,223,225
48 55 rgb255=216,207,208
49 55 rgb255=235,225,227
50 55 rgb255=224,216,222
51 55 rgb255=214,207,216
52 55 rgb255=203,195,205
53 55 rgb255=190,183,193
54 55 rgb255=190,186,198
55 55 rgb255=179,175,187
56 55 rgb255=171,166,178
57 55 rgb255=140,133,145
58 55 rgb255=97,93,108
59 55 rgb255=148,148,166
60 55 rgb255=130,138,161
61 55 rgb255=98,114,146
62 55 rgb255=92,116,161
63 55 rgb255=89,120,172
64 55 rgb255=106,137,183
65 55 rgb255=114,150,195
66 55 rgb255=109,150,196
67 55 rgb255=105,133,173
68 55 rgb255=87,92,118
69 55 rgb255=54,48,65
70 55 rgb255=18,13,27
71 55 rgb255=12,8,16
72 55 rgb255=15,12,14
73 55 rgb255=255,255,255
74 55 rgb255=255,255,255
75 55 rgb255=255,255,255
76 55 rgb255=255,255,255
77 55 rgb255=255,255,255
78 55 rgb255=255,255,255
79 55 rgb255=255,255,255
80 55 rgb255=255,255,255
81 55 rgb255=255,255,255
82 55 rgb255=159,147,148
83 55 rgb255=161,162,161
84 55 rgb255=163,174,172
85 55 rgb255=179,182,182
86 55 rgb255=182,189,189
87 55 rgb255=185,189,194
88 55 rgb255=142,150,142
89 55 rgb255=101,120,119
90 55 rgb255=83,110,134
91 55 rgb255=88,114,136
92 55 rgb255=97,126,139
93 55 rgb255=103,133,145
94 55 rgb255=102,128,151
95 55 rgb255=91,113,142
96 55 rgb255=87,112,135
97 55 rgb255=93,118,140
98 55 rgb255=83,106,127
99 55 rgb255=70,93,113
100 55 rgb255=82,101,119
101 55 rgb255=79,99,123
102 55 rgb255=55,78,81
103 55 rgb255=94,121,47
104 55 rgb255=150,192,79
105 55 rgb255=134,187,74
106 55 rgb255=104,155,24
107 55 rgb255=109,149,27
108 55 rgb255=125,161,48
109 55 rgb255=151,193,63
110 55 rgb255=136,189,42
111 55 rgb255=157,205,70
112 55 rgb255=192,225,129
113 55 rgb255=204,232,163
114 55 rgb255=255,255,255
115 55 rgb255=255,255,255
116 55 rgb255=255,255,255
117 55 rgb255=255,255,255
118 55 rgb255=255,255,255
119 55 rgb255=255,255,255
120 55 rgb255=255,255,255
121 55 rgb255=255,255,255
122 55 rgb255=255,255,255
123 55 rgb255=65,53,40
124 55 rgb255=63,50,41
125 55 rgb255=101,93,82
126 55 rgb255=94,91,79
127 55 rgb255=63,60,51
128 55 rgb255=74,68,56
129 55 rgb255=88,82,62
130 55 rgb255=87,78,59
131 55 rgb255=59,48,36
132 55 rgb255=42,41,35
133 55 rgb255=51,51,44
134 55 rgb255=40,37,27
135 55 rgb255=39,33,21
136 55 rgb255=40,33,22
137 55 rgb255=26,24,19
138 55 rgb255=18,18,15
139 55 rgb255=19,19,16
140 55 rgb255=19,19,17
141 55 rgb255=18,18,16
142 55 rgb255=20,20,18
143 55 rgb255=22,22,20
144 55 rgb255=19,19,17
145 55 rgb255=19,19,17
146 55 rgb255=19,19,17
147 55 rgb255=23,22,18
148 55 rgb255=27,26,22
149 55 rgb255=26,25,21
150 55 rgb255=24,23,19
151 55 rgb255=23,22,18
152 55 rgb255=23,22,18
153 55 rgb255=23,22,18
154 55 rgb255=24,23,19
155 55 rgb255=255,255,255
156 55 rgb255=255,255,255
157 55 rgb255=255,255,255
158 55 rgb255=255,255,255
159 55 rgb255=255,255,255
160 55 rgb255=255,255,255
161 55 rgb255=255,255,255
162 55 rgb255=255,255,255
163 55 rgb255=255,255,255
164 55 rgb255=80,62,38
165 55 rgb255=79,60,35
166 55 rgb255=93,72,47
167 55 rgb255=121,90,59
168 55 rgb255=128,98,60
169 55 rgb255=116,93,58
170 55 rgb255=92,74,52
171 55 rgb255=40,19,6
172 55 rgb255=92,64,40
173 55 rgb255=162,130,89
174 55 rgb255=207,171,117
175 55 rgb255=219,181,127
176 55 rgb255=216,182,136
177 55 rgb255=211,178,131
178 55 rgb255=208,175,125
179 55 rgb255=211,178,128
180 55 rgb255=201,164,122
181 55 rgb255=179,142,113
182 55 rgb255=165,139,113
183 55 rgb255=139,116,85
184 55 rgb255=175,152,115
185 55 rgb255=152,127,98
186 55 rgb255=126,102,77
187 55 rgb255=122,102,65
188 55 rgb255=142,116,78
189 55 rgb255=150,117,85
190 55 rgb255=157,124,93
191 55 rgb255=153,121,91
192 55 rgb255=134,104,74
193 55 rgb255=132,105,74
194 55 rgb255=134,109,77
195 55 rgb255=120,97,65
0 54 rgb255=219,221,220
1 54 rgb255=206,208,206
2 54 rgb255=96,97,101
3 54 rgb255=39,39,46
4 54 rgb255=47,48,55
5 54 rgb255=35,35,42
6 54 rgb255=34,34,41
7 54 rgb255=30,30,35
8 54 rgb255=22,23,27
9 54 rgb255=19,20,24
10 54 rgb255=7,8,12
11 54 rgb255=8,6,9
12 54 rgb255=10,8,11
13 54 rgb255=9,7,10
14 54 rgb255=9,7,10
15 54 rgb255=8,6,10
16 54 rgb255=8,6,11
17 54 rgb255=6,4,9
18 54 rgb255=7,5,10
19 54 rgb255=9,8,13
20 54 rgb255=10,10,15
21 54 rgb255=19,21,27
22 54 rgb255=35,39,47
23 54 rgb255=48,56,62
24 54 rgb255=39,47,50
25 54 rgb255=59,64,66
26 54 rgb255=197,200,201
27 54 rgb255=253,254,251
28 54 rgb255=251,252,247
29 54 rgb255=252,253,248
30 54 rgb255=252,253,249
31 54 rgb255=253,253,252
32 54 rgb255=255,255,255
33 54 rgb255=255,255,255
34 54 rgb255=255,255,255
35 54 rgb255=255,255,255
36 54 rgb255=255,255,255
37 54 rgb255=255,255,255
38 54 rgb255=255,255,255
39 54 rgb255=255,255,255
40 54 rgb255=255,255,255
41 54 rgb255=101,95,94
42 54 rgb255=192,172,148
43 54 rgb255=208,189,170
44 54 rgb255=228,213,206
45 54 rgb255=243,235,232
46 54 rgb255=254,248,248
47 54 rgb255=246,238,238
48 54 rgb255=235,224,220
49 54 rgb255=248,234,227
50 54 rgb255=250,237,235
51 54 rgb255=249,239,241
52 54 rgb255=245,234,235
53 54 rgb255=204,192,195
54 54 rgb255=225,213,219
55 54 rgb255=235,223,228
56 54 rgb255=225,211,217
57 54 rgb255=218,198,205
58 54 rgb255=203,185,195
59 54 rgb255=194,181,194
60 54 rgb255=184,177,194
61 54 rgb255=167,167,191
62 54 rgb255=144,148,182
63 54 rgb255=118,124,164
64 54 rgb255=94,104,143
65 54 rgb255=76,101,142
66 54 rgb255=68,111,155
67 54 rgb255=77,127,183
68 54 rgb255=93,136,190
69 54 rgb255=102,131,175
70 54 rgb255=81,98,129
71 54 rgb255=35,40,55
72 54 rgb255=14,16,22
73 54 rgb255=255,255,255
74 54 rgb255=255,255,255
75 54 rgb255=255,255,255
76 54 rgb255=255,255,255
77 54 rgb255=255,255,255
78 54 rgb255=255,255,255
79 54 rgb255=255,255,255
80 54 rgb255=255,255,255
81 54 rgb255=255,255,255
82 54 rgb255=195,193,201
83 54 rgb255=194,198,209
84 54 rgb255=191,202,204
85 54 rgb255=195,205,193
86 54 rgb255=198,202,201
87 54 rgb255=199,211,204
88 54 rgb255=132,145,139
89 54 rgb255=74,91,100
90 54 rgb255=56,83,100
91 54 rgb255=69,95,112
92 54 rgb255=65,90,107
93 54 rgb255=75,97,119
94 54 rgb255=97,115,141
95 54 rgb255=110,127,156
96 54 rgb255=98,117,145
97 54 rgb255=92,112,137
98 54 rgb255=78,98,121
99 54 rgb255=58,77,99
100 54 rgb255=62,75,95
101 54 rgb255=64,73,89
102 54 rgb255=43,65,52
103 54 rgb255=82,119,43
104 54 rgb255=136,190,66
105 54 rgb255=135,189,65
106 54 rgb255=109,156,47
107 54 rgb255=67,113,12
108 54 rgb255=82,133,14
109 54 rgb255=108,165,27
110 54 rgb255=113,176,22
111 54 rgb255=124,184,29
112 54 rgb255=138,188,58
113 54 rgb255=171,211,110
114 54 rgb255=255,255,255
115 54 rgb255=255,255,255
116 54 rgb255=255,255,255
117 54 rgb255=255,255,255
118 54 rgb255=255,255,255
119 54 rgb255=255,255,255
120 54 rgb255=255,255,255
121 54 rgb255=255,255,255
122 54 rgb255=255,255,255
123 54 rgb255=51,44,32
124 54 rgb255=61,49,40
125 54 rgb255=87,77,66
126 54 rgb255=91,86,74
127 54 rgb255=73,69,59
128 54 rgb255=79,73,59
129 54 rgb255=81,74,55
130 54 rgb255=93,84,66
131 54 rgb255=51,40,27
132 54 rgb255=41,33,22
133 54 rgb255=46,40,29
134 54 rgb255=39,33,21
135 54 rgb255=38,32,21
136 54 rgb255=36,31,21
137 54 rgb255=22,21,17
138 54 rgb255=18,18,16
139 54 rgb255=20,20,18
140 54 rgb255=19,19,17
141 54 rgb255=18,18,16
142 54 rgb255=20,20,18
143 54 rgb255=21,21,19
144 54 rgb255=19,19,17
145 54 rgb255=19,19,17
146 54 rgb255=19,19,17
147 54 rgb255=22,21,17
148 54 rgb255=30,28,24
149 54 rgb255=28,27,23
150 54 rgb255=23,22,18
151 54 rgb255=23,22,18
152 54 rgb255=23,22,18
153 54 rgb255=23,22,18
154 54 rgb255=22,21,17
155 54 rgb255=255,255,255
156 54 rgb255=255,255,255
157 54 rgb255=255,255,255
158 54 rgb255=255,255,255
159 54 rgb255=255,255,255
160 54 rgb255=255,255,255
161 54 rgb255=255,255,255
162 54 rgb255=255,255,255
163 54 rgb255=255,255,255
164 54 rgb255=104,82,62
165 54 rgb255=111,87,64
166 54 rgb255=121,94,70
167 54 rgb255=130,104,71
168 54 rgb255=126,101,65
169 54 rgb255=121,96,64
170 54 rgb255=106,82,54
171 54 rgb255=75,46,29
172 54 rgb255=108,74,49
173 54 rgb255=188,152,105
174 54 rgb255=219,178,120
175 54 rgb255=233,192,135
176 54 rgb255=225,194,145
177 54 rgb255=222,192,142
178 54 rgb255=208,177,127
179 54 rgb255=219,189,137
180 54 rgb255=216,188,133
181 54 rgb255=177,143,110
182 54 rgb255=136,121,100
183 54 rgb255=97,80,62
184 54 rgb255=115,94,77
185 54 rgb255=101,79,65
186 54 rgb255=96,74,53
187 54 rgb255=138,115,78
188 54 rgb255=154,124,83
189 54 rgb255=151,114,78
190 54 rgb255=157,122,88
191 54 rgb255=152,120,87
192 54 rgb255=142,110,79
193 54 rgb255=139,106,76
194 54 rgb255=140,112,81
195 54 rgb255=116,94,61
0 53 rgb255=223,225,225
1 53 rgb255=186,188,186
2 53 rgb255=60,61,65
3 53 rgb255=25,25,33
4 53 rgb255=30,30,39
5 53 rgb255=35,35,44
6 53 rgb255=34,34,42
7 53 rgb255=31,32,37
8 53 rgb255=27,28,31
9 53 rgb255=25,26,30
10 53 rgb255=16,17,21
11 53 rgb255=7,6,9
12 53 rgb255=11,9,12
13 53 rgb255=11,9,12
14 53 rgb255=8,6,9
15 53 rgb255=7,5,9
16 53 rgb255=7,5,9
17 53 rgb255=6,4,8
18 53 rgb255=8,6,9
19 53 rgb255=12,10,13
20 53 rgb255=10,9,13
21 53 rgb255=10,10,16
22 53 rgb255=35,38,44
23 53 rgb255=47,54,59
24 53 rgb255=53,60,64
25 53 rgb255=46,51,55
26 53 rgb255=113,118,122
27 53 rgb255=241,242,241
28 53 rgb255=252,252,249
29 53 rgb255=251,251,249
30 53 rgb255=252,252,249
31 53 rgb255=252,252,251
32 53 rgb255=255,255,255
33 53 rgb255=255,255,255
34 53 rgb255=255,255,255
35 53 rgb255=255,255,255
36 53 rgb255=255,255,255
37 53 rgb255=255,255,255
38 53 rgb255=255,255,255
39 53 rgb255=255,255,255
40 53 rgb255=255,255,255
41 53 rgb255=126,113,109
42 53 rgb255=193,166,143
43 53 rgb255=190,166,148
44 53 rgb255=161,143,134
45 53 rgb255=112,99,95
46 53 rgb255=135,126,124
47 53 rgb255=196,189,186
48 53 rgb255=223,210,201
49 53 rgb255=227,207,191
50 53 rgb255=230,211,200
51 53 rgb255=230,213,206
52 53 rgb255=234,217,210
53 53 rgb255=234,218,212
54 53 rgb255=243,226,224
55 53 rgb255=250,232,230
56 53 rgb255=249,229,227
57 53 rgb255=249,224,223
58 53 rgb255=244,221,222
59 53 rgb255=231,212,217
60 53 rgb255=222,209,218
61 53 rgb255=181,172,186
62 53 rgb255=150,141,161
63 53 rgb255=168,158,182
64 53 rgb255=156,146,168
65 53 rgb255=123,121,144
66 53 rgb255=82,90,115
67 53 rgb255=35,77,119
68 53 rgb255=22,84,135
69 53 rgb255=42,98,145
70 53 rgb255=84,121,156
71 53 rgb255=87,102,124
72 53 rgb255=38,45,55
73 53 rgb255=255,255,255
74 53 rgb255=255,255,255
75 53 rgb255=255,255,255
76 53 rgb255=255,255,255
77 53 rgb255=255,255,255
78 53 rgb255=255,255,255
79 53 rgb255=255,255,255
80 53 rgb255=255,255,255
81 53 rgb255=255,255,255
82 53 rgb255=205,208,216
83 53 rgb255=201,206,218
84 53 rgb255=198,207,209
85 53 rgb255=198,212,189
86 53 rgb255=196,211,191
87 53 rgb255=204,223,194
88 53 rgb255=127,134,118
89 53 rgb255=51,54,58
90 53 rgb255=50,66,69
91 53 rgb255=90,107,112
92 53 rgb255=54,68,81
93 53 rgb255=56,69,90
94 53 rgb255=76,86,112
95 53 rgb255=101,113,140
96 53 rgb255=99,113,139
97 53 rgb255=67,82,105
98 53 rgb255=56,72,91
99 53 rgb255=46,62,79
100 53 rgb255=49,59,76
101 53 rgb255=50,58,65
102 53 rgb255=43,66,36
103 53 rgb255=81,124,41
104 53 rgb255=107,166,37
105 53 rgb255=124,181,48
106 53 rgb255=138,186,75
107 53 rgb255=102,149,56
108 53 rgb255=93,143,44
109 53 rgb255=102,158,32
110 53 rgb255=121,183,32
111 53 rgb255=116,177,30
112 53 rgb255=118,170,43
113 53 rgb255=145,188,75
114 53 rgb255=255,255,255
115 53 rgb255=255,255,255
116 53 rgb255=255,255,255
117 53 rgb255=255,255,255
118 53 rgb255=255,255,255
119 53 rgb255=255,255,255
120 53 rgb255=255,255,255
121 53 rgb255=255,255,255
122 53 rgb255=255,255,255
123 53 rgb255=42,38,27
124 53 rgb255=54,44,28
125 53 rgb255=69,57,40
126 53 rgb255=90,80,64
127 53 rgb255=100,95,81
128 53 rgb255=108,102,87
129 53 rgb255=90,83,67
130 53 rgb255=73,63,48
131 53 rgb255=49,37,22
132 53 rgb255=51,35,17
133 53 rgb255=57,42,25
134 53 rgb255=68,59,45
135 53 rgb255=44,39,30
136 53 rgb255=27,25,18
137 53 rgb255=18,18,15
138 53 rgb255=18,18,16
139 53 rgb255=21,21,19
140 53 rgb255=20,20,18
141 53 rgb255=20,20,18
142 53 rgb255=21,21,19
143 53 rgb255=20,20,18
144 53 rgb255=19,19,17
145 53 rgb255=19,19,17
146 53 rgb255=19,19,17
147 53 rgb255=21,20,16
148 53 rgb255=27,26,22
149 53 rgb255=29,28,24
150 53 rgb255=24,23,19
151 53 rgb255=21,20,16
152 53 rgb255=23,22,18
153 53 rgb255=23,22,18
154 53 rgb255=23,22,18
155 53 rgb255=255,255,255
156 53 rgb255=255,255,255
157 53 rgb255=255,255,255
158 53 rgb255=255,255,255
159 53 rgb255=255,255,255
160 53 rgb255=255,255,255
161 53 rgb255=255,255,255
162 53 rgb255=255,255,255
163 53 rgb255=255,255,255
164 53 rgb255=103,84,64
165 53 rgb255=119,96,74
166 53 rgb255=126,100,76
167 53 rgb255=135,111,78
168 53 rgb255=122,98,64
169 53 rgb255=116,91,61
170 53 rgb255=121,95,68
171 53 rgb255=123,94,74
172 53 rgb255=132,99,73
173 53 rgb255=193,157,111
174 53 rgb255=223,182,126
175 53 rgb255=230,190,133
176 53 rgb255=225,194,137
177 53 rgb255=229,198,141
178 53 rgb255=220,189,132
179 53 rgb255=226,196,138
180 53 rgb255=225,194,137
181 53 rgb255=182,145,112
182 53 rgb255=94,81,61
183 53 rgb255=83,70,56
184 53 rgb255=97,77,66
185 53 rgb255=90,70,60
186 53 rgb255=96,73,58
187 53 rgb255=140,117,85
188 53 rgb255=153,125,86
189 53 rgb255=149,116,80
190 53 rgb255=143,113,79
191 53 rgb255=130,103,71
192 53 rgb255=134,106,77
193 53 rgb255=128,100,72
194 53 rgb255=124,99,68
195 53 rgb255=110,87,54
0 52 rgb255=227,228,228
1 52 rgb255=198,200,198
2 52 rgb255=80,81,84
3 52 rgb255=39,39,45
4 52 rgb255=30,31,37
5 52 rgb255=23,24,30
6 52 rgb255=20,20,26
7 52 rgb255=23,24,28
8 52 rgb255=23,24,28
9 52 rgb255=24,25,29
10 52 rgb255=19,20,24
11 52 rgb255=10,8,12
12 52 rgb255=9,6,9
13 52 rgb255=11,9,12
14 52 rgb255=5,3,6
15 52 rgb255=6,4,6
16 52 rgb255=6,4,6
17 52 rgb255=6,4,6
18 52 rgb255=8,6,8
19 52 rgb255=13,9,11
20 52 rgb255=10,7,10
21 52 rgb255=11,10,15
22 52 rgb255=23,24,30
23 52 rgb255=36,39,44
24 52 rgb255=49,54,59
25 52 rgb255=52,59,65
26 52 rgb255=69,76,82
27 52 rgb255=212,213,214
28 52 rgb255=254,254,253
29 52 rgb255=250,250,249
30 52 rgb255=250,250,249
31 52 rgb255=251,251,250
32 52 rgb255=255,255,255
33 52 rgb255=255,255,255
34 52 rgb255=255,255,255
35 52 rgb255=255,255,255
36 52 rgb255=255,255,255
37 52 rgb255=255,255,255
38 52 rgb255=255,255,255
39 52 rgb255=255,255,255
40 52 rgb255=255,255,255
41 52 rgb255=80,64,56
42 52 rgb255=125,94,78
43 52 rgb255=140,113,99
44 52 rgb255=89,70,59
45 52 rgb255=49,33,27
46 52 rgb255=108,98,94
47 52 rgb255=104,98,93
48 52 rgb255=181,165,153
49 52 rgb255=198,173,152
50 52 rgb255=206,182,165
51 52 rgb255=210,187,175
52 52 rgb255=201,179,165
53 52 rgb255=222,198,187
54 52 rgb255=232,205,198
55 52 rgb255=226,198,191
56 52 rgb255=226,198,191
57 52 rgb255=227,201,193
58 52 rgb255=222,201,195
59 52 rgb255=223,206,203
60 52 rgb255=186,175,175
61 52 rgb255=68,58,62
62 52 rgb255=48,36,44
63 52 rgb255=103,92,104
64 52 rgb255=179,177,197
65 52 rgb255=178,170,189
66 52 rgb255=134,117,135
67 52 rgb255=108,113,136
68 52 rgb255=65,97,134
69 52 rgb255=63,100,141
70 52 rgb255=62,91,125
71 52 rgb255=99,121,147
72 52 rgb255=72,84,97
73 52 rgb255=255,255,255
74 52 rgb255=255,255,255
75 52 rgb255=255,255,255
76 52 rgb255=255,255,255
77 52 rgb255=255,255,255
78 52 rgb255=255,255,255
79 52 rgb255=255,255,255
80 52 rgb255=255,255,255
81 52 rgb255=255,255,255
82 52 rgb255=207,211,216
83 52 rgb255=200,205,214
84 52 rgb255=193,201,203
85 52 rgb255=189,204,181
86 52 rgb255=187,210,174
87 52 rgb255=194,210,169
88 52 rgb255=128,122,99
89 52 rgb255=47,42,35
90 52 rgb255=64,75,68
91 52 rgb255=83,86,89
92 52 rgb255=43,46,52
93 52 rgb255=39,44,53
94 52 rgb255=51,57,76
95 52 rgb255=57,65,89
96 52 rgb255=60,72,92
97 52 rgb255=51,63,79
98 52 rgb255=42,54,65
99 52 rgb255=29,44,46
100 52 rgb255=32,46,50
101 52 rgb255=32,49,42
102 52 rgb255=60,91,40
103 52 rgb255=103,149,55
104 52 rgb255=117,173,55
105 52 rgb255=123,180,54
106 52 rgb255=127,181,51
107 52 rgb255=135,181,81
108 52 rgb255=139,178,108
109 52 rgb255=129,172,65
110 52 rgb255=131,187,37
111 52 rgb255=125,180,46
112 52 rgb255=136,182,74
113 52 rgb255=143,183,75
114 52 rgb255=255,255,255
115 52 rgb255=255,255,255
116 52 rgb255=255,255,255
117 52 rgb255=255,255,255
118 52 rgb255=255,255,255
119 52 rgb255=255,255,255
120 52 rgb255=255,255,255
121 52 rgb255=255,255,255
122 52 rgb255=255,255,255
123 52 rgb255=38,29,12
124 52 rgb255=52,38,14
125 52 rgb255=69,54,30
126 52 rgb255=91,79,60
127 52 rgb255=104,99,79
128 52 rgb255=132,127,111
129 52 rgb255=130,122,110
130 52 rgb255=57,48,36
131 52 rgb255=75,62,48
132 52 rgb255=84,67,48
133 52 rgb255=74,59,42
134 52 rgb255=63,54,42
135 52 rgb255=40,37,29
136 52 rgb255=25,25,20
137 52 rgb255=20,20,17
138 52 rgb255=19,19,17
139 52 rgb255=21,21,19
140 52 rgb255=21,21,19
141 52 rgb255=22,22,20
142 52 rgb255=22,22,20
143 52 rgb255=19,19,17
144 52 rgb255=18,18,16
145 52 rgb255=19,19,17
146 52 rgb255=19,19,16
147 52 rgb255=20,20,16
148 52 rgb255=25,24,20
149 52 rgb255=29,28,24
150 52 rgb255=24,23,19
151 52 rgb255=23,22,18
152 52 rgb255=25,24,20
153 52 rgb255=24,23,19
154 52 rgb255=23,22,18
155 52 rgb255=255,255,255
156 52 rgb255=255,255,255
157 52 rgb255=255,255,255
158 52 rgb255=255,255,255
159 52 rgb255=255,255,255
160 52 rgb255=255,255,255
161 52 rgb255=255,255,255
162 52 rgb255=255,255,255
163 52 rgb255=255,255,255
164 52 rgb255=97,79,60
165 52 rgb255=106,85,64
166 52 rgb255=121,98,74
167 52 rgb255=117,95,63
168 52 rgb255=112,91,58
169 52 rgb255=122,100,71
170 52 rgb255=125,102,77
171 52 rgb255=109,83,62
172 52 rgb255=116,88,61
173 52 rgb255=178,145,102
174 52 rgb255=218,179,128
175 52 rgb255=222,183,129
176 52 rgb255=227,194,134
177 52 rgb255=234,200,140
178 52 rgb255=219,186,125
179 52 rgb255=226,193,132
180 52 rgb255=219,184,125
181 52 rgb255=192,152,116
182 52 rgb255=70,57,36
183 52 rgb255=63,56,44
184 52 rgb255=76,59,51
185 52 rgb255=82,63,57
186 52 rgb255=93,71,60
187 52 rgb255=130,107,82
188 52 rgb255=136,111,76
189 52 rgb255=143,117,82
190 52 rgb255=128,105,73
191 52 rgb255=104,84,54
192 52 rgb255=103,84,57
193 52 rgb255=103,83,58
194 52 rgb255=104,84,55
195 52 rgb255=113,91,58
0 51 rgb255=225,227,226
1 51 rgb255=223,225,223
2 51 rgb255=180,181,184
3 51 rgb255=150,152,154
4 51 rgb255=119,121,121
5 51 rgb255=78,80,80
6 51 rgb255=48,49,50
7 51 rgb255=26,27,31
8 51 rgb255=17,17,22
9 51 rgb255=13,13,18
10 51 rgb255=12,13,17
11 51 rgb255=14,13,16
12 51 rgb255=8,6,9
13 51 rgb255=6,4,7
14 51 rgb255=4,2,5
15 51 rgb255=5,3,4
16 51 rgb255=5,3,3
17 51 rgb255=4,2,3
18 51 rgb255=8,6,7
19 51 rgb255=14,10,10
20 51 rgb255=11,7,9
21 51 rgb255=12,10,14
22 51 rgb255=18,18,23
23 51 rgb255=24,25,30
24 51 rgb255=45,49,54
25 51 rgb255=60,68,76
26 51 rgb255=50,58,67
27 51 rgb255=163,165,167
28 51 rgb255=250,250,249
29 51 rgb255=249,249,249
30 51 rgb255=250,250,250
31 51 rgb255=250,250,250
32 51 rgb255=255,255,255
33 51 rgb255=255,255,255
34 51 rgb255=255,255,255
35 51 rgb255=255,255,255
36 51 rgb255=255,255,255
37 51 rgb255=255,255,255
38 51 rgb255=255,255,255
39 51 rgb255=255,255,255
40 51 rgb255=255,255,255
41 51 rgb255=59,48,46
42 51 rgb255=85,69,57
43 51 rgb255=88,72,59
44 51 rgb255=58,45,34
45 51 rgb255=111,100,91
46 51 rgb255=233,224,217
47 51 rgb255=124,116,111
48 51 rgb255=106,88,75
49 51 rgb255=146,115,94
50 51 rgb255=151,121,97
51 51 rgb255=162,134,111
52 51 rgb255=159,131,108
53 51 rgb255=177,146,126
54 51 rgb255=198,164,149
55 51 rgb255=202,168,153
56 51 rgb255=208,174,159
57 51 rgb255=210,175,163
58 51 rgb255=198,172,159
59 51 rgb255=192,176,161
60 51 rgb255=81,71,64
61 51 rgb255=26,18,17
62 51 rgb255=33,23,23
63 51 rgb255=22,14,19
64 51 rgb255=131,131,149
65 51 rgb255=176,168,187
66 51 rgb255=143,124,143
67 51 rgb255=122,116,139
68 51 rgb255=91,109,136
69 51 rgb255=87,113,143
70 51 rgb255=76,97,126
71 51 rgb255=98,115,140
72 51 rgb255=103,111,127
73 51 rgb255=255,255,255
74 51 rgb255=255,255,255
75 51 rgb255=255,255,255
76 51 rgb255=255,255,255
77 51 rgb255=255,255,255
78 51 rgb255=255,255,255
79 51 rgb255=255,255,255
80 51 rgb255=255,255,255
81 51 rgb255=255,255,255
82 51 rgb255=198,205,208
83 51 rgb255=192,196,205
84 51 rgb255=184,190,194
85 51 rgb255=181,189,172
86 51 rgb255=177,185,154
87 51 rgb255=183,185,148
88 51 rgb255=118,107,86
89 51 rgb255=49,49,36
90 51 rgb255=68,86,72
91 51 rgb255=67,66,75
92 51 rgb255=23,21,24
93 51 rgb255=17,20,16
94 51 rgb255=35,41,43
95 51 rgb255=47,57,68
96 51 rgb255=43,57,71
97 51 rgb255=41,51,61
98 51 rgb255=31,42,40
99 51 rgb255=21,39,18
100 51 rgb255=22,45,23
101 51 rgb255=26,54,22
102 51 rgb255=80,119,47
103 51 rgb255=139,187,88
104 51 rgb255=115,168,65
105 51 rgb255=129,187,65
106 51 rgb255=130,189,42
107 51 rgb255=129,178,63
108 51 rgb255=159,195,126
109 51 rgb255=159,197,91
110 51 rgb255=158,209,51
111 51 rgb255=119,169,34
112 51 rgb255=150,190,97
113 51 rgb255=161,197,107
114 51 rgb255=255,255,255
115 51 rgb255=255,255,255
116 51 rgb255=255,255,255
117 51 rgb255=255,255,255
118 51 rgb255=255,255,255
119 51 rgb255=255,255,255
120 51 rgb255=255,255,255
121 51 rgb255=255,255,255
122 51 rgb255=255,255,255
123 51 rgb255=68,49,22
124 51 rgb255=87,67,32
125 51 rgb255=103,84,55
126 51 rgb255=108,94,74
127 51 rgb255=100,96,73
128 51 rgb255=111,107,89
129 51 rgb255=142,134,124
130 51 rgb255=86,75,66
131 51 rgb255=107,95,82
132 51 rgb255=103,92,77
133 51 rgb255=58,49,36
134 51 rgb255=38,33,23
135 51 rgb255=32,31,23
136 51 rgb255=26,27,22
137 51 rgb255=21,21,19
138 51 rgb255=20,20,18
139 51 rgb255=21,21,19
140 51 rgb255=21,21,19
141 51 rgb255=21,21,19
142 51 rgb255=21,21,19
143 51 rgb255=20,20,18
144 51 rgb255=19,19,18
145 51 rgb255=20,20,18
146 51 rgb255=20,20,18
147 51 rgb255=21,20,16
148 51 rgb255=25,24,21
149 51 rgb255=30,29,25
150 51 rgb255=24,23,19
151 51 rgb255=25,24,20
152 51 rgb255=28,27,23
153 51 rgb255=24,23,19
154 51 rgb255=23,22,18
155 51 rgb255=255,255,255
156 51 rgb255=255,255,255
157 51 rgb255=255,255,255
158 51 rgb255=255,255,255
159 51 rgb255=255,255,255
160 51 rgb255=255,255,255
161 51 rgb255=255,255,255
162 51 rgb255=255,255,255
163 51 rgb255=255,255,255
164 51 rgb255=77,62,44
165 51 rgb255=103,84,63
166 51 rgb255=108,87,64
167 51 rgb255=104,85,55
168 51 rgb255=122,104,73
169 51 rgb255=109,90,63
170 51 rgb255=105,86,61
171 51 rgb255=98,77,55
172 51 rgb255=107,82,55
173 51 rgb255=138,109,69
174 51 rgb255=180,146,100
175 51 rgb255=186,149,102
176 51 rgb255=216,181,128
177 51 rgb255=229,193,141
178 51 rgb255=211,175,122
179 51 rgb255=216,180,126
180 51 rgb255=212,174,116
181 51 rgb255=199,155,118
182 51 rgb255=54,40,21
183 51 rgb255=16,13,5
184 51 rgb255=49,34,30
185 51 rgb255=67,47,45
186 51 rgb255=86,65,59
187 51 rgb255=119,96,77
188 51 rgb255=113,92,61
189 51 rgb255=117,98,65
190 51 rgb255=104,89,57
191 51 rgb255=87,75,46
192 51 rgb255=85,74,48
193 51 rgb255=86,74,52
194 51 rgb255=91,75,48
195 51 rgb255=93,74,41
0 50 rgb255=222,223,224
1 50 rgb255=222,224,223
2 50 rgb255=225,226,229
3 50 rgb255=226,228,228
4 50 rgb255=218,220,219
5 50 rgb255=199,201,200
6 50 rgb255=169,172,171
7 50 rgb255=133,135,137
8 50 rgb255=96,98,101
9 50 rgb255=62,64,67
10 50 rgb255=39,41,44
11 50 rgb255=29,29,31
12 50 rgb255=18,16,19
13 50 rgb255=8,6,9
14 50 rgb255=4,3,5
15 50 rgb255=4,2,4
16 50 rgb255=6,4,6
17 50 rgb255=7,5,6
18 50 rgb255=10,8,9
19 50 rgb255=13,9,10
20 50 rgb255=14,10,12
21 50 rgb255=16,14,17
22 50 rgb255=15,15,19
23 50 rgb255=20,20,25
24 50 rgb255=28,31,37
25 50 rgb255=44,49,57
26 50 rgb255=47,54,63
27 50 rgb255=96,100,105
28 50 rgb255=224,225,227
29 50 rgb255=251,251,252
30 50 rgb255=250,249,249
31 50 rgb255=250,249,250
32 50 rgb255=255,255,255
33 50 rgb255=255,255,255
34 50 rgb255=255,255,255
35 50 rgb255=255,255,255
36 50 rgb255=255,255,255
37 50 rgb255=255,255,255
38 50 rgb255=255,255,255
39 50 rgb255=255,255,255
40 50 rgb255=255,255,255
41 50 rgb255=86,80,82
42 50 rgb255=83,80,69
43 50 rgb255=80,75,61
44 50 rgb255=64,56,46
45 50 rgb255=136,129,118
46 50 rgb255=232,225,216
47 50 rgb255=153,142,139
48 50 rgb255=56,37,28
49 50 rgb255=93,64,45
50 50 rgb255=103,73,52
51 50 rgb255=110,82,61
52 50 rgb255=110,82,62
53 50 rgb255=117,86,67
54 50 rgb255=129,96,79
55 50 rgb255=139,105,89
56 50 rgb255=145,110,95
57 50 rgb255=153,116,104
58 50 rgb255=152,124,111
59 50 rgb255=131,115,98
60 50 rgb255=38,30,22
61 50 rgb255=94,86,84
62 50 rgb255=141,134,131
63 50 rgb255=40,34,34
64 50 rgb255=74,69,76
65 50 rgb255=165,155,165
66 50 rgb255=149,134,146
67 50 rgb255=102,100,119
68 50 rgb255=44,63,81
69 50 rgb255=49,74,90
70 50 rgb255=72,88,106
71 50 rgb255=95,106,123
72 50 rgb255=107,112,125
73 50 rgb255=255,255,255
74 50 rgb255=255,255,255
75 50 rgb255=255,255,255
76 50 rgb255=255,255,255
77 50 rgb255=255,255,255
78 50 rgb255=255,255,255
79 50 rgb255=255,255,255
80 50 rgb255=255,255,255
81 50 rgb255=255,255,255
82 50 rgb255=195,203,209
83 50 rgb255=190,195,205
84 50 rgb255=192,196,207
85 50 rgb255=187,189,183
86 50 rgb255=175,169,147
87 50 rgb255=165,164,131
88 50 rgb255=128,126,102
89 50 rgb255=112,119,97
90 50 rgb255=86,109,80
91 50 rgb255=57,68,53
92 50 rgb255=44,56,31
93 50 rgb255=42,57,26
94 50 rgb255=39,52,33
95 50 rgb255=41,57,56
96 50 rgb255=52,71,82
97 50 rgb255=30,42,46
98 50 rgb255=22,36,19
99 50 rgb255=58,84,36
100 50 rgb255=58,93,35
101 50 rgb255=39,78,16
102 50 rgb255=96,141,56
103 50 rgb255=139,188,93
104 50 rgb255=106,156,66
105 50 rgb255=133,189,77
106 50 rgb255=129,188,48
107 50 rgb255=149,201,78
108 50 rgb255=180,222,128
109 50 rgb255=182,224,111
110 50 rgb255=166,215,61
111 50 rgb255=140,185,53
112 50 rgb255=157,193,107
113 50 rgb255=139,171,98
114 50 rgb255=255,255,255
115 50 rgb255=255,255,255
116 50 rgb255=255,255,255
117 50 rgb255=255,255,255
118 50 rgb255=255,255,255
119 50 rgb255=255,255,255
120 50 rgb255=255,255,255
121 50 rgb255=255,255,255
122 50 rgb255=255,255,255
123 50 rgb255=103,78,42
124 50 rgb255=113,91,54
125 50 rgb255=118,102,71
126 50 rgb255=87,76,54
127 50 rgb255=68,63,40
128 50 rgb255=58,52,34
129 50 rgb255=90,82,71
130 50 rgb255=110,102,91
131 50 rgb255=89,81,67
132 50 rgb255=55,49,38
133 50 rgb255=28,25,15
134 50 rgb255=28,26,18
135 50 rgb255=27,27,21
136 50 rgb255=25,25,20
137 50 rgb255=22,22,20
138 50 rgb255=21,21,19
139 50 rgb255=21,21,19
140 50 rgb255=21,21,19
141 50 rgb255=21,21,19
142 50 rgb255=20,20,18
143 50 rgb255=22,22,19
144 50 rgb255=21,22,18
145 50 rgb255=21,20,16
146 50 rgb255=22,21,16
147 50 rgb255=22,22,17
148 50 rgb255=23,23,18
149 50 rgb255=29,28,23
150 50 rgb255=24,23,18
151 50 rgb255=25,24,20
152 50 rgb255=28,28,23
153 50 rgb255=24,23,19
154 50 rgb255=23,23,18
155 50 rgb255=255,255,255
156 50 rgb255=255,255,255
157 50 rgb255=255,255,255
158 50 rgb255=255,255,255
159 50 rgb255=255,255,255
160 50 rgb255=255,255,255
161 50 rgb255=255,255,255
162 50 rgb255=255,255,255
163 50 rgb255=255,255,255
164 50 rgb255=48,36,18
165 50 rgb255=82,67,47
166 50 rgb255=78,61,38
167 50 rgb255=107,90,62
168 50 rgb255=111,94,66
169 50 rgb255=95,78,53
170 50 rgb255=91,74,52
171 50 rgb255=94,76,55
172 50 rgb255=97,78,49
173 50 rgb255=97,73,35
174 50 rgb255=142,111,72
175 50 rgb255=116,82,47
176 50 rgb255=136,100,64
177 50 rgb255=151,115,80
178 50 rgb255=114,78,44
179 50 rgb255=113,78,43
180 50 rgb255=191,153,100
181 50 rgb255=198,152,114
182 50 rgb255=71,56,34
183 50 rgb255=25,26,16
184 50 rgb255=30,18,14
185 50 rgb255=47,28,28
186 50 rgb255=72,52,48
187 50 rgb255=105,84,69
188 50 rgb255=94,77,50
189 50 rgb255=84,71,41
190 50 rgb255=86,77,48
191 50 rgb255=78,70,44
192 50 rgb255=79,73,50
193 50 rgb255=77,71,50
194 50 rgb255=69,59,33
195 50 rgb255=89,72,42
0 49 rgb255=216,217,219
1 49 rgb255=211,212,214
2 49 rgb255=211,212,214
3 49 rgb255=212,214,215
4 49 rgb255=211,214,215
5 49 rgb255=208,210,211
6 49 rgb255=199,201,202
7 49 rgb255=185,187,189
8 49 rgb255=162,165,167
9 49 rgb255=128,130,132
10 49 rgb255=87,89,91
11 49 rgb255=63,63,65
12 49 rgb255=53,53,55
13 49 rgb255=43,43,45
14 49 rgb255=33,32,34
15 49 rgb255=24,24,26
16 49 rgb255=21,20,22
17 49 rgb255=18,17,19
18 49 rgb255=14,14,15
19 49 rgb255=9,8,10
20 49 rgb255=11,10,12
21 49 rgb255=13,13,15
22 49 rgb255=12,12,15
23 49 rgb255=25,25,31
24 49 rgb255=23,23,31
25 49 rgb255=20,21,28
26 49 rgb255=34,36,44
27 49 rgb255=65,71,81
28 49 rgb255=177,181,189
29 49 rgb255=251,251,254
30 49 rgb255=251,247,249
31 49 rgb255=250,249,250
32 49 rgb255=255,255,255
33 49 rgb255=255,255,255
34 49 rgb255=255,255,255
35 49 rgb255=255,255,255
36 49 rgb255=255,255,255
37 49 rgb255=255,255,255
38 49 rgb255=255,255,255
39 49 rgb255=255,255,255
40 49 rgb255=255,255,255
41 49 rgb255=82,80,79
42 49 rgb255=79,78,68
43 49 rgb255=85,82,71
44 49 rgb255=75,70,61
45 49 rgb255=122,117,108
46 49 rgb255=209,203,195
47 49 rgb255=133,124,122
48 49 rgb255=28,13,9
49 49 rgb255=55,33,23
50 49 rgb255=63,40,32
51 49 rgb255=58,35,29
52 49 rgb255=57,35,29
53 49 rgb255=64,40,33
54 49 rgb255=75,47,38
55 49 rgb255=78,51,41
56 49 rgb255=87,59,49
57 49 rgb255=95,67,59
58 49 rgb255=93,70,60
59 49 rgb255=63,49,37
60 49 rgb255=38,29,23
61 49 rgb255=174,167,165
62 49 rgb255=232,225,223
63 49 rgb255=112,105,103
64 49 rgb255=31,27,26
65 49 rgb255=116,108,107
66 49 rgb255=113,100,101
67 49 rgb255=85,77,86
68 49 rgb255=38,44,54
69 49 rgb255=48,60,67
70 49 rgb255=62,70,78
71 49 rgb255=61,71,77
72 49 rgb255=71,78,83
73 49 rgb255=255,255,255
74 49 rgb255=255,255,255
75 49 rgb255=255,255,255
76 49 rgb255=255,255,255
77 49 rgb255=255,255,255
78 49 rgb255=255,255,255
79 49 rgb255=255,255,255
80 49 rgb255=255,255,255
81 49 rgb255=255,255,255
82 49 rgb255=189,197,207
83 49 rgb255=190,195,209
84 49 rgb255=193,194,211
85 49 rgb255=187,186,187
86 49 rgb255=180,177,154
87 49 rgb255=173,185,144
88 49 rgb255=140,153,115
89 49 rgb255=115,119,86
90 49 rgb255=138,152,101
91 49 rgb255=121,152,83
92 49 rgb255=121,154,76
93 49 rgb255=115,145,78
94 49 rgb255=62,83,49
95 49 rgb255=42,63,61
96 49 rgb255=61,84,95
97 49 rgb255=20,33,34
98 49 rgb255=35,51,24
99 49 rgb255=104,137,67
100 49 rgb255=71,115,28
101 49 rgb255=58,106,17
102 49 rgb255=122,171,80
103 49 rgb255=156,205,118
104 49 rgb255=151,199,119
105 49 rgb255=142,195,96
106 49 rgb255=129,185,70
107 49 rgb255=147,200,83
108 49 rgb255=152,202,84
109 49 rgb255=170,218,104
110 49 rgb255=159,205,76
111 49 rgb255=155,194,78
112 49 rgb255=152,185,104
113 49 rgb255=132,163,91
114 49 rgb255=255,255,255
115 49 rgb255=255,255,255
116 49 rgb255=255,255,255
117 49 rgb255=255,255,255
118 49 rgb255=255,255,255
119 49 rgb255=255,255,255
120 49 rgb255=255,255,255
121 49 rgb255=255,255,255
122 49 rgb255=255,255,255
123 49 rgb255=114,93,53
124 49 rgb255=116,100,70
125 49 rgb255=108,99,73
126 49 rgb255=85,79,56
127 49 rgb255=72,64,46
128 49 rgb255=67,59,43
129 49 rgb255=77,71,56
130 49 rgb255=79,77,61
131 49 rgb255=45,45,28
132 49 rgb255=27,27,14
133 49 rgb255=23,23,13
134 49 rgb255=23,23,16
135 49 rgb255=24,23,19
136 49 rgb255=23,22,18
137 49 rgb255=22,22,20
138 49 rgb255=20,20,18
139 49 rgb255=19,19,17
140 49 rgb255=20,20,18
141 49 rgb255=20,20,18
142 49 rgb255=20,21,17
143 49 rgb255=21,23,18
144 49 rgb255=25,25,19
145 49 rgb255=23,22,15
146 49 rgb255=22,20,13
147 49 rgb255=20,21,14
148 49 rgb255=21,23,16
149 49 rgb255=24,25,19
150 49 rgb255=21,22,16
151 49 rgb255=23,24,18
152 49 rgb255=27,28,24
153 49 rgb255=22,23,18
154 49 rgb255=22,23,17
155 49 rgb255=255,255,255
156 49 rgb255=255,255,255
157 49 rgb255=255,255,255
158 49 rgb255=255,255,255
159 49 rgb255=255,255,255
160 49 rgb255=255,255,255
161 49 rgb255=255,255,255
162 49 rgb255=255,255,255
163 49 rgb255=255,255,255
164 49 rgb255=44,35,17
165 49 rgb255=63,52,32
166 49 rgb255=77,62,40
167 49 rgb255=93,78,52
168 49 rgb255=96,82,56
169 49 rgb255=93,78,56
170 49 rgb255=80,65,46
171 49 rgb255=82,67,46
172 49 rgb255=81,65,37
173 49 rgb255=94,74,38
174 49 rgb255=120,93,62
175 49 rgb255=68,37,16
176 49 rgb255=79,46,26
177 49 rgb255=72,38,21
178 49 rgb255=72,38,19
179 49 rgb255=78,46,22
180 49 rgb255=150,116,69
181 49 rgb255=173,126,89
182 49 rgb255=84,67,39
183 49 rgb255=49,50,36
184 49 rgb255=30,19,12
185 49 rgb255=48,32,29
186 49 rgb255=50,31,27
187 49 rgb255=100,80,67
188 49 rgb255=91,75,51
189 49 rgb255=77,67,40
190 49 rgb255=67,60,35
191 49 rgb255=63,58,36
192 49 rgb255=60,56,35
193 49 rgb255=73,70,47
194 49 rgb255=63,57,32
195 49 rgb255=78,66,40
0 48 rgb255=202,203,205
1 48 rgb255=183,184,186
2 48 rgb255=165,166,168
3 48 rgb255=147,148,150
4 48 rgb255=135,136,138
5 48 rgb255=138,139,141
6 48 rgb255=141,142,144
7 48 rgb255=140,141,143
8 48 rgb255=133,134,136
9 48 rgb255=118,119,121
10 48 rgb255=93,94,96
11 48 rgb255=73,73,75
12 48 rgb255=70,70,72
13 48 rgb255=69,69,71
14 48 rgb255=67,67,69
15 48 rgb255=62,62,64
16 48 rgb255=57,57,59
17 48 rgb255=63,63,65
18 48 rgb255=50,51,53
19 48 rgb255=42,42,44
20 48 rgb255=37,37,39
21 48 rgb255=24,24,26
22 48 rgb255=15,15,17
23 48 rgb255=17,18,23
24 48 rgb255=17,18,24
25 48 rgb255=12,13,19
26 48 rgb255=19,20,26
27 48 rgb255=37,42,52
28 48 rgb255=107,111,119
29 48 rgb255=229,228,232
30 48 rgb255=251,248,250
31 48 rgb255=248,247,249
32 48 rgb255=255,255,255
33 48 rgb255=255,255,255
34 48 rgb255=255,255,255
35 48 rgb255=255,255,255
36 48 rgb255=255,255,255
37 48 rgb255=255,255,255
38 48 rgb255=255,255,255
39 48 rgb255=255,255,255
40 48 rgb255=255,255,255
41 48 rgb255=62,64,60
42 48 rgb255=57,60,52
43 48 rgb255=61,62,54
44 48 rgb255=60,58,51
45 48 rgb255=73,71,64
46 48 rgb255=167,164,159
47 48 rgb255=84,78,77
48 48 rgb255=23,13,11
49 48 rgb255=49,37,32
50 48 rgb255=49,35,35
51 48 rgb255=24,10,12
52 48 rgb255=16,3,4
53 48 rgb255=22,7,8
54 48 rgb255=27,10,8
55 48 rgb255=28,10,8
56 48 rgb255=33,16,13
57 48 rgb255=38,21,17
58 48 rgb255=35,20,15
59 48 rgb255=23,12,6
60 48 rgb255=41,32,29
61 48 rgb255=194,186,184
62 48 rgb255=219,211,209
63 48 rgb255=136,130,127
64 48 rgb255=13,10,5
65 48 rgb255=46,38,33
66 48 rgb255=38,26,22
67 48 rgb255=19,7,10
68 48 rgb255=8,8,12
69 48 rgb255=12,17,19
70 48 rgb255=15,16,20
71 48 rgb255=32,39,41
72 48 rgb255=54,62,65
73 48 rgb255=255,255,255
74 48 rgb255=255,255,255
75 48 rgb255=255,255,255
76 48 rgb255=255,255,255
77 48 rgb255=255,255,255
78 48 rgb255=255,255,255
79 48 rgb255=255,255,255
80 48 rgb255=255,255,255
81 48 rgb255=255,255,255
82 48 rgb255=186,191,204
83 48 rgb255=183,183,199
84 48 rgb255=187,187,198
85 48 rgb255=188,190,178
86 48 rgb255=193,191,163
87 48 rgb255=177,182,138
88 48 rgb255=113,123,74
89 48 rgb255=76,75,38
90 48 rgb255=128,127,78
91 48 rgb255=113,145,54
92 48 rgb255=104,140,48
93 48 rgb255=123,149,78
94 48 rgb255=64,81,41
95 48 rgb255=63,80,87
96 48 rgb255=70,93,106
97 48 rgb255=13,28,32
98 48 rgb255=50,71,40
99 48 rgb255=99,133,61
100 48 rgb255=58,102,8
101 48 rgb255=85,130,29
102 48 rgb255=123,168,72
103 48 rgb255=93,139,63
104 48 rgb255=98,149,61
105 48 rgb255=120,179,58
106 48 rgb255=126,182,65
107 48 rgb255=123,174,62
108 48 rgb255=117,171,43
109 48 rgb255=134,190,69
110 48 rgb255=152,198,96
111 48 rgb255=167,206,110
112 48 rgb255=163,198,112
113 48 rgb255=148,183,102
114 48 rgb255=255,255,255
115 48 rgb255=255,255,255
116 48 rgb255=255,255,255
117 48 rgb255=255,255,255
118 48 rgb255=255,255,255
119 48 rgb255=255,255,255
120 48 rgb255=255,255,255
121 48 rgb255=255,255,255
122 48 rgb255=255,255,255
123 48 rgb255=129,113,77
124 48 rgb255=99,88,64
125 48 rgb255=68,63,43
126 48 rgb255=65,64,44
127 48 rgb255=59,55,40
128 48 rgb255=51,46,34
129 48 rgb255=51,48,35
130 48 rgb255=52,53,39
131 48 rgb255=38,40,25
132 48 rgb255=25,26,14
133 48 rgb255=27,27,17
134 48 rgb255=25,24,18
135 48 rgb255=23,22,17
136 48 rgb255=21,20,17
137 48 rgb255=21,21,18
138 48 rgb255=20,20,18
139 48 rgb255=18,18,16
140 48 rgb255=18,18,16
141 48 rgb255=19,19,16
142 48 rgb255=23,23,18
143 48 rgb255=21,22,16
144 48 rgb255=24,25,20
145 48 rgb255=24,27,22
146 48 rgb255=22,24,20
147 48 rgb255=23,25,21
148 48 rgb255=21,22,18
149 48 rgb255=20,22,18
150 48 rgb255=19,21,17
151 48 rgb255=22,23,20
152 48 rgb255=28,29,28
153 48 rgb255=23,24,22
154 48 rgb255=23,25,19
155 48 rgb255=255,255,255
156 48 rgb255=255,255,255
157 48 rgb255=255,255,255
158 48 rgb255=255,255,255
159 48 rgb255=255,255,255
160 48 rgb255=255,255,255
161 48 rgb255=255,255,255
162 48 rgb255=255,255,255
163 48 rgb255=255,255,255
164 48 rgb255=61,54,37
165 48 rgb255=77,68,48
166 48 rgb255=85,73,52
167 48 rgb255=75,64,39
168 48 rgb255=84,73,49
169 48 rgb255=79,67,46
170 48 rgb255=73,61,43
171 48 rgb255=77,66,45
172 48 rgb255=83,72,43
173 48 rgb255=88,71,38
174 48 rgb255=98,75,49
175 48 rgb255=60,33,18
176 48 rgb255=86,59,42
177 48 rgb255=107,80,62
178 48 rgb255=102,75,58
179 48 rgb255=88,62,42
180 48 rgb255=118,88,48
181 48 rgb255=156,109,74
182 48 rgb255=86,66,35
183 48 rgb255=61,60,41
184 48 rgb255=50,41,29
185 48 rgb255=64,50,43
186 48 rgb255=52,34,29
187 48 rgb255=68,49,35
188 48 rgb255=103,87,65
189 48 rgb255=85,74,52
190 48 rgb255=71,64,44
191 48 rgb255=67,62,44
192 48 rgb255=53,51,31
193 48 rgb255=90,88,61
194 48 rgb255=82,78,53
195 48 rgb255=75,69,47
0 47 rgb255=194,195,197
1 47 rgb255=168,169,171
2 47 rgb255=134,135,137
3 47 rgb255=94,94,96
4 47 rgb255=70,70,72
5 47 rgb255=68,68,70
6 47 rgb255=70,70,72
7 47 rgb255=71,71,73
8 47 rgb255=72,72,74
9 47 rgb255=72,72,74
10 47 rgb255=67,67,69
11 47 rgb255=59,59,61
12 47 rgb255=58,58,60
13 47 rgb255=60,60,62
14 47 rgb255=61,61,63
15 47 rgb255=62,62,64
16 47 rgb255=78,78,80
17 47 rgb255=92,92,94
18 47 rgb255=99,99,101
19 47 rgb255=102,102,104
20 47 rgb255=115,115,117
21 47 rgb255=121,121,123
22 47 rgb255=116,116,118
23 47 rgb255=104,104,109
24 47 rgb255=90,91,95
25 47 rgb255=75,76,81
26 47 rgb255=54,55,60
27 47 rgb255=62,64,71
28 47 rgb255=112,112,119
29 47 rgb255=212,211,215
30 47 rgb255=251,249,251
31 47 rgb255=247,246,248
32 47 rgb255=255,255,255
33 47 rgb255=255,255,255
34 47 rgb255=255,255,255
35 47 rgb255=255,255,255
36 47 rgb255=255,255,255
37 47 rgb255=255,255,255
38 47 rgb255=255,255,255
39 47 rgb255=255,255,255
40 47 rgb255=255,255,255
41 47 rgb255=59,65,58
42 47 rgb255=58,63,58
43 47 rgb255=49,53,48
44 47 rgb255=40,41,36
45 47 rgb255=36,37,32
46 47 rgb255=55,55,51
47 47 rgb255=24,19,20
48 47 rgb255=11,7,8
49 47 rgb255=13,10,11
50 47 rgb255=12,8,10
51 47 rgb255=9,5,7
52 47 rgb255=4,0,2
53 47 rgb255=5,0,1
54 47 rgb255=8,0,3
55 47 rgb255=9,0,4
56 47 rgb255=10,1,5
57 47 rgb255=9,2,1
58 47 rgb255=10,2,1
59 47 rgb255=10,1,0
60 47 rgb255=32,23,22
61 47 rgb255=175,167,165
62 47 rgb255=201,192,190
63 47 rgb255=122,115,113
64 47 rgb255=6,3,1
65 47 rgb255=14,6,5
66 47 rgb255=15,2,2
67 47 rgb255=10,0,2
68 47 rgb255=7,8,12
69 47 rgb255=11,17,19
70 47 rgb255=21,21,26
71 47 rgb255=43,46,53
72 47 rgb255=44,51,62
73 47 rgb255=255,255,255
74 47 rgb255=255,255,255
75 47 rgb255=255,255,255
76 47 rgb255=255,255,255
77 47 rgb255=255,255,255
78 47 rgb255=255,255,255
79 47 rgb255=255,255,255
80 47 rgb255=255,255,255
81 47 rgb255=255,255,255
82 47 rgb255=191,196,199
83 47 rgb255=181,179,189
84 47 rgb255=191,189,192
85 47 rgb255=183,187,158
86 47 rgb255=162,164,112
87 47 rgb255=122,112,67
88 47 rgb255=126,115,79
89 47 rgb255=87,70,46
90 47 rgb255=87,63,30
91 47 rgb255=94,95,31
92 47 rgb255=75,87,23
93 47 rgb255=114,122,64
94 47 rgb255=96,109,51
95 47 rgb255=68,86,80
96 47 rgb255=67,87,102
97 47 rgb255=17,34,38
98 47 rgb255=73,101,37
99 47 rgb255=97,132,49
100 47 rgb255=56,92,14
101 47 rgb255=95,132,36
102 47 rgb255=90,129,35
103 47 rgb255=32,74,7
104 47 rgb255=60,116,11
105 47 rgb255=96,162,13
106 47 rgb255=101,158,32
107 47 rgb255=97,144,38
108 47 rgb255=115,165,42
109 47 rgb255=102,157,34
110 47 rgb255=94,142,51
111 47 rgb255=164,207,112
112 47 rgb255=187,226,121
113 47 rgb255=152,194,93
114 47 rgb255=255,255,255
115 47 rgb255=255,255,255
116 47 rgb255=255,255,255
117 47 rgb255=255,255,255
118 47 rgb255=255,255,255
119 47 rgb255=255,255,255
120 47 rgb255=255,255,255
121 47 rgb255=255,255,255
122 47 rgb255=255,255,255
123 47 rgb255=122,109,77
124 47 rgb255=71,62,42
125 47 rgb255=40,38,21
126 47 rgb255=34,36,20
127 47 rgb255=34,34,22
128 47 rgb255=30,28,18
129 47 rgb255=40,39,29
130 47 rgb255=44,44,33
131 47 rgb255=35,35,24
132 47 rgb255=24,24,13
133 47 rgb255=29,29,19
134 47 rgb255=26,25,19
135 47 rgb255=21,20,16
136 47 rgb255=20,20,16
137 47 rgb255=21,21,19
138 47 rgb255=22,22,21
139 47 rgb255=20,20,18
140 47 rgb255=18,18,17
141 47 rgb255=20,20,17
142 47 rgb255=24,23,17
143 47 rgb255=21,21,15
144 47 rgb255=21,22,17
145 47 rgb255=24,27,23
146 47 rgb255=23,26,22
147 47 rgb255=29,26,24
148 47 rgb255=28,25,22
149 47 rgb255=27,24,21
150 47 rgb255=25,22,19
151 47 rgb255=23,20,18
152 47 rgb255=26,23,21
153 47 rgb255=25,22,19
154 47 rgb255=27,25,18
155 47 rgb255=255,255,255
156 47 rgb255=255,255,255
157 47 rgb255=255,255,255
158 47 rgb255=255,255,255
159 47 rgb255=255,255,255
160 47 rgb255=255,255,255
161 47 rgb255=255,255,255
162 47 rgb255=255,255,255
163 47 rgb255=255,255,255
164 47 rgb255=48,44,27
165 47 rgb255=59,52,32
166 47 rgb255=85,75,54
167 47 rgb255=81,73,49
168 47 rgb255=74,66,43
169 47 rgb255=85,76,57
170 47 rgb255=80,71,54
171 47 rgb255=81,74,53
172 47 rgb255=88,80,51
173 47 rgb255=89,76,45
174 47 rgb255=88,67,46
175 47 rgb255=66,42,26
176 47 rgb255=98,78,54
177 47 rgb255=102,82,58
178 47 rgb255=98,79,54
179 47 rgb255=96,78,52
180 47 rgb255=116,92,57
181 47 rgb255=143,97,64
182 47 rgb255=123,100,66
183 47 rgb255=82,76,54
184 47 rgb255=57,49,32
185 47 rgb255=49,38,25
186 47 rgb255=86,70,62
187 47 rgb255=58,41,25
188 47 rgb255=98,83,62
189 47 rgb255=86,74,56
190 47 rgb255=59,50,34
191 47 rgb255=57,50,36
192 47 rgb255=65,60,41
193 47 rgb255=102,98,67
194 47 rgb255=79,77,51
195 47 rgb255=78,79,60
0 46 rgb255=187,188,190
1 46 rgb255=160,161,163
2 46 rgb255=124,125,127
3 46 rgb255=84,83,86
4 46 rgb255=66,65,67
5 46 rgb255=62,61,64
6 46 rgb255=59,58,61
7 46 rgb255=58,57,59
8 46 rgb255=56,55,58
9 46 rgb255=54,54,56
10 46 rgb255=53,52,55
11 46 rgb255=52,52,54
12 46 rgb255=54,54,56
13 46 rgb255=56,56,58
14 46 rgb255=57,57,59
15 46 rgb255=60,60,62
16 46 rgb255=71,71,73
17 46 rgb255=77,77,79
18 46 rgb255=96,96,98
19 46 rgb255=105,105,107
20 46 rgb255=123,123,125
21 46 rgb255=150,150,152
22 46 rgb255=175,175,177
23 46 rgb255=192,193,196
24 46 rgb255=202,203,206
25 46 rgb255=202,203,206
26 46 rgb255=189,190,193
27 46 rgb255=194,194,198
28 46 rgb255=217,216,220
29 46 rgb255=239,237,241
30 46 rgb255=248,246,249
31 46 rgb255=247,247,249
32 46 rgb255=255,255,255
33 46 rgb255=255,255,255
34 46 rgb255=255,255,255
35 46 rgb255=255,255,255
36 46 rgb255=255,255,255
37 46 rgb255=255,255,255
38 46 rgb255=255,255,255
39 46 rgb255=255,255,255
40 46 rgb255=255,255,255
41 46 rgb255=77,84,76
42 46 rgb255=77,84,79
43 46 rgb255=68,72,68
44 46 rgb255=61,64,60
45 46 rgb255=63,65,62
46 46 rgb255=47,48,46
47 46 rgb255=43,40,42
48 46 rgb255=39,37,41
49 46 rgb255=35,35,40
50 46 rgb255=33,34,34
51 46 rgb255=29,29,27
52 46 rgb255=26,25,23
53 46 rgb255=21,20,20
54 46 rgb255=19,15,19
55 46 rgb255=16,12,16
56 46 rgb255=9,5,10
57 46 rgb255=7,4,4
58 46 rgb255=7,3,2
59 46 rgb255=9,2,3
60 46 rgb255=16,9,8
61 46 rgb255=116,109,106
62 46 rgb255=181,174,171
63 46 rgb255=79,73,72
64 46 rgb255=3,0,1
65 46 rgb255=8,1,4
66 46 rgb255=11,1,5
67 46 rgb255=8,1,7
68 46 rgb255=2,5,10
69 46 rgb255=4,10,14
70 46 rgb255=11,11,18
71 46 rgb255=14,15,24
72 46 rgb255=17,22,37
73 46 rgb255=255,255,255
74 46 rgb255=255,255,255
75 46 rgb255=255,255,255
76 46 rgb255=255,255,255
77 46 rgb255=255,255,255
78 46 rgb255=255,255,255
79 46 rgb255=255,255,255
80 46 rgb255=255,255,255
81 46 rgb255=255,255,255
82 46 rgb255=174,191,170
83 46 rgb255=168,172,161
84 46 rgb255=170,169,161
85 46 rgb255=147,153,113
86 46 rgb255=121,136,49
87 46 rgb255=101,88,33
88 46 rgb255=125,93,76
89 46 rgb255=106,71,49
90 46 rgb255=92,54,14
91 46 rgb255=99,71,28
92 46 rgb255=81,62,19
93 46 rgb255=86,84,26
94 46 rgb255=125,150,57
95 46 rgb255=77,107,64
96 46 rgb255=60,81,84
97 46 rgb255=38,59,35
98 46 rgb255=119,154,37
99 46 rgb255=127,165,57
100 46 rgb255=77,112,44
101 46 rgb255=74,111,26
102 46 rgb255=85,123,39
103 46 rgb255=73,115,35
104 46 rgb255=87,144,25
105 46 rgb255=95,159,16
106 46 rgb255=98,153,36
107 46 rgb255=73,117,27
108 46 rgb255=86,126,31
109 46 rgb255=80,119,23
110 46 rgb255=64,107,19
111 46 rgb255=137,183,71
112 46 rgb255=175,220,93
113 46 rgb255=127,174,47
114 46 rgb255=255,255,255
115 46 rgb255=255,255,255
116 46 rgb255=255,255,255
117 46 rgb255=255,255,255
118 46 rgb255=255,255,255
119 46 rgb255=255,255,255
120 46 rgb255=255,255,255
121 46 rgb255=255,255,255
122 46 rgb255=255,255,255
123 46 rgb255=113,98,67
124 46 rgb255=66,57,37
125 46 rgb255=42,39,23
126 46 rgb255=31,31,17
127 46 rgb255=31,31,18
128 46 rgb255=34,31,20
129 46 rgb255=43,38,28
130 46 rgb255=48,43,33
131 46 rgb255=41,35,25
132 46 rgb255=33,31,20
133 46 rgb255=27,27,17
134 46 rgb255=26,25,18
135 46 rgb255=21,20,15
136 46 rgb255=20,19,15
137 46 rgb255=22,21,19
138 46 rgb255=24,24,22
139 46 rgb255=20,20,18
140 46 rgb255=18,18,17
141 46 rgb255=22,22,18
142 46 rgb255=25,23,16
143 46 rgb255=24,21,12
144 46 rgb255=26,22,14
145 46 rgb255=28,24,15
146 46 rgb255=31,26,16
147 46 rgb255=40,30,20
148 46 rgb255=44,34,23
149 46 rgb255=45,35,25
150 46 rgb255=41,30,20
151 46 rgb255=37,27,17
152 46 rgb255=37,27,16
153 46 rgb255=37,27,14
154 46 rgb255=40,30,15
155 46 rgb255=255,255,255
156 46 rgb255=255,255,255
157 46 rgb255=255,255,255
158 46 rgb255=255,255,255
159 46 rgb255=255,255,255
160 46 rgb255=255,255,255
161 46 rgb255=255,255,255
162 46 rgb255=255,255,255
163 46 rgb255=255,255,255
164 46 rgb255=58,55,37
165 46 rgb255=56,51,31
166 46 rgb255=78,70,49
167 46 rgb255=82,75,52
168 46 rgb255=79,71,49
169 46 rgb255=88,79,60
170 46 rgb255=85,76,59
171 46 rgb255=87,81,59
172 46 rgb255=92,86,57
173 46 rgb255=92,80,51
174 46 rgb255=85,65,46
175 46 rgb255=67,46,29
176 46 rgb255=108,93,60
177 46 rgb255=95,80,47
178 46 rgb255=104,88,56
179 46 rgb255=83,67,36
180 46 rgb255=100,82,49
181 46 rgb255=133,91,59
182 46 rgb255=133,107,73
183 46 rgb255=94,84,57
184 46 rgb255=80,70,47
185 46 rgb255=60,48,30
186 46 rgb255=96,80,67
187 46 rgb255=80,63,44
188 46 rgb255=85,69,48
189 46 rgb255=79,66,48
190 46 rgb255=61,51,34
191 46 rgb255=73,66,52
192 46 rgb255=86,80,61
193 46 rgb255=88,83,51
194 46 rgb255=59,57,31
195 46 rgb255=58,59,43
0 45 rgb255=190,191,193
1 45 rgb255=160,162,163
2 45 rgb255=120,121,123
3 45 rgb255=81,79,82
4 45 rgb255=68,65,69
5 45 rgb255=65,62,65
6 45 rgb255=61,59,62
7 45 rgb255=58,56,59
8 45 rgb255=55,52,56
9 45 rgb255=52,50,53
10 45 rgb255=51,49,52
11 45 rgb255=49,49,51
12 45 rgb255=50,50,52
13 45 rgb255=51,52,54
14 45 rgb255=54,54,56
15 45 rgb255=54,54,56
16 45 rgb255=52,52,54
17 45 rgb255=58,58,60
18 45 rgb255=75,75,77
19 45 rgb255=92,92,94
20 45 rgb255=112,112,114
21 45 rgb255=136,136,138
22 45 rgb255=160,160,162
23 45 rgb255=183,183,185
24 45 rgb255=203,204,206
25 45 rgb255=224,225,227
26 45 rgb255=243,243,245
27 45 rgb255=251,248,250
28 45 rgb255=249,246,248
29 45 rgb255=246,244,247
30 45 rgb255=246,244,248
31 45 rgb255=246,245,248
32 45 rgb255=255,255,255
33 45 rgb255=255,255,255
34 45 rgb255=255,255,255
35 45 rgb255=255,255,255
36 45 rgb255=255,255,255
37 45 rgb255=255,255,255
38 45 rgb255=255,255,255
39 45 rgb255=255,255,255
40 45 rgb255=255,255,255
41 45 rgb255=74,84,74
42 45 rgb255=72,82,74
43 45 rgb255=72,79,74
44 45 rgb255=75,79,78
45 45 rgb255=79,83,82
46 45 rgb255=80,82,82
47 45 rgb255=80,78,79
48 45 rgb255=78,76,78
49 45 rgb255=80,79,81
50 45 rgb255=76,73,71
51 45 rgb255=74,70,65
52 45 rgb255=71,67,63
53 45 rgb255=69,65,61
54 45 rgb255=68,64,61
55 45 rgb255=64,59,57
56 45 rgb255=52,48,45
57 45 rgb255=45,41,38
58 45 rgb255=40,36,32
59 45 rgb255=37,32,29
60 45 rgb255=30,25,22
61 45 rgb255=40,34,31
62 45 rgb255=72,67,64
63 45 rgb255=20,16,14
64 45 rgb255=4,2,6
65 45 rgb255=5,2,7
66 45 rgb255=4,1,6
67 45 rgb255=1,0,5
68 45 rgb255=0,1,5
69 45 rgb255=0,2,6
70 45 rgb255=0,2,6
71 45 rgb255=2,4,9
72 45 rgb255=10,14,19
73 45 rgb255=255,255,255
74 45 rgb255=255,255,255
75 45 rgb255=255,255,255
76 45 rgb255=255,255,255
77 45 rgb255=255,255,255
78 45 rgb255=255,255,255
79 45 rgb255=255,255,255
80 45 rgb255=255,255,255
81 45 rgb255=255,255,255
82 45 rgb255=157,179,145
83 45 rgb255=146,158,121
84 45 rgb255=143,149,110
85 45 rgb255=127,137,75
86 45 rgb255=119,128,40
87 45 rgb255=116,98,32
88 45 rgb255=115,83,40
89 45 rgb255=117,89,43
90 45 rgb255=108,83,28
91 45 rgb255=113,91,40
92 45 rgb255=113,86,43
93 45 rgb255=115,109,53
94 45 rgb255=142,171,65
95 45 rgb255=91,122,66
96 45 rgb255=47,68,68
97 45 rgb255=39,59,38
98 45 rgb255=101,131,40
99 45 rgb255=94,127,37
100 45 rgb255=100,136,65
101 45 rgb255=71,109,34
102 45 rgb255=66,103,28
103 45 rgb255=65,108,22
104 45 rgb255=95,152,22
105 45 rgb255=102,166,17
106 45 rgb255=103,160,37
107 45 rgb255=66,110,25
108 45 rgb255=48,79,17
109 45 rgb255=59,84,25
110 45 rgb255=97,132,52
111 45 rgb255=125,171,56
112 45 rgb255=155,203,70
113 45 rgb255=132,181,44
114 45 rgb255=255,255,255
115 45 rgb255=255,255,255
116 45 rgb255=255,255,255
117 45 rgb255=255,255,255
118 45 rgb255=255,255,255
119 45 rgb255=255,255,255
120 45 rgb255=255,255,255
121 45 rgb255=255,255,255
122 45 rgb255=255,255,255
123 45 rgb255=105,86,54
124 45 rgb255=62,48,28
125 45 rgb255=43,36,21
126 45 rgb255=34,31,16
127 45 rgb255=31,28,13
128 45 rgb255=35,29,16
129 45 rgb255=42,33,21
130 45 rgb255=52,40,29
131 45 rgb255=48,36,25
132 45 rgb255=40,38,28
133 45 rgb255=29,30,21
134 45 rgb255=23,23,17
135 45 rgb255=20,20,16
136 45 rgb255=20,19,16
137 45 rgb255=19,19,17
138 45 rgb255=20,20,18
139 45 rgb255=19,19,18
140 45 rgb255=18,18,17
141 45 rgb255=21,21,19
142 45 rgb255=23,22,17
143 45 rgb255=25,21,12
144 45 rgb255=36,26,12
145 45 rgb255=46,31,13
146 45 rgb255=60,41,20
147 45 rgb255=70,51,28
148 45 rgb255=72,54,31
149 45 rgb255=76,58,35
150 45 rgb255=78,60,37
151 45 rgb255=77,59,35
152 45 rgb255=78,60,35
153 45 rgb255=82,63,37
154 45 rgb255=87,69,39
155 45 rgb255=255,255,255
156 45 rgb255=255,255,255
157 45 rgb255=255,255,255
158 45 rgb255=255,255,255
159 45 rgb255=255,255,255
160 45 rgb255=255,255,255
161 45 rgb255=255,255,255
162 45 rgb255=255,255,255
163 45 rgb255=255,255,255
164 45 rgb255=66,64,43
165 45 rgb255=68,65,43
166 45 rgb255=69,64,42
167 45 rgb255=76,68,45
168 45 rgb255=85,75,51
169 45 rgb255=89,79,56
170 45 rgb255=91,81,59
171 45 rgb255=91,84,60
172 45 rgb255=106,101,75
173 45 rgb255=98,87,60
174 45 rgb255=86,69,45
175 45 rgb255=71,53,27
176 45 rgb255=99,87,52
177 45 rgb255=98,83,53
178 45 rgb255=99,81,56
179 45 rgb255=77,58,35
180 45 rgb255=75,59,29
181 45 rgb255=118,86,56
182 45 rgb255=113,82,51
183 45 rgb255=103,83,50
184 45 rgb255=102,83,50
185 45 rgb255=101,85,52
186 45 rgb255=81,66,37
187 45 rgb255=98,78,51
188 45 rgb255=98,80,56
189 45 rgb255=86,76,49
190 45 rgb255=100,91,60
191 45 rgb255=98,90,63
192 45 rgb255=88,80,58
193 45 rgb255=78,72,46
194 45 rgb255=77,72,47
195 45 rgb255=72,68,47
0 44 rgb255=206,207,210
1 44 rgb255=184,185,188
2 44 rgb255=149,149,152
3 44 rgb255=104,102,105
4 44 rgb255=73,71,73
5 44 rgb255=64,62,64
6 44 rgb255=61,60,62
7 44 rgb255=60,57,60
8 44 rgb255=57,53,57
9 44 rgb255=55,51,55
10 44 rgb255=53,49,53
11 44 rgb255=51,49,52
12 44 rgb255=50,50,52
13 44 rgb255=50,49,52
14 44 rgb255=50,50,52
15 44 rgb255=48,48,50
16 44 rgb255=48,47,50
17 44 rgb255=53,52,54
18 44 rgb255=64,64,66
19 44 rgb255=84,83,85
20 44 rgb255=105,105,107
21 44 rgb255=129,129,131
22 44 rgb255=152,152,154
23 44 rgb255=174,175,177
24 44 rgb255=194,195,197
25 44 rgb255=213,214,216
26 44 rgb255=228,228,230
27 44 rgb255=239,237,239
28 44 rgb255=244,241,244
29 44 rgb255=244,243,246
30 44 rgb255=245,244,248
31 44 rgb255=245,244,247
32 44 rgb255=255,255,255
33 44 rgb255=255,255,255
34 44 rgb255=255,255,255
35 44 rgb255=255,255,255
36 44 rgb255=255,255,255
37 44 rgb255=255,255,255
38 44 rgb255=255,255,255
39 44 rgb255=255,255,255
40 44 rgb255=255,255,255
41 44 rgb255=75,85,77
42 44 rgb255=77,87,79
43 44 rgb255=78,85,80
44 44 rgb255=78,82,81
45 44 rgb255=84,88,87
46 44 rgb255=84,87,87
47 44 rgb255=83,83,83
48 44 rgb255=87,86,86
49 44 rgb255=87,87,87
50 44 rgb255=86,83,81
51 44 rgb255=87,83,79
52 44 rgb255=83,78,75
53 44 rgb255=80,76,73
54 44 rgb255=80,75,72
55 44 rgb255=82,78,75
56 44 rgb255=83,79,75
57 44 rgb255=78,74,71
58 44 rgb255=77,73,69
59 44 rgb255=74,70,67
60 44 rgb255=72,68,64
61 44 rgb255=61,57,54
62 44 rgb255=48,44,41
63 44 rgb255=52,48,47
64 44 rgb255=39,37,42
65 44 rgb255=29,28,33
66 44 rgb255=29,28,32
67 44 rgb255=25,27,31
68 44 rgb255=22,26,29
69 44 rgb255=21,24,27
70 44 rgb255=23,27,30
71 44 rgb255=25,29,32
72 44 rgb255=27,31,33
73 44 rgb255=255,255,255
74 44 rgb255=255,255,255
75 44 rgb255=255,255,255
76 44 rgb255=255,255,255
77 44 rgb255=255,255,255
78 44 rgb255=255,255,255
79 44 rgb255=255,255,255
80 44 rgb255=255,255,255
81 44 rgb255=255,255,255
82 44 rgb255=148,166,121
83 44 rgb255=147,161,100
84 44 rgb255=148,162,92
85 44 rgb255=142,159,76
86 44 rgb255=120,125,50
87 44 rgb255=129,119,35
88 44 rgb255=124,118,22
89 44 rgb255=125,123,40
90 44 rgb255=143,141,72
91 44 rgb255=115,114,48
92 44 rgb255=100,77,33
93 44 rgb255=142,136,85
94 44 rgb255=154,183,84
95 44 rgb255=120,150,78
96 44 rgb255=72,96,60
97 44 rgb255=38,54,37
98 44 rgb255=92,117,43
99 44 rgb255=95,127,30
100 44 rgb255=106,145,56
101 44 rgb255=94,135,52
102 44 rgb255=70,107,32
103 44 rgb255=63,106,17
104 44 rgb255=95,151,16
105 44 rgb255=103,166,14
106 44 rgb255=117,176,44
107 44 rgb255=99,145,54
108 44 rgb255=45,74,25
109 44 rgb255=55,74,33
110 44 rgb255=83,114,45
111 44 rgb255=101,146,38
112 44 rgb255=118,168,40
113 44 rgb255=137,188,56
114 44 rgb255=255,255,255
115 44 rgb255=255,255,255
116 44 rgb255=255,255,255
117 44 rgb255=255,255,255
118 44 rgb255=255,255,255
119 44 rgb255=255,255,255
120 44 rgb255=255,255,255
121 44 rgb255=255,255,255
122 44 rgb255=255,255,255
123 44 rgb255=103,82,46
124 44 rgb255=80,62,33
125 44 rgb255=66,52,26
126 44 rgb255=59,48,21
127 44 rgb255=58,46,22
128 44 rgb255=63,49,27
129 44 rgb255=69,53,32
130 44 rgb255=75,55,35
131 44 rgb255=72,53,34
132 44 rgb255=57,49,30
133 44 rgb255=48,43,25
134 44 rgb255=44,38,22
135 44 rgb255=38,32,20
136 44 rgb255=34,27,19
137 44 rgb255=32,25,19
138 44 rgb255=29,23,17
139 44 rgb255=28,22,16
140 44 rgb255=29,22,17
141 44 rgb255=32,25,18
142 44 rgb255=38,29,14
143 44 rgb255=53,40,20
144 44 rgb255=76,58,35
145 44 rgb255=91,67,39
146 44 rgb255=99,73,42
147 44 rgb255=101,77,44
148 44 rgb255=102,78,45
149 44 rgb255=105,81,49
150 44 rgb255=109,85,54
151 44 rgb255=110,86,55
152 44 rgb255=111,88,54
153 44 rgb255=114,91,57
154 44 rgb255=117,94,59
155 44 rgb255=255,255,255
156 44 rgb255=255,255,255
157 44 rgb255=255,255,255
158 44 rgb255=255,255,255
159 44 rgb255=255,255,255
160 44 rgb255=255,255,255
161 44 rgb255=255,255,255
162 44 rgb255=255,255,255
163 44 rgb255=255,255,255
164 44 rgb255=72,67,45
165 44 rgb255=82,77,55
166 44 rgb255=79,74,52
167 44 rgb255=82,74,49
168 44 rgb255=88,78,52
169 44 rgb255=86,76,51
170 44 rgb255=85,75,50
171 44 rgb255=84,78,52
172 44 rgb255=93,88,63
173 44 rgb255=84,73,46
174 44 rgb255=87,69,42
175 44 rgb255=79,61,31
176 44 rgb255=93,82,48
177 44 rgb255=88,73,44
178 44 rgb255=78,58,37
179 44 rgb255=83,62,44
180 44 rgb255=96,80,51
181 44 rgb255=118,92,63
182 44 rgb255=108,76,47
183 44 rgb255=106,82,46
184 44 rgb255=112,89,52
185 44 rgb255=111,94,56
186 44 rgb255=94,80,46
187 44 rgb255=105,84,54
188 44 rgb255=121,102,77
189 44 rgb255=97,88,59
190 44 rgb255=101,93,57
191 44 rgb255=90,80,49
192 44 rgb255=79,70,46
193 44 rgb255=86,80,56
194 44 rgb255=87,81,57
195 44 rgb255=87,80,56
0 43 rgb255=218,217,222
1 43 rgb255=210,209,214
2 43 rgb255=194,194,198
3 43 rgb255=161,162,162
4 43 rgb255=115,117,116
5 43 rgb255=79,80,79
6 43 rgb255=60,62,61
7 43 rgb255=57,58,59
8 43 rgb255=57,56,58
9 43 rgb255=57,52,56
10 43 rgb255=55,50,54
11 43 rgb255=52,49,53
12 43 rgb255=50,48,51
13 43 rgb255=49,48,51
14 43 rgb255=49,48,51
15 43 rgb255=50,49,52
16 43 rgb255=51,49,52
17 43 rgb255=54,52,55
18 43 rgb255=61,59,62
19 43 rgb255=78,77,79
20 43 rgb255=98,98,100
21 43 rgb255=120,120,122
22 43 rgb255=143,143,145
23 43 rgb255=166,166,168
24 43 rgb255=187,187,189
25 43 rgb255=208,208,210
26 43 rgb255=224,224,226
27 43 rgb255=236,235,239
28 43 rgb255=241,240,245
29 43 rgb255=243,242,247
30 43 rgb255=244,242,247
31 43 rgb255=243,243,247
32 43 rgb255=255,255,255
33 43 rgb255=255,255,255
34 43 rgb255=255,255,255
35 43 rgb255=255,255,255
36 43 rgb255=255,255,255
37 43 rgb255=255,255,255
38 43 rgb255=255,255,255
39 43 rgb255=255,255,255
40 43 rgb255=255,255,255
41 43 rgb255=74,84,80
42 43 rgb255=76,85,81
43 43 rgb255=78,85,82
44 43 rgb255=79,83,82
45 43 rgb255=82,86,85
46 43 rgb255=87,91,90
47 43 rgb255=87,91,90
48 43 rgb255=88,92,91
49 43 rgb255=90,93,92
50 43 rgb255=90,91,90
51 43 rgb255=93,93,92
52 43 rgb255=92,91,91
53 43 rgb255=87,86,86
54 43 rgb255=84,83,83
55 43 rgb255=84,84,83
56 43 rgb255=83,82,82
57 43 rgb255=81,80,80
58 43 rgb255=77,77,76
59 43 rgb255=77,76,76
60 43 rgb255=79,78,78
61 43 rgb255=81,81,80
62 43 rgb255=88,87,86
63 43 rgb255=86,85,85
64 43 rgb255=77,79,82
65 43 rgb255=72,74,78
66 43 rgb255=70,72,76
67 43 rgb255=71,75,78
68 43 rgb255=70,74,77
69 43 rgb255=68,72,75
70 43 rgb255=71,75,78
71 43 rgb255=68,72,75
72 43 rgb255=61,65,68
73 43 rgb255=255,255,255
74 43 rgb255=255,255,255
75 43 rgb255=255,255,255
76 43 rgb255=255,255,255
77 43 rgb255=255,255,255
78 43 rgb255=255,255,255
79 43 rgb255=255,255,255
80 43 rgb255=255,255,255
81 43 rgb255=255,255,255
82 43 rgb255=139,148,81
83 43 rgb255=142,155,74
84 43 rgb255=135,156,72
85 43 rgb255=141,169,80
86 43 rgb255=145,168,76
87 43 rgb255=140,163,47
88 43 rgb255=136,170,37
89 43 rgb255=134,155,54
90 43 rgb255=129,133,62
91 43 rgb255=103,98,38
92 43 rgb255=91,52,24
93 43 rgb255=97,83,47
94 43 rgb255=116,150,51
95 43 rgb255=118,155,63
96 43 rgb255=128,160,70
97 43 rgb255=104,129,60
98 43 rgb255=122,150,53
99 43 rgb255=136,172,50
100 43 rgb255=145,191,64
101 43 rgb255=147,193,88
102 43 rgb255=127,166,85
103 43 rgb255=105,148,49
104 43 rgb255=103,158,19
105 43 rgb255=103,161,21
106 43 rgb255=117,174,50
107 43 rgb255=105,155,60
108 43 rgb255=46,81,25
109 43 rgb255=68,93,31
110 43 rgb255=81,112,32
111 43 rgb255=89,134,28
112 43 rgb255=97,148,24
113 43 rgb255=126,176,49
114 43 rgb255=255,255,255
115 43 rgb255=255,255,255
116 43 rgb255=255,255,255
117 43 rgb255=255,255,255
118 43 rgb255=255,255,255
119 43 rgb255=255,255,255
120 43 rgb255=255,255,255
121 43 rgb255=255,255,255
122 43 rgb255=255,255,255
123 43 rgb255=104,82,41
124 43 rgb255=101,80,39
125 43 rgb255=101,81,38
126 43 rgb255=99,79,35
127 43 rgb255=101,79,42
128 43 rgb255=104,81,46
129 43 rgb255=104,81,46
130 43 rgb255=102,79,44
131 43 rgb255=100,77,42
132 43 rgb255=86,67,36
133 43 rgb255=91,74,41
134 43 rgb255=93,76,42
135 43 rgb255=86,68,39
136 43 rgb255=80,61,39
137 43 rgb255=77,59,37
138 43 rgb255=76,58,36
139 43 rgb255=75,57,35
140 43 rgb255=77,59,38
141 43 rgb255=83,64,40
142 43 rgb255=92,70,35
143 43 rgb255=104,80,42
144 43 rgb255=114,89,52
145 43 rgb255=117,92,54
146 43 rgb255=120,94,56
147 43 rgb255=122,97,57
148 43 rgb255=125,99,61
149 43 rgb255=127,101,66
150 43 rgb255=127,101,68
151 43 rgb255=126,101,67
152 43 rgb255=126,103,67
153 43 rgb255=126,103,69
154 43 rgb255=125,101,68
155 43 rgb255=255,255,255
156 43 rgb255=255,255,255
157 43 rgb255=255,255,255
158 43 rgb255=255,255,255
159 43 rgb255=255,255,255
160 43 rgb255=255,255,255
161 43 rgb255=255,255,255
162 43 rgb255=255,255,255
163 43 rgb255=255,255,255
164 43 rgb255=83,73,52
165 43 rgb255=87,77,56
166 43 rgb255=84,74,52
167 43 rgb255=92,82,57
168 43 rgb255=80,70,45
169 43 rgb255=83,73,48
170 43 rgb255=89,80,55
171 43 rgb255=98,91,65
172 43 rgb255=104,98,72
173 43 rgb255=102,90,63
174 43 rgb255=93,75,47
175 43 rgb255=110,91,61
176 43 rgb255=102,91,58
177 43 rgb255=109,93,66
178 43 rgb255=114,94,72
179 43 rgb255=113,92,72
180 43 rgb255=108,92,65
181 43 rgb255=114,89,61
182 43 rgb255=117,88,58
183 43 rgb255=122,98,64
184 43 rgb255=122,99,64
185 43 rgb255=117,100,65
186 43 rgb255=114,101,68
187 43 rgb255=120,99,72
188 43 rgb255=124,106,82
189 43 rgb255=104,95,67
190 43 rgb255=103,94,60
191 43 rgb255=100,90,61
192 43 rgb255=99,90,67
193 43 rgb255=99,93,70
194 43 rgb255=90,84,61
195 43 rgb255=81,75,52
0 42 rgb255=219,218,223
1 42 rgb255=217,216,221
2 42 rgb255=216,216,220
3 42 rgb255=206,207,208
4 42 rgb255=182,184,184
5 42 rgb255=144,146,145
6 42 rgb255=100,102,102
7 42 rgb255=70,71,72
8 42 rgb255=57,56,58
9 42 rgb255=54,51,54
10 42 rgb255=54,49,53
11 42 rgb255=51,49,52
12 42 rgb255=49,48,51
13 42 rgb255=49,47,50
14 42 rgb255=50,48,51
15 42 rgb255=52,50,53
16 42 rgb255=54,52,55
17 42 rgb255=55,53,56
18 42 rgb255=59,57,60
19 42 rgb255=72,72,74
20 42 rgb255=92,92,94
21 42 rgb255=111,111,113
22 42 rgb255=133,133,135
23 42 rgb255=156,156,158
24 42 rgb255=179,179,181
25 42 rgb255=200,200,202
26 42 rgb255=217,217,219
27 42 rgb255=230,230,234
28 42 rgb255=238,237,242
29 42 rgb255=241,240,245
30 42 rgb255=241,240,245
31 42 rgb255=241,240,245
32 42 rgb255=255,255,255
33 42 rgb255=255,255,255
34 42 rgb255=255,255,255
35 42 rgb255=255,255,255
36 42 rgb255=255,255,255
37 42 rgb255=255,255,255
38 42 rgb255=255,255,255
39 42 rgb255=255,255,255
40 42 rgb255=255,255,255
41 42 rgb255=68,76,77
42 42 rgb255=69,77,78
43 42 rgb255=72,79,78
44 42 rgb255=77,81,80
45 42 rgb255=77,81,80
46 42 rgb255=85,90,89
47 42 rgb255=86,94,92
48 42 rgb255=86,94,91
49 42 rgb255=86,94,91
50 42 rgb255=87,92,92
51 42 rgb255=92,94,97
52 42 rgb255=97,100,102
53 42 rgb255=91,94,97
54 42 rgb255=94,97,99
55 42 rgb255=94,97,99
56 42 rgb255=94,97,100
57 42 rgb255=93,96,99
58 42 rgb255=89,92,95
59 42 rgb255=84,86,89
60 42 rgb255=82,85,87
61 42 rgb255=78,81,83
62 42 rgb255=78,81,84
63 42 rgb255=75,78,81
64 42 rgb255=67,74,76
65 42 rgb255=68,75,77
66 42 rgb255=68,75,77
67 42 rgb255=67,72,75
68 42 rgb255=66,70,73
69 42 rgb255=72,76,79
70 42 rgb255=76,80,83
71 42 rgb255=71,75,78
72 42 rgb255=71,75,78
73 42 rgb255=255,255,255
74 42 rgb255=255,255,255
75 42 rgb255=255,255,255
76 42 rgb255=255,255,255
77 42 rgb255=255,255,255
78 42 rgb255=255,255,255
79 42 rgb255=255,255,255
80 42 rgb255=255,255,255
81 42 rgb255=255,255,255
82 42 rgb255=163,157,85
83 42 rgb255=153,164,82
84 42 rgb255=146,164,90
85 42 rgb255=145,173,92
86 42 rgb255=151,190,83
87 42 rgb255=139,173,60
88 42 rgb255=126,151,47
89 42 rgb255=109,110,35
90 42 rgb255=115,98,47
91 42 rgb255=117,91,57
92 42 rgb255=99,57,40
93 42 rgb255=92,82,41
94 42 rgb255=114,147,57
95 42 rgb255=99,127,55
96 42 rgb255=105,122,57
97 42 rgb255=138,155,77
98 42 rgb255=131,150,73
99 42 rgb255=118,143,54
100 42 rgb255=120,160,42
101 42 rgb255=128,172,66
102 42 rgb255=160,199,113
103 42 rgb255=150,193,94
104 42 rgb255=133,185,56
105 42 rgb255=112,164,43
106 42 rgb255=115,168,58
107 42 rgb255=108,161,61
108 42 rgb255=93,136,57
109 42 rgb255=96,133,40
110 42 rgb255=94,133,30
111 42 rgb255=85,130,19
112 42 rgb255=98,148,27
113 42 rgb255=127,178,48
114 42 rgb255=255,255,255
115 42 rgb255=255,255,255
116 42 rgb255=255,255,255
117 42 rgb255=255,255,255
118 42 rgb255=255,255,255
119 42 rgb255=255,255,255
120 42 rgb255=255,255,255
121 42 rgb255=255,255,255
122 42 rgb255=255,255,255
123 42 rgb255=104,81,40
124 42 rgb255=105,84,41
125 42 rgb255=109,88,43
126 42 rgb255=114,93,46
127 42 rgb255=119,96,53
128 42 rgb255=119,96,54
129 42 rgb255=118,95,53
130 42 rgb255=115,92,50
131 42 rgb255=109,86,46
132 42 rgb255=103,79,46
133 42 rgb255=116,93,56
134 42 rgb255=114,92,50
135 42 rgb255=115,92,53
136 42 rgb255=115,92,56
137 42 rgb255=116,94,53
138 42 rgb255=117,95,52
139 42 rgb255=117,95,53
140 42 rgb255=118,96,54
141 42 rgb255=120,97,55
142 42 rgb255=122,97,55
143 42 rgb255=123,98,55
144 42 rgb255=124,99,56
145 42 rgb255=125,100,58
146 42 rgb255=126,101,59
147 42 rgb255=129,104,64
148 42 rgb255=132,106,67
149 42 rgb255=134,108,72
150 42 rgb255=135,109,76
151 42 rgb255=137,111,77
152 42 rgb255=138,113,78
153 42 rgb255=137,113,80
154 42 rgb255=137,112,81
155 42 rgb255=255,255,255
156 42 rgb255=255,255,255
157 42 rgb255=255,255,255
158 42 rgb255=255,255,255
159 42 rgb255=255,255,255
160 42 rgb255=255,255,255
161 42 rgb255=255,255,255
162 42 rgb255=255,255,255
163 42 rgb255=255,255,255
164 42 rgb255=88,72,51
165 42 rgb255=90,74,52
166 42 rgb255=93,77,56
167 42 rgb255=94,82,58
168 42 rgb255=82,72,47
169 42 rgb255=81,71,46
170 42 rgb255=95,85,60
171 42 rgb255=94,87,61
172 42 rgb255=96,89,61
173 42 rgb255=104,91,63
174 42 rgb255=108,88,59
175 42 rgb255=112,92,61
176 42 rgb255=110,98,68
177 42 rgb255=108,92,65
178 42 rgb255=124,105,82
179 42 rgb255=119,98,76
180 42 rgb255=105,89,62
181 42 rgb255=107,85,58
182 42 rgb255=117,91,62
183 42 rgb255=127,104,71
184 42 rgb255=116,94,61
185 42 rgb255=124,107,75
186 42 rgb255=115,101,71
187 42 rgb255=111,92,66
188 42 rgb255=116,98,77
189 42 rgb255=107,97,70
190 42 rgb255=109,100,68
191 42 rgb255=106,96,68
192 42 rgb255=96,87,66
193 42 rgb255=80,74,53
194 42 rgb255=76,70,49
195 42 rgb255=82,76,55
0 41 rgb255=217,216,221
1 41 rgb255=216,215,220
2 41 rgb255=217,216,221
3 41 rgb255=216,217,219
4 41 rgb255=212,213,214
5 41 rgb255=198,199,201
6 41 rgb255=170,171,172
7 41 rgb255=131,133,135
8 41 rgb255=94,95,97
9 41 rgb255=69,68,70
10 41 rgb255=58,55,58
11 41 rgb255=53,51,54
12 41 rgb255=52,50,53
13 41 rgb255=52,50,53
14 41 rgb255=51,49,52
15 41 rgb255=52,50,53
16 41 rgb255=54,52,55
17 41 rgb255=55,53,56
18 41 rgb255=59,57,60
19 41 rgb255=69,68,70
20 41 rgb255=86,86,88
21 41 rgb255=104,104,106
22 41 rgb255=125,125,127
23 41 rgb255=147,147,149
24 41 rgb255=172,172,174
25 41 rgb255=193,193,195
26 41 rgb255=210,210,212
27 41 rgb255=224,223,227
28 41 rgb255=233,232,237
29 41 rgb255=239,238,243
30 41 rgb255=239,238,243
31 41 rgb255=240,238,243
32 41 rgb255=255,255,255
33 41 rgb255=255,255,255
34 41 rgb255=255,255,255
35 41 rgb255=255,255,255
36 41 rgb255=255,255,255
37 41 rgb255=255,255,255
38 41 rgb255=255,255,255
39 41 rgb255=255,255,255
40 41 rgb255=255,255,255
41 41 rgb255=67,75,78
42 41 rgb255=68,76,79
43 41 rgb255=69,75,76
44 41 rgb255=72,76,75
45 41 rgb255=79,83,82
46 41 rgb255=80,85,84
47 41 rgb255=77,87,84
48 41 rgb255=82,93,89
49 41 rgb255=80,91,87
50 41 rgb255=84,91,92
51 41 rgb255=84,89,93
52 41 rgb255=88,93,97
53 41 rgb255=87,92,96
54 41 rgb255=89,94,98
55 41 rgb255=91,96,99
56 41 rgb255=92,97,101
57 41 rgb255=93,98,102
58 41 rgb255=94,99,102
59 41 rgb255=92,97,101
60 41 rgb255=93,98,102
61 41 rgb255=90,95,99
62 41 rgb255=88,93,97
63 41 rgb255=83,89,92
64 41 rgb255=77,87,88
65 41 rgb255=75,84,85
66 41 rgb255=71,81,82
67 41 rgb255=74,80,83
68 41 rgb255=72,76,79
69 41 rgb255=71,75,78
70 41 rgb255=75,79,82
71 41 rgb255=71,75,78
72 41 rgb255=73,77,80
73 41 rgb255=255,255,255
74 41 rgb255=255,255,255
75 41 rgb255=255,255,255
76 41 rgb255=255,255,255
77 41 rgb255=255,255,255
78 41 rgb255=255,255,255
79 41 rgb255=255,255,255
80 41 rgb255=255,255,255
81 41 rgb255=255,255,255
82 41 rgb255=183,153,102
83 41 rgb255=176,182,116
84 41 rgb255=154,154,100
85 41 rgb255=132,136,77
86 41 rgb255=128,146,70
87 41 rgb255=132,140,75
88 41 rgb255=128,113,57
89 41 rgb255=117,92,43
90 41 rgb255=117,94,54
91 41 rgb255=117,87,71
92 41 rgb255=110,93,67
93 41 rgb255=118,128,66
94 41 rgb255=121,141,81
95 41 rgb255=99,105,65
96 41 rgb255=81,71,42
97 41 rgb255=102,105,47
98 41 rgb255=124,138,62
99 41 rgb255=120,136,57
100 41 rgb255=129,153,67
101 41 rgb255=111,145,56
102 41 rgb255=133,169,83
103 41 rgb255=152,192,106
104 41 rgb255=157,203,98
105 41 rgb255=130,177,71
106 41 rgb255=101,150,48
107 41 rgb255=110,162,58
108 41 rgb255=110,157,64
109 41 rgb255=106,149,48
110 41 rgb255=110,154,41
111 41 rgb255=94,134,29
112 41 rgb255=91,133,26
113 41 rgb255=122,170,44
114 41 rgb255=255,255,255
115 41 rgb255=255,255,255
116 41 rgb255=255,255,255
117 41 rgb255=255,255,255
118 41 rgb255=255,255,255
119 41 rgb255=255,255,255
120 41 rgb255=255,255,255
121 41 rgb255=255,255,255
122 41 rgb255=255,255,255
123 41 rgb255=105,83,42
124 41 rgb255=108,87,45
125 41 rgb255=115,94,50
126 41 rgb255=123,102,55
127 41 rgb255=127,105,60
128 41 rgb255=128,105,61
129 41 rgb255=126,103,59
130 41 rgb255=123,100,56
131 41 rgb255=114,90,48
132 41 rgb255=119,91,57
133 41 rgb255=124,96,58
134 41 rgb255=120,93,47
135 41 rgb255=121,95,48
136 41 rgb255=124,97,53
137 41 rgb255=126,99,54
138 41 rgb255=127,101,55
139 41 rgb255=128,101,56
140 41 rgb255=128,102,56
141 41 rgb255=128,101,56
142 41 rgb255=127,100,56
143 41 rgb255=128,101,56
144 41 rgb255=130,103,59
145 41 rgb255=132,104,60
146 41 rgb255=132,105,62
147 41 rgb255=132,107,67
148 41 rgb255=134,109,70
149 41 rgb255=136,110,75
150 41 rgb255=138,112,79
151 41 rgb255=140,114,81
152 41 rgb255=143,117,82
153 41 rgb255=143,116,84
154 41 rgb255=144,116,86
155 41 rgb255=255,255,255
156 41 rgb255=255,255,255
157 41 rgb255=255,255,255
158 41 rgb255=255,255,255
159 41 rgb255=255,255,255
160 41 rgb255=255,255,255
161 41 rgb255=255,255,255
162 41 rgb255=255,255,255
163 41 rgb255=255,255,255
164 41 rgb255=97,78,56
165 41 rgb255=94,75,53
166 41 rgb255=93,75,53
167 41 rgb255=97,85,61
168 41 rgb255=96,86,61
169 41 rgb255=94,84,59
170 41 rgb255=96,86,61
171 41 rgb255=79,71,44
172 41 rgb255=78,69,40
173 41 rgb255=93,78,49
174 41 rgb255=105,84,53
175 41 rgb255=107,86,56
176 41 rgb255=98,85,58
177 41 rgb255=99,83,57
178 41 rgb255=106,87,62
179 41 rgb255=119,98,74
180 41 rgb255=104,88,62
181 41 rgb255=104,85,58
182 41 rgb255=106,85,55
183 41 rgb255=122,99,67
184 41 rgb255=107,85,54
185 41 rgb255=112,96,66
186 41 rgb255=92,81,53
187 41 rgb255=80,62,39
188 41 rgb255=96,78,59
189 41 rgb255=77,67,42
190 41 rgb255=85,76,44
191 41 rgb255=84,75,48
192 41 rgb255=67,57,38
193 41 rgb255=54,47,28
194 41 rgb255=63,56,37
195 41 rgb255=72,65,46
0 40 rgb255=255,255,255
1 40 rgb255=255,255,255
2 40 rgb255=255,255,255
3 40 rgb255=255,255,255
4 40 rgb255=255,255,255
5 40 rgb255=255,255,255
6 40 rgb255=255,255,255
7 40 rgb255=255,255,255
8 40 rgb255=255,255,255
9 40 rgb255=255,255,255
10 40 rgb255=255,255,255
11 40 rgb255=255,255,255
12 40 rgb255=255,255,255
13 40 rgb255=255,255,255
14 40 rgb255=255,255,255
15 40 rgb255=255,255,255
16 40 rgb255=255,255,255
17 40 rgb255=255,255,255
18 40 rgb255=255,255,255
19 40 rgb255=255,255,255
20 40 rgb255=255,255,255
21 40 rgb255=255,255,255
22 40 rgb255=255,255,255
23 40 rgb255=255,255,255
24 40 rgb255=255,255,255
25 40 rgb255=255,255,255
26 40 rgb255=255,255,255
27 40 rgb255=255,255,255
28 40 rgb255=255,255,255
29 40 rgb255=255,255,255
30 40 rgb255=255,255,255
31 40 rgb255=255,255,255
32 40 rgb255=255,255,255
33 40 rgb255=255,255,255
34 40 rgb255=255,255,255
35 40 rgb255=255,255,255
36 40 rgb255=255,255,255
37 40 rgb255=255,255,255
38 40 rgb255=255,255,255
39 40 rgb255=255,255,255
40 40 rgb255=255,255,255
41 40 rgb255=255,255,255
42 40 rgb255=255,255,255
43 40 rgb255=255,255,255
44 40 rgb255=255,255,255
45 40 rgb255=255,255,255
46 40 rgb255=255,255,255
47 40 rgb255=255,255,255
48 40 rgb255=255,255,255
49 40 rgb255=255,255,255
50 40 rgb255=255,255,255
51 40 rgb255=255,255,255
52 40 rgb255=255,255,255
53 40 rgb255=255,255,255
54 40 rgb255=255,255,255
55 40 rgb255=255,255,255
56 40 rgb255=255,255,255
57 40 rgb255=255,255,255
58 40 rgb255=255,255,255
59 40 rgb255=255,255,255
60 40 rgb255=255,255,255
61 40 rgb255=255,255,255
62 40 rgb255=255,255,255
63 40 rgb255=255,255,255
64 40 rgb255=255,255,255
65 40 rgb255=255,255,255
66 40 rgb255=255,255,255
67 40 rgb255=255,255,255
68 40 rgb255=255,255,255
69 40 rgb255=255,255,255
70 40 rgb255=255,255,255
71 40 rgb255=255,255,255
72 40 rgb255=255,255,255
73 40 rgb255=255,255,255
74 40 rgb255=255,255,255
75 40 rgb255=255,255,255
76 40 rgb255=255,255,255
77 40 rgb255=255,255,255
78 40 rgb255=255,255,255
79 40 rgb255=255,255,255
80 40 rgb255=255,255,255
81 40 rgb255=255,255,255
82 40 rgb255=255,255,255
83 40 rgb255=255,255,255
84 40 rgb255=255,255,255
85 40 rgb255=255,255,255
86 40 rgb255=255,255,255
87 40 rgb255=255,255,255
88 40 rgb255=255,255,255
89 40 rgb255=255,255,255
90 40 rgb255=255,255,255
91 40 rgb255=255,255,255
92 40 rgb255=255,255,255
93 40 rgb255=255,255,255
94 40 rgb255=255,255,255
95 40 rgb255=255,255,255
96 40 rgb255=255,255,255
97 40 rgb255=255,255,255
98 40 rgb255=255,255,255
99 40 rgb255=255,255,255
100 40 rgb255=255,255,255
101 40 rgb255=255,255,255
102 40 rgb255=255,255,255
103 40 rgb255=255,255,255
104 40 rgb255=255,255,255
105 40 rgb255=255,255,255
106 40 rgb255=255,255,255
107 40 rgb255=255,255,255
108 40 rgb255=255,255,255
109 40 rgb255=255,255,255
110 40 rgb255=255,255,255
111 40 rgb255=255,255,255
112 40 rgb255=255,255,255
113 40 rgb255=255,255,255
114 40 rgb255=255,255,255
115 40 rgb255=255,255,255
116 40 rgb255=255,255,255
117 40 rgb255=255,255,255
118 40 rgb255=255,255,255
119 40 rgb255=255,255,255
120 40 rgb255=255,255,255
121 40 rgb255=255,255,255
122 40 rgb255=255,255,255
123 40 rgb255=255,255,255
124 40 rgb255=255,255,255
125 40 rgb255=255,255,255
126 40 rgb255=255,255,255
127 40 rgb255=255,255,255
128 40 rgb255=255,255,255
129 40 rgb255=255,255,255
130 40 rgb255=255,255,255
131 40 rgb255=255,255,255
132 40 rgb255=255,255,255
133 40 rgb255=255,255,255
134 40 rgb255=255,255,255
135 40 rgb255=255,255,255
136 40 rgb255=255,255,255
137 40 rgb255=255,255,255
138 40 rgb255=255,255,255
139 40 rgb255=255,255,255
140 40 rgb255=255,255,255
141 40 rgb255=255,255,255
142 40 rgb255=255,255,255
143 40 rgb255=255,255,255
144 40 rgb255=255,255,255
145 40 rgb255=255,255,255
146 40 rgb255=255,255,255
147 40 rgb255=255,255,255
148 40 rgb255=255,255,255
149 40 rgb255=255,255,255
150 40 rgb255=255,255,255
151 40 rgb255=255,255,255
152 40 rgb255=255,255,255
153 40 rgb255=255,255,255
154 40 rgb255=255,255,255
155 40 rgb255=255,255,255
156 40 rgb255=255,255,255
157 40 rgb255=255,255,255
158 40 rgb255=255,255,255
159 40 rgb255=255,255,255
160 40 rgb255=255,255,255
161 40 rgb255=255,255,255
162 40 rgb255=255,255,255
163 40 rgb255=255,255,255
164 40 rgb255=255,255,255
165 40 rgb255=255,255,255
166 40 rgb255=255,255,255
167 40 rgb255=255,255,255
168 40 rgb255=255,255,255
169 40 rgb255=255,255,255
170 40 rgb255=255,255,255
171 40 rgb255=255,255,255
172 40 rgb255=255,255,255
173 40 rgb255=255,255,255
174 40 rgb255=255,255,255
175 40 rgb255=255,255,255
176 40 rgb255=255,255,255
177 40 rgb255=255,255,255
178 40 rgb255=255,255,255
179 40 rgb255=255,255,255
180 40 rgb255=255,255,255
181 40 rgb255=255,255,255
182 40 rgb255=255,255,255
183 40 rgb255=255,255,255
184 40 rgb255=255,255,255
185 40 rgb255=255,255,255
186 40 rgb255=255,255,255
187 40 rgb255=255,255,255
188 40 rgb255=255,255,255
189 40 rgb255=255,255,255
190 40 rgb255=255,255,255
191 40 rgb255=255,255,255
192 40 rgb255=255,255,255
193 40 rgb255=255,255,255
194 40 rgb255=255,255,255
195 40 rgb255=255,255,255
0 39 rgb255=255,255,255
1 39 rgb255=255,255,255
2 39 rgb255=255,255,255
3 39 rgb255=255,255,255
4 39 rgb255=255,255,255
5 39 rgb255=255,255,255
6 39 rgb255=255,255,255
7 39 rgb255=255,255,255
8 39 rgb255=255,255,255
9 39 rgb255=255,255,255
10 39 rgb255=255,255,255
11 39 rgb255=255,255,255
12 39 rgb255=255,255,255
13 39 rgb255=255,255,255
14 39 rgb255=255,255,255
15 39 rgb255=255,255,255
16 39 rgb255=255,255,255
17 39 rgb255=255,255,255
18 39 rgb255=255,255,255
19 39 rgb255=255,255,255
20 39 rgb255=255,255,255
21 39 rgb255=255,255,255
22 39 rgb255=255,255,255
23 39 rgb255=255,255,255
24 39 rgb255=255,255,255
25 39 rgb255=255,255,255
26 39 rgb255=255,255,255
27 39 rgb255=255,255,255
28 39 rgb255=255,255,255
29 39 rgb255=255,255,255
30 39 rgb255=255,255,255
31 39 rgb255=255,255,255
32 39 rgb255=255,255,255
33 39 rgb255=255,255,255
34 39 rgb255=255,255,255
35 39 rgb255=255,255,255
36 39 rgb255=255,255,255
37 39 rgb255=255,255,255
38 39 rgb255=255,255,255
39 39 rgb255=255,255,255
40 39 rgb255=255,255,255
41 39 rgb255=255,255,255
42 39 rgb255=255,255,255
43 39 rgb255=255,255,255
44 39 rgb255=255,255,255
45 39 rgb255=255,255,255
46 39 rgb255=255,255,255
47 39 rgb255=255,255,255
48 39 rgb255=255,255,255
49 39 rgb255=255,255,255
50 39 rgb255=255,255,255
51 39 rgb255=255,255,255
52 39 rgb255=255,255,255
53 39 rgb255=255,255,255
54 39 rgb255=255,255,255
55 39 rgb255=255,255,255
56 39 rgb255=255,255,255
57 39 rgb255=255,255,255
58 39 rgb255=255,255,255
59 39 rgb255=255,255,255
60 39 rgb255=255,255,255
61 39 rgb255=255,255,255
62 39 rgb255=255,255,255
63 39 rgb255=255,255,255
64 39 rgb255=255,255,255
65 39 rgb255=255,255,255
66 39 rgb255=255,255,255
67 39 rgb255=255,255,255
68 39 rgb255=255,255,255
69 39 rgb255=255,255,255
70 39 rgb255=255,255,255
71 39 rgb255=255,255,255
72 39 rgb255=255,255,255
73 39 rgb255=255,255,255
74 39 rgb255=255,255,255
75 39 rgb255=255,255,255
76 39 rgb255=255,255,255
77 39 rgb255=255,255,255
78 39 rgb255=255,255,255
79 39 rgb255=255,255,255
80 39 rgb255=255,255,255
81 39 rgb255=255,255,255
82 39 rgb255=255,255,255
83 39 rgb255=255,255,255
84 39 rgb255=255,255,255
85 39 rgb255=255,255,255
86 39 rgb255=255,255,255
87 39 rgb255=255,255,255
88 39 rgb255=255,255,255
89 39 rgb255=255,255,255
90 39 rgb255=255,255,255
91 39 rgb255=255,255,255
92 39 rgb255=255,255,255
93 39 rgb255=255,255,255
94 39 rgb255=255,255,255
95 39 rgb255=255,255,255
96 39 rgb255=255,255,255
97 39 rgb255=255,255,255
98 39 rgb255=255,255,255
99 39 rgb255=255,255,255
100 39 rgb255=255,255,255
101 39 rgb255=255,255,255
102 39 rgb255=255,255,255
103 39 rgb255=255,255,255
104 39 rgb255=255,255,255
105 39 rgb255=255,255,255
106 39 rgb255=255,255,255
107 39 rgb255=255,255,255
108 39 rgb255=255,255,255
109 39 rgb255=255,255,255
110 39 rgb255=255,255,255
111 39 rgb255=255,255,255
112 39 rgb255=255,255,255
113 39 rgb255=255,255,255
114 39 rgb255=255,255,255
115 39 rgb255=255,255,255
116 39 rgb255=255,255,255
117 39 rgb255=255,255,255
118 39 rgb255=255,255,255
119 39 rgb255=255,255,255
120 39 rgb255=255,255,255
121 39 rgb255=255,255,255
122 39 rgb255=255,255,255
123 39 rgb255=255,255,255
124 39 rgb255=255,255,255
125 39 rgb255=255,255,255
126 39 rgb255=255,255,255
127 39 rgb255=255,255,255
128 39 rgb255=255,255,255
129 39 rgb255=255,255,255
130 39 rgb255=255,255,255
131 39 rgb255=255,255,255
132 39 rgb255=255,255,255
133 39 rgb255=255,255,255
134 39 rgb255=255,255,255
135 39 rgb255=255,255,255
136 39 rgb255=255,255,255
137 39 rgb255=255,255,255
138 39 rgb255=255,255,255
139 39 rgb255=255,255,255
140 39 rgb255=255,255,255
141 39 rgb255=255,255,255
142 39 rgb255=255,255,255
143 39 rgb255=255,255,255
144 39 rgb255=255,255,255
145 39 rgb255=255,255,255
146 39 rgb255=255,255,255
147 39 rgb255=255,255,255
148 39 rgb255=255,255,255
149 39 rgb255=255,255,255
150 39 rgb255=255,255,255
151 39 rgb255=255,255,255
152 39 rgb255=255,255,255
153 39 rgb255=255,255,255
154 39 rgb255=255,255,255
155 39 rgb255=255,255,255
156 39 rgb255=255,255,255
157 39 rgb255=255,255,255
158 39 rgb255=255,255,255
159 39 rgb255=255,255,255
160 39 rgb255=255,255,255
161 39 rgb255=255,255,255
162 39 rgb255=255,255,255
163 39 rgb255=255,255,255
164 39 rgb255=255,255,255
165 39 rgb255=255,255,255
166 39 rgb255=255,255,255
167 39 rgb255=255,255,255
168 39 rgb255=255,255,255
169 39 rgb255=255,255,255
170 39 rgb255=255,255,255
171 39 rgb255=255,255,255
172 39 rgb255=255,255,255
173 39 rgb255=255,255,255
174 39 rgb255=255,255,255
175 39 rgb255=255,255,255
176 39 rgb255=255,255,255
177 39 rgb255=255,255,255
178 39 rgb255=255,255,255
179 39 rgb255=255,255,255
180 39 rgb255=255,255,255
181 39 rgb255=255,255,255
182 39 rgb255=255,255,255
183 39 rgb255=255,255,255
184 39 rgb255=255,255,255
185 39 rgb255=255,255,255
186 39 rgb255=255,255,255
187 39 rgb255=255,255,255
188 39 rgb255=255,255,255
189 39 rgb255=255,255,255
190 39 rgb255=255,255,255
191 39 rgb255=255,255,255
192 39 rgb255=255,255,255
193 39 rgb255=255,255,255
194 39 rgb255=255,255,255
195 39 rgb255=255,255,255
0 38 rgb255=255,255,255
1 38 rgb255=255,255,255
2 38 rgb255=255,255,255
3 38 rgb255=255,255,255
4 38 rgb255=255,255,255
5 38 rgb255=255,255,255
6 38 rgb255=255,255,255
7 38 rgb255=255,255,255
8 38 rgb255=255,255,255
9 38 rgb255=255,255,255
10 38 rgb255=255,255,255
11 38 rgb255=255,255,255
12 38 rgb255=255,255,255
13 38 rgb255=255,255,255
14 38 rgb255=255,255,255
15 38 rgb255=255,255,255
16 38 rgb255=255,255,255
17 38 rgb255=255,255,255
18 38 rgb255=255,255,255
19 38 rgb255=255,255,255
20 38 rgb255=255,255,255
21 38 rgb255=255,255,255
22 38 rgb255=255,255,255
23 38 rgb255=255,255,255
24 38 rgb255=255,255,255
25 38 rgb255=255,255,255
26 38 rgb255=255,255,255
27 38 rgb255=255,255,255
28 38 rgb255=255,255,255
29 38 rgb255=255,255,255
30 38 rgb255=255,255,255
31 38 rgb255=255,255,255
32 38 rgb255=255,255,255
33 38 rgb255=255,255,255
34 38 rgb255=255,255,255
35 38 rgb255=255,255,255
36 38 rgb255=255,255,255
37 38 rgb255=255,255,255
38 38 rgb255=255,255,255
39 38 rgb255=255,255,255
40 38 rgb255=255,255,255
41 38 rgb255=255,255,255
42 38 rgb255=255,255,255
43 38 rgb255=255,255,255
44 38 rgb255=255,255,255
45 38 rgb255=255,255,255
46 38 rgb255=255,255,255
47 38 rgb255=255,255,255
48 38 rgb255=255,255,255
49 38 rgb255=255,255,255
50 38 rgb255=255,255,255
51 38 rgb255=255,255,255
52 38 rgb255=255,255,255
53 38 rgb255=255,255,255
54 38 rgb255=255,255,255
55 38 rgb255=255,255,255
56 38 rgb255=255,255,255
57 38 rgb255=255,255,255
58 38 rgb255=255,255,255
59 38 rgb255=255,255,255
60 38 rgb255=255,255,255
61 38 rgb255=255,255,255
62 38 rgb255=255,255,255
63 38 rgb255=255,255,255
64 38 rgb255=255,255,255
65 38 rgb255=255,255,255
66 38 rgb255=255,255,255
67 38 rgb255=255,255,255
68 38 rgb255=255,255,255
69 38 rgb255=255,255,255
70 38 rgb255=255,255,255
71 38 rgb255=255,255,255
72 38 rgb255=255,255,255
73 38 rgb255=255,255,255
74 38 rgb255=255,255,255
75 38 rgb255=255,255,255
76 38 rgb255=255,255,255
77 38 rgb255=255,255,255
78 38 rgb255=255,255,255
79 38 rgb255=255,255,255
80 38 rgb255=255,255,255
81 38 rgb255=255,255,255
82 38 rgb255=255,255,255
83 38 rgb255=255,255,255
84 38 rgb255=255,255,255
85 38 rgb255=255,255,255
86 38 rgb255=255,255,255
87 38 rgb255=255,255,255
88 38 rgb255=255,255,255
89 38 rgb255=255,255,255
90 38 rgb255=255,255,255
91 38 rgb255=255,255,255
92 38 rgb255=255,255,255
93 38 rgb255=255,255,255
94 38 rgb255=255,255,255
95 38 rgb255=255,255,255
96 38 rgb255=255,255,255
97 38 rgb255=255,255,255
98 38 rgb255=255,255,255
99 38 rgb255=255,255,255
100 38 rgb255=255,255,255
101 38 rgb255=255,255,255
102 38 rgb255=255,255,255
103 38 rgb255=255,255,255
104 38 rgb255=255,255,255
105 38 rgb255=255,255,255
106 38 rgb255=255,255,255
107 38 rgb255=255,255,255
108 38 rgb255=255,255,255
109 38 rgb255=255,255,255
110 38 rgb255=255,255,255
111 38 rgb255=255,255,255
112 38 rgb255=255,255,255
113 38 rgb255=255,255,255
114 38 rgb255=255,255,255
115 38 rgb255=255,255,255
116 38 rgb255=255,255,255
117 38 rgb255=255,255,255
118 38 rgb255=255,255,255
119 38 rgb255=255,255,255
120 38 rgb255=255,255,255
121 38 rgb255=255,255,255
122 38 rgb255=255,255,255
123 38 rgb255=255,255,255
124 38 rgb255=255,255,255
125 38 rgb255=255,255,255
126 38 rgb255=255,255,255
127 38 rgb255=255,255,255
128 38 rgb255=255,255,255
129 38 rgb255=255,255,255
130 38 rgb255=255,255,255
131 38 rgb255=255,255,255
132 38 rgb255=255,255,255
133 38 rgb255=255,255,255
134 38 rgb255=255,255,255
135 38 rgb255=255,255,255
136 38 rgb255=255,255,255
137 38 rgb255=255,255,255
138 38 rgb255=255,255,255
139 38 rgb255=255,255,255
140 38 rgb255=255,255,255
141 38 rgb255=255,255,255
142 38 rgb255=255,255,255
143 38 rgb255=255,255,255
144 38 rgb255=255,255,255
145 38 rgb255=255,255,255
146 38 rgb255=255,255,255
147 38 rgb255=255,255,255
148 38 rgb255=255,255,255
149 38 rgb255=255,255,255
150 38 rgb255=255,255,255
151 38 rgb255=255,255,255
152 38 rgb255=255,255,255
153 38 rgb255=255,255,255
154 38 rgb255=255,255,255
155 38 rgb255=255,255,255
156 38 rgb255=255,255,255
157 38 rgb255=255,255,255
158 38 rgb255=255,255,255
159 38 rgb255=255,255,255
160 38 rgb255=255,255,255
161 38 rgb255=255,255,255
162 38 rgb255=255,255,255
163 38 rgb255=255,255,255
164 38 rgb255=255,255,255
165 38 rgb255=255,255,255
166 38 rgb255=255,255,255
167 38 rgb255=255,255,255
168 38 rgb255=255,255,255
169 38 rgb255=255,255,255
170 38 rgb255=255,255,255
171 38 rgb255=255,255,255
172 38 rgb255=255,255,255
173 38 rgb255=255,255,255
174 38 rgb255=255,255,255
175 38 rgb255=255,255,255
176 38 rgb255=255,255,255
177 38 rgb255=255,255,255
178 38 rgb255=255,255,255
179 38 rgb255=255,255,255
180 38 rgb255=255,255,255
181 38 rgb255=255,255,255
182 38 rgb255=255,255,255
183 38 rgb255=255,255,255
184 38 rgb255=255,255,255
185 38 rgb255=255,255,255
186 38 rgb255=255,255,255
187 38 rgb255=255,255,255
188 38 rgb255=255,255,255
189 38 rgb255=255,255,255
190 38 rgb255=255,255,255
191 38 rgb255=255,255,255
192 38 rgb255=255,255,255
193 38 rgb255=255,255,255
194 38 rgb255=255,255,255
195 38 rgb255=255,255,255
0 37 rgb255=255,255,255
1 37 rgb255=255,255,255
2 37 rgb255=255,255,255
3 37 rgb255=255,255,255
4 37 rgb255=255,255,255
5 37 rgb255=255,255,255
6 37 rgb255=255,255,255
7 37 rgb255=255,255,255
8 37 rgb255=255,255,255
9 37 rgb255=255,255,255
10 37 rgb255=255,255,255
11 37 rgb255=255,255,255
12 37 rgb255=255,255,255
13 37 rgb255=255,255,255
14 37 rgb255=255,255,255
15 37 rgb255=255,255,255
16 37 rgb255=255,255,255
17 37 rgb255=255,255,255
18 37 rgb255=255,255,255
19 37 rgb255=255,255,255
20 37 rgb255=255,255,255
21 37 rgb255=255,255,255
22 37 rgb255=255,255,255
23 37 rgb255=255,255,255
24 37 rgb255=255,255,255
25 37 rgb255=255,255,255
26 37 rgb255=255,255,255
27 37 rgb255=255,255,255
28 37 rgb255=255,255,255
29 37 rgb255=255,255,255
30 37 rgb255=255,255,255
31 37 rgb255=255,255,255
32 37 rgb255=255,255,255
33 37 rgb255=255,255,255
34 37 rgb255=255,255,255
35 37 rgb255=255,255,255
36 37 rgb255=255,255,255
37 37 rgb255=255,255,255
38 37 rgb255=255,255,255
39 37 rgb255=255,255,255
40 37 rgb255=255,255,255
41 37 rgb255=255,255,255
42 37 rgb255=255,255,255
43 37 rgb255=255,255,255
44 37 rgb255=255,255,255
45 37 rgb255=255,255,255
46 37 rgb255=255,255,255
47 37 rgb255=255,255,255
48 37 rgb255=255,255,255
49 37 rgb255=255,255,255
50 37 rgb255=255,255,255
51 37 rgb255=255,255,255
52 37 rgb255=255,255,255
53 37 rgb255=255,255,255
54 37 rgb255=255,255,255
55 37 rgb255=255,255,255
56 37 rgb255=255,255,255
57 37 rgb255=255,255,255
58 37 rgb255=255,255,255
59 37 rgb255=255,255,255
60 37 rgb255=255,255,255
61 37 rgb255=255,255,255
62 37 rgb255=255,255,255
63 37 rgb255=255,255,255
64 37 rgb255=255,255,255
65 37 rgb255=255,255,255
66 37 rgb255=255,255,255
67 37 rgb255=255,255,255
68 37 rgb255=255,255,255
69 37 rgb255=255,255,255
70 37 rgb255=255,255,255
71 37 rgb255=255,255,255
72 37 rgb255=255,255,255
73 37 rgb255=255,255,255
74 37 rgb255=255,255,255
75 37 rgb255=255,255,255
76 37 rgb255=255,255,255
77 37 rgb255=255,255,255
78 37 rgb255=255,255,255
79 37 rgb255=255,255,255
80 37 rgb255=255,255,255
81 37 rgb255=255,255,255
82 37 rgb255=255,255,255
83 37 rgb255=255,255,255
84 37 rgb255=255,255,255
85 37 rgb255=255,255,255
86 37 rgb255=255,255,255
87 37 rgb255=255,255,255
88 37 rgb255=255,255,255
89 37 rgb255=255,255,255
90 37 rgb255=255,255,255
91 37 rgb255=255,255,255
92 37 rgb255=255,255,255
93 37 rgb255=255,255,255
94 37 rgb255=255,255,255
95 37 rgb255=255,255,255
96 37 rgb255=255,255,255
97 37 rgb255=255,255,255
98 37 rgb255=255,255,255
99 37 rgb255=255,255,255
100 37 rgb255=255,255,255
101 37 rgb255=255,255,255
102 37 rgb255=255,255,255
103 37 rgb255=255,255,255
104 37 rgb255=255,255,255
105 37 rgb255=255,255,255
106 37 rgb255=255,255,255
107 37 rgb255=255,255,255
108 37 rgb255=255,255,255
109 37 rgb255=255,255,255
110 37 rgb255=255,255,255
111 37 rgb255=255,255,255
112 37 rgb255=255,255,255
113 37 rgb255=255,255,255
114 37 rgb255=255,255,255
115 37 rgb255=255,255,255
116 37 rgb255=255,255,255
117 37 rgb255=255,255,255
118 37 rgb255=255,255,255
119 37 rgb255=255,255,255
120 37 rgb255=255,255,255
121 37 rgb255=255,255,255
122 37 rgb255=255,255,255
123 37 rgb255=255,255,255
124 37 rgb255=255,255,255
125 37 rgb255=255,255,255
126 37 rgb255=255,255,255
127 37 rgb255=255,255,255
128 37 rgb255=255,255,255
129 37 rgb255=255,255,255
130 37 rgb255=255,255,255
131 37 rgb255=255,255,255
132 37 rgb255=255,255,255
133 37 rgb255=255,255,255
134 37 rgb255=255,255,255
135 37 rgb255=255,255,255
136 37 rgb255=255,255,255
137 37 rgb255=255,255,255
138 37 rgb255=255,255,255
139 37 rgb255=255,255,255
140 37 rgb255=255,255,255
141 37 rgb255=255,255,255
142 37 rgb255=255,255,255
143 37 rgb255=255,255,255
144 37 rgb255=255,255,255
145 37 rgb255=255,255,255
146 37 rgb255=255,255,255
147 37 rgb255=255,255,255
148 37 rgb255=255,255,255
149 37 rgb255=255,255,255
150 37 rgb255=255,255,255
151 37 rgb255=255,255,255
152 37 rgb255=255,255,255
153 37 rgb255=255,255,255
154 37 rgb255=255,255,255
155 37 rgb255=255,255,255
156 37 rgb255=255,255,255
157 37 rgb255=255,255,255
158 37 rgb255=255,255,255
159 37 rgb255=255,255,255
160 37 rgb255=255,255,255
161 37 rgb255=255,255,255
162 37 rgb255=255,255,255
163 37 rgb255=255,255,255
164 37 rgb255=255,255,255
165 37 rgb255=255,255,255
166 37 rgb255=255,255,255
167 37 rgb255=255,255,255
168 37 rgb255=255,255,255
169 37 rgb255=255,255,255
170 37 rgb255=255,255,255
171 37 rgb255=255,255,255
172 37 rgb255=255,255,255
173 37 rgb255=255,255,255
174 37 rgb255=255,255,255
175 37 rgb255=255,255,255
176 37 rgb255=255,255,255
177 37 rgb255=255,255,255
178 37 rgb255=255,255,255
179 37 rgb255=255,255,255
180 37 rgb255=255,255,255
181 37 rgb255=255,255,255
182 37 rgb255=255,255,255
183 37 rgb255=255,255,255
184 37 rgb255=255,255,255
185 37 rgb255=255,255,255
186 37 rgb255=255,255,255
187 37 rgb255=255,255,255
188 37 rgb255=255,255,255
189 37 rgb255=255,255,255
190 37 rgb255=255,255,255
191 37 rgb255=255,255,255
192 37 rgb255=255,255,255
193 37 rgb255=255,255,255
194 37 rgb255=255,255,255
195 37 rgb255=255,255,255
0 36 rgb255=255,255,255
1 36 rgb255=255,255,255
2 36 rgb255=255,255,255
3 36 rgb255=255,255,255
4 36 rgb255=255,255,255
5 36 rgb255=255,255,255
6 36 rgb255=255,255,255
7 36 rgb255=255,255,255
8 36 rgb255=255,255,255
9 36 rgb255=255,255,255
10 36 rgb255=255,255,255
11 36 rgb255=255,255,255
12 36 rgb255=255,255,255
13 36 rgb255=255,255,255
14 36 rgb255=255,255,255
15 36 rgb255=255,255,255
16 36 rgb255=255,255,255
17 36 rgb255=255,255,255
18 36 rgb255=255,255,255
19 36 rgb255=255,255,255
20 36 rgb255=255,255,255
21 36 rgb255=255,255,255
22 36 rgb255=255,255,255
23 36 rgb255=255,255,255
24 36 rgb255=255,255,255
25 36 rgb255=255,255,255
26 36 rgb255=255,255,255
27 36 rgb255=255,255,255
28 36 rgb255=255,255,255
29 36 rgb255=255,255,255
30 36 rgb255=255,255,255
31 36 rgb255=255,255,255
32 36 rgb255=255,255,255
33 36 rgb255=255,255,255
34 36 rgb255=255,255,255
35 36 rgb255=255,255,255
36 36 rgb255=255,255,255
37 36 rgb255=255,255,255
38 36 rgb255=255,255,255
39 36 rgb255=255,255,255
40 36 rgb255=255,255,255
41 36 rgb255=255,255,255
42 36 rgb255=255,255,255
43 36 rgb255=255,255,255
44 36 rgb255=255,255,255
45 36 rgb255=255,255,255
46 36 rgb255=255,255,255
47 36 rgb255=255,255,255
48 36 rgb255=255,255,255
49 36 rgb255=255,255,255
50 36 rgb255=255,255,255
51 36 rgb255=255,255,255
52 36 rgb255=255,255,255
53 36 rgb255=255,255,255
54 36 rgb255=255,255,255
55 36 rgb255=255,255,255
56 36 rgb255=255,255,255
57 36 rgb255=255,255,255
58 36 rgb255=255,255,255
59 36 rgb255=255,255,255
60 36 rgb255=255,255,255
61 36 rgb255=255,255,255
62 36 rgb255=255,255,255
63 36 rgb255=255,255,255
64 36 rgb255=255,255,255
65 36 rgb255=255,255,255
66 36 rgb255=255,255,255
67 36 rgb255=255,255,255
68 36 rgb255=255,255,255
69 36 rgb255=255,255,255
70 36 rgb255=255,255,255
71 36 rgb255=255,255,255
72 36 rgb255=255,255,255
73 36 rgb255=255,255,255
74 36 rgb255=255,255,255
75 36 rgb255=255,255,255
76 36 rgb255=255,255,255
77 36 rgb255=255,255,255
78 36 rgb255=255,255,255
79 36 rgb255=255,255,255
80 36 rgb255=255,255,255
81 36 rgb255=255,255,255
82 36 rgb255=255,255,255
83 36 rgb255=255,255,255
84 36 rgb255=255,255,255
85 36 rgb255=255,255,255
86 36 rgb255=255,255,255
87 36 rgb255=255,255,255
88 36 rgb255=255,255,255
89 36 rgb255=255,255,255
90 36 rgb255=255,255,255
91 36 rgb255=255,255,255
92 36 rgb255=255,255,255
93 36 rgb255=255,255,255
94 36 rgb255=255,255,255
95 36 rgb255=255,255,255
96 36 rgb255=255,255,255
97 36 rgb255=255,255,255
98 36 rgb255=255,255,255
99 36 rgb255=255,255,255
100 36 rgb255=255,255,255
101 36 rgb255=255,255,255
102 36 rgb255=255,255,255
103 36 rgb255=255,255,255
104 36 rgb255=255,255,255
105 36 rgb255=255,255,255
106 36 rgb255=255,255,255
107 36 rgb255=255,255,255
108 36 rgb255=255,255,255
109 36 rgb255=255,255,255
110 36 rgb255=255,255,255
111 36 rgb255=255,255,255
112 36 rgb255=255,255,255
113 36 rgb255=255,255,255
114 36 rgb255=255,255,255
115 36 rgb255=255,255,255
116 36 rgb255=255,255,255
117 36 rgb255=255,255,255
118 36 rgb255=255,255,255
119 36 rgb255=255,255,255
120 36 rgb255=255,255,255
121 36 rgb255=255,255,255
122 36 rgb255=255,255,255
123 36 rgb255=255,255,255
124 36 rgb255=255,255,255
125 36 rgb255=255,255,255
126 36 rgb255=255,255,255
127 36 rgb255=255,255,255
128 36 rgb255=255,255,255
129 36 rgb255=255,255,255
130 36 rgb255=255,255,255
131 36 rgb255=255,255,255
132 36 rgb255=255,255,255
133 36 rgb255=255,255,255
134 36 rgb255=255,255,255
135 36 rgb255=255,255,255
136 36 rgb255=255,255,255
137 36 rgb255=255,255,255
138 36 rgb255=255,255,255
139 36 rgb255=255,255,255
140 36 rgb255=255,255,255
141 36 rgb255=255,255,255
142 36 rgb255=255,255,255
143 36 rgb255=255,255,255
144 36 rgb255=255,255,255
145 36 rgb255=255,255,255
146 36 rgb255=255,255,255
147 36 rgb255=255,255,255
148 36 rgb255=255,255,255
149 36 rgb255=255,255,255
150 36 rgb255=255,255,255
151 36 rgb255=255,255,255
152 36 rgb255=255,255,255
153 36 rgb255=255,255,255
154 36 rgb255=255,255,255
155 36 rgb255=255,255,255
156 36 rgb255=255,255,255
157 36 rgb255=255,255,255
158 36 rgb255=255,255,255
159 36 rgb255=255,255,255
160 36 rgb255=255,255,255
161 36 rgb255=255,255,255
162 36 rgb255=255,255,255
163 36 rgb255=255,255,255
164 36 rgb255=255,255,255
165 36 rgb255=255,255,255
166 36 rgb255=255,255,255
167 36 rgb255=255,255,255
168 36 rgb255=255,255,255
169 36 rgb255=255,255,255
170 36 rgb255=255,255,255
171 36 rgb255=255,255,255
172 36 rgb255=255,255,255
173 36 rgb255=255,255,255
174 36 rgb255=255,255,255
175 36 rgb255=255,255,255
176 36 rgb255=255,255,255
177 36 rgb255=255,255,255
178 36 rgb255=255,255,255
179 36 rgb255=255,255,255
180 36 rgb255=255,255,255
181 36 rgb255=255,255,255
182 36 rgb255=255,255,255
183 36 rgb255=255,255,255
184 36 rgb255=255,255,255
185 36 rgb255=255,255,255
186 36 rgb255=255,255,255
187 36 rgb255=255,255,255
188 36 rgb255=255,255,255
189 36 rgb255=255,255,255
190 36 rgb255=255,255,255
191 36 rgb255=255,255,255
192 36 rgb255=255,255,255
193 36 rgb255=255,255,255
194 36 rgb255=255,255,255
195 36 rgb255=255,255,255
0 35 rgb255=255,255,255
1 35 rgb255=255,255,255
2 35 rgb255=255,255,255
3 35 rgb255=255,255,255
4 35 rgb255=255,255,255
5 35 rgb255=255,255,255
6 35 rgb255=255,255,255
7 35 rgb255=255,255,255
8 35 rgb255=255,255,255
9 35 rgb255=255,255,255
10 35 rgb255=255,255,255
11 35 rgb255=255,255,255
12 35 rgb255=255,255,255
13 35 rgb255=255,255,255
14 35 rgb255=255,255,255
15 35 rgb255=255,255,255
16 35 rgb255=255,255,255
17 35 rgb255=255,255,255
18 35 rgb255=255,255,255
19 35 rgb255=255,255,255
20 35 rgb255=255,255,255
21 35 rgb255=255,255,255
22 35 rgb255=255,255,255
23 35 rgb255=255,255,255
24 35 rgb255=255,255,255
25 35 rgb255=255,255,255
26 35 rgb255=255,255,255
27 35 rgb255=255,255,255
28 35 rgb255=255,255,255
29 35 rgb255=255,255,255
30 35 rgb255=255,255,255
31 35 rgb255=255,255,255
32 35 rgb255=255,255,255
33 35 rgb255=255,255,255
34 35 rgb255=255,255,255
35 35 rgb255=255,255,255
36 35 rgb255=255,255,255
37 35 rgb255=255,255,255
38 35 rgb255=255,255,255
39 35 rgb255=255,255,255
40 35 rgb255=255,255,255
41 35 rgb255=255,255,255
42 35 rgb255=255,255,255
43 35 rgb255=255,255,255
44 35 rgb255=255,255,255
45 35 rgb255=255,255,255
46 35 rgb255=255,255,255
47 35 rgb255=255,255,255
48 35 rgb255=255,255,255
49 35 rgb255=255,255,255
50 35 rgb255=255,255,255
51 35 rgb255=255,255,255
52 35 rgb255=255,255,255
53 35 rgb255=255,255,255
54 35 rgb255=255,255,255
55 35 rgb255=255,255,255
56 35 rgb255=255,255,255
57 35 rgb255=255,255,255
58 35 rgb255=255,255,255
59 35 rgb255=255,255,255
60 35 rgb255=255,255,255
61 35 rgb255=255,255,255
62 35 rgb255=255,255,255
63 35 rgb255=255,255,255
64 35 rgb255=255,255,255
65 35 rgb255=255,255,255
66 35 rgb255=255,255,255
67 35 rgb255=255,255,255
68 35 rgb255=255,255,255
69 35 rgb255=255,255,255
70 35 rgb255=255,255,255
71 35 rgb255=255,255,255
72 35 rgb255=255,255,255
73 35 rgb255=255,255,255
74 35 rgb255=255,255,255
75 35 rgb255=255,255,255
76 35 rgb255=255,255,255
77 35 rgb255=255,255,255
78 35 rgb255=255,255,255
79 35 rgb255=255,255,255
80 35 rgb255=255,255,255
81 35 rgb255=255,255,255
82 35 rgb255=255,255,255
83 35 rgb255=255,255,255
84 35 rgb255=255,255,255
85 35 rgb255=255,255,255
86 35 rgb255=255,255,255
87 35 rgb255=255,255,255
88 35 rgb255=255,255,255
89 35 rgb255=255,255,255
90 35 rgb255=255,255,255
91 35 rgb255=255,255,255
92 35 rgb255=255,255,255
93 35 rgb255=255,255,255
94 35 rgb255=255,255,255
95 35 rgb255=255,255,255
96 35 rgb255=255,255,255
97 35 rgb255=255,255,255
98 35 rgb255=255,255,255
99 35 rgb255=255,255,255
100 35 rgb255=255,255,255
101 35 rgb255=255,255,255
102 35 rgb255=255,255,255
103 35 rgb255=255,255,255
104 35 rgb255=255,255,255
105 35 rgb255=255,255,255
106 35 rgb255=255,255,255
107 35 rgb255=255,255,255
108 35 rgb255=255,255,255
109 35 rgb255=255,255,255
110 35 rgb255=255,255,255
111 35 rgb255=255,255,255
112 35 rgb255=255,255,255
113 35 rgb255=255,255,255
114 35 rgb255=255,255,255
115 35 rgb255=255,255,255
116 35 rgb255=255,255,255
117 35 rgb255=255,255,255
118 35 rgb255=255,255,255
119 35 rgb255=255,255,255
120 35 rgb255=255,255,255
121 35 rgb255=255,255,255
122 35 rgb255=255,255,255
123 35 rgb255=255,255,255
124 35 rgb255=255,255,255
125 35 rgb255=255,255,255
126 35 rgb255=255,255,255
127 35 rgb255=255,255,255
128 35 rgb255=255,255,255
129 35 rgb255=255,255,255
130 35 rgb255=255,255,255
131 35 rgb255=255,255,255
132 35 rgb255=255,255,255
133 35 rgb255=255,255,255
134 35 rgb255=255,255,255
135 35 rgb255=255,255,255
136 35 rgb255=255,255,255
137 35 rgb255=255,255,255
138 35 rgb255=255,255,255
139 35 rgb255=255,255,255
140 35 rgb255=255,255,255
141 35 rgb255=255,255,255
142 35 rgb255=255,255,255
143 35 rgb255=255,255,255
144 35 rgb255=255,255,255
145 35 rgb255=255,255,255
146 35 rgb255=255,255,255
147 35 rgb255=255,255,255
148 35 rgb255=255,255,255
149 35 rgb255=255,255,255
150 35 rgb255=255,255,255
151 35 rgb255=255,255,255
152 35 rgb255=255,255,255
153 35 rgb255=255,255,255
154 35 rgb255=255,255,255
155 35 rgb255=255,255,255
156 35 rgb255=255,255,255
157 35 rgb255=255,255,255
158 35 rgb255=255,255,255
159 35 rgb255=255,255,255
160 35 rgb255=255,255,255
161 35 rgb255=255,255,255
162 35 rgb255=255,255,255
163 35 rgb255=255,255,255
164 35 rgb255=255,255,255
165 35 rgb255=255,255,255
166 35 rgb255=255,255,255
167 35 rgb255=255,255,255
168 35 rgb255=255,255,255
169 35 rgb255=255,255,255
170 35 rgb255=255,255,255
171 35 rgb255=255,255,255
172 35 rgb255=255,255,255
173 35 rgb255=255,255,255
174 35 rgb255=255,255,255
175 35 rgb255=255,255,255
176 35 rgb255=255,255,255
177 35 rgb255=255,255,255
178 35 rgb255=255,255,255
179 35 rgb255=255,255,255
180 35 rgb255=255,255,255
181 35 rgb255=255,255,255
182 35 rgb255=255,255,255
183 35 rgb255=255,255,255
184 35 rgb255=255,255,255
185 35 rgb255=255,255,255
186 35 rgb255=255,255,255
187 35 rgb255=255,255,255
188 35 rgb255=255,255,255
189 35 rgb255=255,255,255
190 35 rgb255=255,255,255
191 35 rgb255=255,255,255
192 35 rgb255=255,255,255
193 35 rgb255=255,255,255
194 35 rgb255=255,255,255
195 35 rgb255=255,255,255
0 34 rgb255=255,255,255
1 34 rgb255=255,255,255
2 34 rgb255=255,255,255
3 34 rgb255=255,255,255
4 34 rgb255=255,255,255
5 34 rgb255=255,255,255
6 34 rgb255=255,255,255
7 34 rgb255=255,255,255
8 34 rgb255=255,255,255
9 34 rgb255=255,255,255
10 34 rgb255=255,255,255
11 34 rgb255=255,255,255
12 34 rgb255=255,255,255
13 34 rgb255=255,255,255
14 34 rgb255=255,255,255
15 34 rgb255=255,255,255
16 34 rgb255=255,255,255
17 34 rgb255=255,255,255
18 34 rgb255=255,255,255
19 34 rgb255=255,255,255
20 34 rgb255=255,255,255
21 34 rgb255=255,255,255
22 34 rgb255=255,255,255
23 34 rgb255=255,255,255
24 34 rgb255=255,255,255
25 34 rgb255=255,255,255
26 34 rgb255=255,255,255
27 34 rgb255=255,255,255
28 34 rgb255=255,255,255
29 34 rgb255=255,255,255
30 34 rgb255=255,255,255
31 34 rgb255=255,255,255
32 34 rgb255=255,255,255
33 34 rgb255=255,255,255
34 34 rgb255=255,255,255
35 34 rgb255=255,255,255
36 34 rgb255=255,255,255
37 34 rgb255=255,255,255
38 34 rgb255=255,255,255
39 34 rgb255=255,255,255
40 34 rgb255=255,255,255
41 34 rgb255=255,255,255
42 34 rgb255=255,255,255
43 34 rgb255=255,255,255
44 34 rgb255=255,255,255
45 34 rgb255=255,255,255
46 34 rgb255=255,255,255
47 34 rgb255=255,255,255
48 34 rgb255=255,255,255
49 34 rgb255=255,255,255
50 34 rgb255=255,255,255
51 34 rgb255=255,255,255
52 34 rgb255=255,255,255
53 34 rgb255=255,255,255
54 34 rgb255=255,255,255
55 34 rgb255=255,255,255
56 34 rgb255=255,255,255
57 34 rgb255=255,255,255
58 34 rgb255=255,255,255
59 34 rgb255=255,255,255
60 34 rgb255=255,255,255
61 34 rgb255=255,255,255
62 34 rgb255=255,255,255
63 34 rgb255=255,255,255
64 34 rgb255=255,255,255
65 34 rgb255=255,255,255
66 34 rgb255=255,255,255
67 34 rgb255=255,255,255
68 34 rgb255=255,255,255
69 34 rgb255=255,255,255
70 34 rgb255=255,255,255
71 34 rgb255=255,255,255
72 34 rgb255=255,255,255
73 34 rgb255=255,255,255
74 34 rgb255=255,255,255
75 34 rgb255=255,255,255
76 34 rgb255=255,255,255
77 34 rgb255=255,255,255
78 34 rgb255=255,255,255
79 34 rgb255=255,255,255
80 34 rgb255=255,255,255
81 34 rgb255=255,255,255
82 34 rgb255=255,255,255
83 34 rgb255=255,255,255
84 34 rgb255=255,255,255
85 34 rgb255=255,255,255
86 34 rgb255=255,255,255
87 34 rgb255=255,255,255
88 34 rgb255=255,255,255
89 34 rgb255=255,255,255
90 34 rgb255=255,255,255
91 34 rgb255=255,255,255
92 34 rgb255=255,255,255
93 34 rgb255=255,255,255
94 34 rgb255=255,255,255
95 34 rgb255=255,255,255
96 34 rgb255=255,255,255
97 34 rgb255=255,255,255
98 34 rgb255=255,255,255
99 34 rgb255=255,255,255
100 34 rgb255=255,255,255
101 34 rgb255=255,255,255
102 34 rgb255=255,255,255
103 34 rgb255=255,255,255
104 34 rgb255=255,255,255
105 34 rgb255=255,255,255
106 34 rgb255=255,255,255
107 34 rgb255=255,255,255
108 34 rgb255=255,255,255
109 34 rgb255=255,255,255
110 34 rgb255=255,255,255
111 34 rgb255=255,255,255
112 34 rgb255=255,255,255
113 34 rgb255=255,255,255
114 34 rgb255=255,255,255
115 34 rgb255=255,255,255
116 34 rgb255=255,255,255
117 34 rgb255=255,255,255
118 34 rgb255=255,255,255
119 34 rgb255=255,255,255
120 34 rgb255=255,255,255
121 34 rgb255=255,255,255
122 34 rgb255=255,255,255
123 34 rgb255=255,255,255
124 34 rgb255=255,255,255
125 34 rgb255=255,255,255
126 34 rgb255=255,255,255
127 34 rgb255=255,255,255
128 34 rgb255=255,255,255
129 34 rgb255=255,255,255
130 34 rgb255=255,255,255
131 34 rgb255=255,255,255
132 34 rgb255=255,255,255
133 34 rgb255=255,255,255
134 34 rgb255=255,255,255
135 34 rgb255=255,255,255
136 34 rgb255=255,255,255
137 34 rgb255=255,255,255
138 34 rgb255=255,255,255
139 34 rgb255=255,255,255
140 34 rgb255=255,255,255
141 34 rgb255=255,255,255
142 34 rgb255=255,255,255
143 34 rgb255=255,255,255
144 34 rgb255=255,255,255
145 34 rgb255=255,255,255
146 34 rgb255=255,255,255
147 34 rgb255=255,255,255
148 34 rgb255=255,255,255
149 34 rgb255=255,255,255
150 34 rgb255=255,255,255
151 34 rgb255=255,255,255
152 34 rgb255=255,255,255
153 34 rgb255=255,255,255
154 34 rgb255=255,255,255
155 34 rgb255=255,255,255
156 34 rgb255=255,255,255
157 34 rgb255=255,255,255
158 34 rgb255=255,255,255
159 34 rgb255=255,255,255
160 34 rgb255=255,255,255
161 34 rgb255=255,255,255
162 34 rgb255=255,255,255
163 34 rgb255=255,255,255
164 34 rgb255=255,255,255
165 34 rgb255=255,255,255
166 34 rgb255=255,255,255
167 34 rgb255=255,255,255
168 34 rgb255=255,255,255
169 34 rgb255=255,255,255
170 34 rgb255=255,255,255
171 34 rgb255=255,255,255
172 34 rgb255=255,255,255
173 34 rgb255=255,255,255
174 34 rgb255=255,255,255
175 34 rgb255=255,255,255
176 34 rgb255=255,255,255
177 34 rgb255=255,255,255
178 34 rgb255=255,255,255
179 34 rgb255=255,255,255
180 34 rgb255=255,255,255
181 34 rgb255=255,255,255
182 34 rgb255=255,255,255
183 34 rgb255=255,255,255
184 34 rgb255=255,255,255
185 34 rgb255=255,255,255
186 34 rgb255=255,255,255
187 34 rgb255=255,255,255
188 34 rgb255=255,255,255
189 34 rgb255=255,255,255
190 34 rgb255=255,255,255
191 34 rgb255=255,255,255
192 34 rgb255=255,255,255
193 34 rgb255=255,255,255
194 34 rgb255=255,255,255
195 34 rgb255=255,255,255
0 33 rgb255=255,255,255
1 33 rgb255=255,255,255
2 33 rgb255=255,255,255
3 33 rgb255=255,255,255
4 33 rgb255=255,255,255
5 33 rgb255=255,255,255
6 33 rgb255=255,255,255
7 33 rgb255=255,255,255
8 33 rgb255=255,255,255
9 33 rgb255=255,255,255
10 33 rgb255=255,255,255
11 33 rgb255=255,255,255
12 33 rgb255=255,255,255
13 33 rgb255=255,255,255
14 33 rgb255=255,255,255
15 33 rgb255=255,255,255
16 33 rgb255=255,255,255
17 33 rgb255=255,255,255
18 33 rgb255=255,255,255
19 33 rgb255=255,255,255
20 33 rgb255=255,255,255
21 33 rgb255=255,255,255
22 33 rgb255=255,255,255
23 33 rgb255=255,255,255
24 33 rgb255=255,255,255
25 33 rgb255=255,255,255
26 33 rgb255=255,255,255
27 33 rgb255=255,255,255
28 33 rgb255=255,255,255
29 33 rgb255=255,255,255
30 33 rgb255=255,255,255
31 33 rgb255=255,255,255
32 33 rgb255=255,255,255
33 33 rgb255=255,255,255
34 33 rgb255=255,255,255
35 33 rgb255=255,255,255
36 33 rgb255=255,255,255
37 33 rgb255=255,255,255
38 33 rgb255=255,255,255
39 33 rgb255=255,255,255
40 33 rgb255=255,255,255
41 33 rgb255=255,255,255
42 33 rgb255=255,255,255
43 33 rgb255=255,255,255
44 33 rgb255=255,255,255
45 33 rgb255=255,255,255
46 33 rgb255=255,255,255
47 33 rgb255=255,255,255
48 33 rgb255=255,255,255
49 33 rgb255=255,255,255
50 33 rgb255=255,255,255
51 33 rgb255=255,255,255
52 33 rgb255=255,255,255
53 33 rgb255=255,255,255
54 33 rgb255=255,255,255
55 33 rgb255=255,255,255
56 33 rgb255=255,255,255
57 33 rgb255=255,255,255
58 33 rgb255=255,255,255
59 33 rgb255=255,255,255
60 33 rgb255=255,255,255
61 33 rgb255=255,255,255
62 33 rgb255=255,255,255
63 33 rgb255=255,255,255
64 33 rgb255=255,255,255
65 33 rgb255=255,255,255
66 33 rgb255=255,255,255
67 33 rgb255=255,255,255
68 33 rgb255=255,255,255
69 33 rgb255=255,255,255
70 33 rgb255=255,255,255
71 33 rgb255=255,255,255
72 33 rgb255=255,255,255
73 33 rgb255=255,255,255
74 33 rgb255=255,255,255
75 33 rgb255=255,255,255
76 33 rgb255=255,255,255
77 33 rgb255=255,255,255
78 33 rgb255=255,255,255
79 33 rgb255=255,255,255
80 33 rgb255=255,255,255
81 33 rgb255=255,255,255
82 33 rgb255=255,255,255
83 33 rgb255=255,255,255
84 33 rgb255=255,255,255
85 33 rgb255=255,255,255
86 33 rgb255=255,255,255
87 33 rgb255=255,255,255
88 33 rgb255=255,255,255
89 33 rgb255=255,255,255
90 33 rgb255=255,255,255
91 33 rgb255=255,255,255
92 33 rgb255=255,255,255
93 33 rgb255=255,255,255
94 33 rgb255=255,255,255
95 33 rgb255=255,255,255
96 33 rgb255=255,255,255
97 33 rgb255=255,255,255
98 33 rgb255=255,255,255
99 33 rgb255=255,255,255
100 33 rgb255=255,255,255
101 33 rgb255=255,255,255
102 33 rgb255=255,255,255
103 33 rgb255=255,255,255
104 33 rgb255=255,255,255
105 33 rgb255=255,255,255
106 33 rgb255=255,255,255
107 33 rgb255=255,255,255
108 33 rgb255=255,255,255
109 33 rgb255=255,255,255
110 33 rgb255=255,255,255
111 33 rgb255=255,255,255
112 33 rgb255=255,255,255
113 33 rgb255=255,255,255
114 33 rgb255=255,255,255
115 33 rgb255=255,255,255
116 33 rgb255=255,255,255
117 33 rgb255=255,255,255
118 33 rgb255=255,255,255
119 33 rgb255=255,255,255
120 33 rgb255=255,255,255
121 33 rgb255=255,255,255
122 33 rgb255=255,255,255
123 33 rgb255=255,255,255
124 33 rgb255=255,255,255
125 33 rgb255=255,255,255
126 33 rgb255=255,255,255
127 33 rgb255=255,255,255
128 33 rgb255=255,255,255
129 33 rgb255=255,255,255
130 33 rgb255=255,255,255
131 33 rgb255=255,255,255
132 33 rgb255=255,255,255
133 33 rgb255=255,255,255
134 33 rgb255=255,255,255
135 33 rgb255=255,255,255
136 33 rgb255=255,255,255
137 33 rgb255=255,255,255
138 33 rgb255=255,255,255
139 33 rgb255=255,255,255
140 33 rgb255=255,255,255
141 33 rgb255=255,255,255
142 33 rgb255=255,255,255
143 33 rgb255=255,255,255
144 33 rgb255=255,255,255
145 33 rgb255=255,255,255
146 33 rgb255=255,255,255
147 33 rgb255=255,255,255
148 33 rgb255=255,255,255
149 33 rgb255=255,255,255
150 33 rgb255=255,255,255
151 33 rgb255=255,255,255
152 33 rgb255=255,255,255
153 33 rgb255=255,255,255
154 33 rgb255=255,255,255
155 33 rgb255=255,255,255
156 33 rgb255=255,255,255
157 33 rgb255=255,255,255
158 33 rgb255=255,255,255
159 33 rgb255=255,255,255
160 33 rgb255=255,255,255
161 33 rgb255=255,255,255
162 33 rgb255=255,255,255
163 33 rgb255=255,255,255
164 33 rgb255=255,255,255
165 33 rgb255=255,255,255
166 33 rgb255=255,255,255
167 33 rgb255=255,255,255
168 33 rgb255=255,255,255
169 33 rgb255=255,255,255
170 33 rgb255=255,255,255
171 33 rgb255=255,255,255
172 33 rgb255=255,255,255
173 33 rgb255=255,255,255
174 33 rgb255=255,255,255
175 33 rgb255=255,255,255
176 33 rgb255=255,255,255
177 33 rgb255=255,255,255
178 33 rgb255=255,255,255
179 33 rgb255=255,255,255
180 33 rgb255=255,255,255
181 33 rgb255=255,255,255
182 33 rgb255=255,255,255
183 33 rgb255=255,255,255
184 33 rgb255=255,255,255
185 33 rgb255=255,255,255
186 33 rgb255=255,255,255
187 33 rgb255=255,255,255
188 33 rgb255=255,255,255
189 33 rgb255=255,255,255
190 33 rgb255=255,255,255
191 33 rgb255=255,255,255
192 33 rgb255=255,255,255
193 33 rgb255=255,255,255
194 33 rgb255=255,255,255
195 33 rgb255=255,255,255
0 32 rgb255=255,255,255
1 32 rgb255=255,255,255
2 32 rgb255=255,255,255
3 32 rgb255=255,255,255
4 32 rgb255=255,255,255
5 32 rgb255=255,255,255
6 32 rgb255=255,255,255
7 32 rgb255=255,255,255
8 32 rgb255=255,255,255
9 32 rgb255=255,255,255
10 32 rgb255=255,255,255
11 32 rgb255=255,255,255
12 32 rgb255=255,255,255
13 32 rgb255=255,255,255
14 32 rgb255=255,255,255
15 32 rgb255=255,255,255
16 32 rgb255=255,255,255
17 32 rgb255=255,255,255
18 32 rgb255=255,255,255
19 32 rgb255=255,255,255
20 32 rgb255=255,255,255
21 32 rgb255=255,255,255
22 32 rgb255=255,255,255
23 32 rgb255=255,255,255
24 32 rgb255=255,255,255
25 32 rgb255=255,255,255
26 32 rgb255=255,255,255
27 32 rgb255=255,255,255
28 32 rgb255=255,255,255
29 32 rgb255=255,255,255
30 32 rgb255=255,255,255
31 32 rgb255=255,255,255
32 32 rgb255=255,255,255
33 32 rgb255=255,255,255
34 32 rgb255=255,255,255
35 32 rgb255=255,255,255
36 32 rgb255=255,255,255
37 32 rgb255=255,255,255
38 32 rgb255=255,255,255
39 32 rgb255=255,255,255
40 32 rgb255=255,255,255
41 32 rgb255=255,255,255
42 32 rgb255=255,255,255
43 32 rgb255=255,255,255
44 32 rgb255=255,255,255
45 32 rgb255=255,255,255
46 32 rgb255=255,255,255
47 32 rgb255=255,255,255
48 32 rgb255=255,255,255
49 32 rgb255=255,255,255
50 32 rgb255=255,255,255
51 32 rgb255=255,255,255
52 32 rgb255=255,255,255
53 32 rgb255=255,255,255
54 32 rgb255=255,255,255
55 32 rgb255=255,255,255
56 32 rgb255=255,255,255
57 32 rgb255=255,255,255
58 32 rgb255=255,255,255
59 32 rgb255=255,255,255
60 32 rgb255=255,255,255
61 32 rgb255=255,255,255
62 32 rgb255=255,255,255
63 32 rgb255=255,255,255
64 32 rgb255=255,255,255
65 32 rgb255=255,255,255
66 32 rgb255=255,255,255
67 32 rgb255=255,255,255
68 32 rgb255=255,255,255
69 32 rgb255=255,255,255
70 32 rgb255=255,255,255
71 32 rgb255=255,255,255
72 32 rgb255=255,255,255
73 32 rgb255=255,255,255
74 32 rgb255=255,255,255
75 32 rgb255=255,255,255
76 32 rgb255=255,255,255
77 32 rgb255=255,255,255
78 32 rgb255=255,255,255
79 32 rgb255=255,255,255
80 32 rgb255=255,255,255
81 32 rgb255=255,255,255
82 32 rgb255=255,255,255
83 32 rgb255=255,255,255
84 32 rgb255=255,255,255
85 32 rgb255=255,255,255
86 32 rgb255=255,255,255
87 32 rgb255=255,255,255
88 32 rgb255=255,255,255
89 32 rgb255=255,255,255
90 32 rgb255=255,255,255
91 32 rgb255=255,255,255
92 32 rgb255=255,255,255
93 32 rgb255=255,255,255
94 32 rgb255=255,255,255
95 32 rgb255=255,255,255
96 32 rgb255=255,255,255
97 32 rgb255=255,255,255
98 32 rgb255=255,255,255
99 32 rgb255=255,255,255
100 32 rgb255=255,255,255
101 32 rgb255=255,255,255
102 32 rgb255=255,255,255
103 32 rgb255=255,255,255
104 32 rgb255=255,255,255
105 32 rgb255=255,255,255
106 32 rgb255=255,255,255
107 32 rgb255=255,255,255
108 32 rgb255=255,255,255
109 32 rgb255=255,255,255
110 32 rgb255=255,255,255
111 32 rgb255=255,255,255
112 32 rgb255=255,255,255
113 32 rgb255=255,255,255
114 32 rgb255=255,255,255
115 32 rgb255=255,255,255
116 32 rgb255=255,255,255
117 32 rgb255=255,255,255
118 32 rgb255=255,255,255
119 32 rgb255=255,255,255
120 32 rgb255=255,255,255
121 32 rgb255=255,255,255
122 32 rgb255=255,255,255
123 32 rgb255=255,255,255
124 32 rgb255=255,255,255
125 32 rgb255=255,255,255
126 32 rgb255=255,255,255
127 32 rgb255=255,255,255
128 32 rgb255=255,255,255
129 32 rgb255=255,255,255
130 32 rgb255=255,255,255
131 32 rgb255=255,255,255
132 32 rgb255=255,255,255
133 32 rgb255=255,255,255
134 32 rgb255=255,255,255
135 32 rgb255=255,255,255
136 32 rgb255=255,255,255
137 32 rgb255=255,255,255
138 32 rgb255=255,255,255
139 32 rgb255=255,255,255
140 32 rgb255=255,255,255
141 32 rgb255=255,255,255
142 32 rgb255=255,255,255
143 32 rgb255=255,255,255
144 32 rgb255=255,255,255
145 32 rgb255=255,255,255
146 32 rgb255=255,255,255
147 32 rgb255=255,255,255
148 32 rgb255=255,255,255
149 32 rgb255=255,255,255
150 32 rgb255=255,255,255
151 32 rgb255=255,255,255
152 32 rgb255=255,255,255
153 32 rgb255=255,255,255
154 32 rgb255=255,255,255
155 32 rgb255=255,255,255
156 32 rgb255=255,255,255
157 32 rgb255=255,255,255
158 32 rgb255=255,255,255
159 32 rgb255=255,255,255
160 32 rgb255=255,255,255
161 32 rgb255=255,255,255
162 32 rgb255=255,255,255
163 32 rgb255=255,255,255
164 32 rgb255=255,255,255
165 32 rgb255=255,255,255
166 32 rgb255=255,255,255
167 32 rgb255=255,255,255
168 32 rgb255=255,255,255
169 32 rgb255=255,255,255
170 32 rgb255=255,255,255
171 32 rgb255=255,255,255
172 32 rgb255=255,255,255
173 32 rgb255=255,255,255
174 32 rgb255=255,255,255
175 32 rgb255=255,255,255
176 32 rgb255=255,255,255
177 32 rgb255=255,255,255
178 32 rgb255=255,255,255
179 32 rgb255=255,255,255
180 32 rgb255=255,255,255
181 32 rgb255=255,255,255
182 32 rgb255=255,255,255
183 32 rgb255=255,255,255
184 32 rgb255=255,255,255
185 32 rgb255=255,255,255
186 32 rgb255=255,255,255
187 32 rgb255=255,255,255
188 32 rgb255=255,255,255
189 32 rgb255=255,255,255
190 32 rgb255=255,255,255
191 32 rgb255=255,255,255
192 32 rgb255=255,255,255
193 32 rgb255=255,255,255
194 32 rgb255=255,255,255
195 32 rgb255=255,255,255
0 31 rgb255=45,20,19
1 31 rgb255=42,21,18
2 31 rgb255=35,17,13
3 31 rgb255=33,17,13
4 31 rgb255=35,24,21
5 31 rgb255=50,40,38
6 31 rgb255=52,42,40
7 31 rgb255=45,35,33
8 31 rgb255=59,49,47
9 31 rgb255=54,43,40
10 31 rgb255=58,45,42
11 31 rgb255=66,53,50
12 31 rgb255=83,70,67
13 31 rgb255=96,84,80
14 31 rgb255=84,72,66
15 31 rgb255=63,53,45
16 31 rgb255=75,65,57
17 31 rgb255=101,91,83
18 31 rgb255=113,103,95
19 31 rgb255=94,81,72
20 31 rgb255=89,71,61
21 31 rgb255=85,69,61
22 31 rgb255=89,76,70
23 31 rgb255=116,105,101
24 31 rgb255=106,95,92
25 31 rgb255=78,64,61
26 31 rgb255=76,64,60
27 31 rgb255=89,79,75
28 31 rgb255=101,93,88
29 31 rgb255=93,86,81
30 31 rgb255=51,47,42
31 31 rgb255=39,36,32
32 31 rgb255=255,255,255
33 31 rgb255=255,255,255
34 31 rgb255=255,255,255
35 31 rgb255=255,255,255
36 31 rgb255=255,255,255
37 31 rgb255=255,255,255
38 31 rgb255=255,255,255
39 31 rgb255=255,255,255
40 31 rgb255=255,255,255
41 31 rgb255=59,62,63
42 31 rgb255=43,46,45
43 31 rgb255=50,48,43
44 31 rgb255=68,54,42
45 31 rgb255=98,73,52
46 31 rgb255=119,91,63
47 31 rgb255=139,107,75
48 31 rgb255=145,110,80
49 31 rgb255=149,117,89
50 31 rgb255=149,120,93
51 31 rgb255=131,103,77
52 31 rgb255=125,99,76
53 31 rgb255=142,115,91
54 31 rgb255=144,112,86
55 31 rgb255=137,105,79
56 31 rgb255=129,97,71
57 31 rgb255=137,106,79
58 31 rgb255=134,106,76
59 31 rgb255=124,97,64
60 31 rgb255=139,113,78
61 31 rgb255=139,112,75
62 31 rgb255=133,105,69
63 31 rgb255=136,105,74
64 31 rgb255=139,108,77
65 31 rgb255=152,120,89
66 31 rgb255=163,131,100
67 31 rgb255=168,136,108
68 31 rgb255=159,129,102
69 31 rgb255=158,130,104
70 31 rgb255=158,132,108
71 31 rgb255=152,125,102
72 31 rgb255=148,124,103
73 31 rgb255=255,255,255
74 31 rgb255=255,255,255
75 31 rgb255=255,255,255
76 31 rgb255=255,255,255
77 31 rgb255=255,255,255
78 31 rgb255=255,255,255
79 31 rgb255=255,255,255
80 31 rgb255=255,255,255
81 31 rgb255=255,255,255
82 31 rgb255=28,35,39
83 31 rgb255=30,34,44
84 31 rgb255=33,44,47
85 31 rgb255=62,83,72
86 31 rgb255=63,84,72
87 31 rgb255=31,49,46
88 31 rgb255=29,47,50
89 31 rgb255=42,62,63
90 31 rgb255=55,77,71
91 31 rgb255=67,83,74
92 31 rgb255=92,108,98
93 31 rgb255=76,96,85
94 31 rgb255=57,80,68
95 31 rgb255=75,99,88
96 31 rgb255=69,82,79
97 31 rgb255=57,59,60
98 31 rgb255=74,72,73
99 31 rgb255=98,103,100
100 31 rgb255=86,99,92
101 31 rgb255=71,80,73
102 31 rgb255=59,67,62
103 31 rgb255=62,67,66
104 31 rgb255=57,60,63
105 31 rgb255=42,46,48
106 31 rgb255=51,63,57
107 31 rgb255=46,60,52
108 31 rgb255=41,55,47
109 31 rgb255=38,53,44
110 31 rgb255=37,51,41
111 31 rgb255=43,56,45
112 31 rgb255=52,64,53
113 31 rgb255=46,58,47
114 31 rgb255=255,255,255
115 31 rgb255=255,255,255
116 31 rgb255=255,255,255
117 31 rgb255=255,255,255
118 31 rgb255=255,255,255
119 31 rgb255=255,255,255
120 31 rgb255=255,255,255
121 31 rgb255=255,255,255
122 31 rgb255=255,255,255
123 31 rgb255=134,186,223
124 31 rgb255=131,184,220
125 31 rgb255=128,182,218
126 31 rgb255=133,182,218
127 31 rgb255=139,184,220
128 31 rgb255=140,187,226
129 31 rgb255=134,185,227
130 31 rgb255=121,179,218
131 31 rgb255=124,181,218
132 31 rgb255=124,173,208
133 31 rgb255=138,183,215
134 31 rgb255=152,195,223
135 31 rgb255=148,191,223
136 31 rgb255=135,186,226
137 31 rgb255=137,187,227
138 31 rgb255=132,187,224
139 31 rgb255=130,186,225
140 31 rgb255=131,185,226
141 31 rgb255=131,185,226
142 31 rgb255=131,185,226
143 31 rgb255=131,185,226
144 31 rgb255=131,185,226
145 31 rgb255=131,185,226
146 31 rgb255=130,184,225
147 31 rgb255=129,184,223
148 31 rgb255=129,183,222
149 31 rgb255=127,182,221
150 31 rgb255=127,182,222
151 31 rgb255=127,182,222
152 31 rgb255=127,181,222
153 31 rgb255=127,181,222
154 31 rgb255=128,182,223
155 31 rgb255=255,255,255
156 31 rgb255=255,255,255
157 31 rgb255=255,255,255
158 31 rgb255=255,255,255
159 31 rgb255=255,255,255
160 31 rgb255=255,255,255
161 31 rgb255=255,255,255
162 31 rgb255=255,255,255
163 31 rgb255=255,255,255
164 31 rgb255=154,177,187
165 31 rgb255=126,137,136
166 31 rgb255=105,104,95
167 31 rgb255=102,101,99
168 31 rgb255=125,131,139
169 31 rgb255=155,166,180
170 31 rgb255=172,190,210
171 31 rgb255=180,199,214
172 31 rgb255=142,156,156
173 31 rgb255=111,120,110
174 31 rgb255=106,107,98
175 31 rgb255=109,104,102
176 31 rgb255=123,121,117
177 31 rgb255=127,129,127
178 31 rgb255=181,188,189
179 31 rgb255=217,226,229
180 31 rgb255=209,211,211
181 31 rgb255=166,167,162
182 31 rgb255=164,165,156
183 31 rgb255=158,160,148
184 31 rgb255=116,117,103
185 31 rgb255=102,101,83
186 31 rgb255=95,95,76
187 31 rgb255=90,89,79
188 31 rgb255=72,70,69
189 31 rgb255=60,60,61
190 31 rgb255=56,57,54
191 31 rgb255=77,78,72
192 31 rgb255=94,96,84
193 31 rgb255=91,95,71
194 31 rgb255=87,90,71
195 31 rgb255=79,81,70
0 30 rgb255=46,22,20
1 30 rgb255=42,22,18
2 30 rgb255=40,22,18
3 30 rgb255=44,29,24
4 30 rgb255=43,32,29
5 30 rgb255=51,41,39
6 30 rgb255=48,38,36
7 30 rgb255=66,56,54
8 30 rgb255=90,80,78
9 30 rgb255=70,60,55
10 30 rgb255=65,54,47
11 30 rgb255=88,76,68
12 30 rgb255=117,104,95
13 30 rgb255=125,111,101
14 30 rgb255=103,87,76
15 30 rgb255=86,70,58
16 30 rgb255=99,85,74
17 30 rgb255=120,107,97
18 30 rgb255=125,113,104
19 30 rgb255=124,111,103
20 30 rgb255=114,98,91
21 30 rgb255=105,91,85
22 30 rgb255=100,89,85
23 30 rgb255=82,74,72
24 30 rgb255=51,44,42
25 30 rgb255=38,33,30
26 30 rgb255=40,34,32
27 30 rgb255=54,46,44
28 30 rgb255=81,71,69
29 30 rgb255=105,93,92
30 30 rgb255=66,53,52
31 30 rgb255=48,39,36
32 30 rgb255=255,255,255
33 30 rgb255=255,255,255
34 30 rgb255=255,255,255
35 30 rgb255=255,255,255
36 30 rgb255=255,255,255
37 30 rgb255=255,255,255
38 30 rgb255=255,255,255
39 30 rgb255=255,255,255
40 30 rgb255=255,255,255
41 30 rgb255=16,20,20
42 30 rgb255=0,0,0
43 30 rgb255=18,8,0
44 30 rgb255=51,27,8
45 30 rgb255=88,51,21
46 30 rgb255=120,82,43
47 30 rgb255=128,89,45
48 30 rgb255=127,86,44
49 30 rgb255=126,87,50
50 30 rgb255=116,79,44
51 30 rgb255=106,70,37
52 30 rgb255=101,67,35
53 30 rgb255=105,70,36
54 30 rgb255=113,74,35
55 30 rgb255=109,70,33
56 30 rgb255=112,72,37
57 30 rgb255=119,79,44
58 30 rgb255=109,71,33
59 30 rgb255=105,69,27
60 30 rgb255=125,89,46
61 30 rgb255=127,92,46
62 30 rgb255=122,85,39
63 30 rgb255=131,89,47
64 30 rgb255=124,82,41
65 30 rgb255=121,79,37
66 30 rgb255=131,89,48
67 30 rgb255=132,91,53
68 30 rgb255=133,94,58
69 30 rgb255=133,96,60
70 30 rgb255=123,88,55
71 30 rgb255=119,83,50
72 30 rgb255=122,87,57
73 30 rgb255=255,255,255
74 30 rgb255=255,255,255
75 30 rgb255=255,255,255
76 30 rgb255=255,255,255
77 30 rgb255=255,255,255
78 30 rgb255=255,255,255
79 30 rgb255=255,255,255
80 30 rgb255=255,255,255
81 30 rgb255=255,255,255
82 30 rgb255=27,30,38
83 30 rgb255=27,28,41
84 30 rgb255=21,31,39
85 30 rgb255=38,58,55
86 30 rgb255=60,78,66
87 30 rgb255=39,53,48
88 30 rgb255=41,54,59
89 30 rgb255=47,60,66
90 30 rgb255=48,60,61
91 30 rgb255=72,81,71
92 30 rgb255=120,131,117
93 30 rgb255=103,117,102
94 30 rgb255=66,82,67
95 30 rgb255=75,92,76
96 30 rgb255=110,123,103
97 30 rgb255=134,140,119
98 30 rgb255=146,149,126
99 30 rgb255=153,161,133
100 30 rgb255=146,159,127
101 30 rgb255=139,152,120
102 30 rgb255=125,136,107
103 30 rgb255=130,137,111
104 30 rgb255=109,111,90
105 30 rgb255=76,80,61
106 30 rgb255=82,98,75
107 30 rgb255=85,106,78
108 30 rgb255=82,107,72
109 30 rgb255=91,121,80
110 30 rgb255=99,128,86
111 30 rgb255=112,136,97
112 30 rgb255=117,140,101
113 30 rgb255=115,138,100
114 30 rgb255=255,255,255
115 30 rgb255=255,255,255
116 30 rgb255=255,255,255
117 30 rgb255=255,255,255
118 30 rgb255=255,255,255
119 30 rgb255=255,255,255
120 30 rgb255=255,255,255
121 30 rgb255=255,255,255
122 30 rgb255=255,255,255
123 30 rgb255=133,189,228
124 30 rgb255=129,186,224
125 30 rgb255=128,186,224
126 30 rgb255=124,179,220
127 30 rgb255=125,179,221
128 30 rgb255=131,182,225
129 30 rgb255=132,184,227
130 30 rgb255=125,181,222
131 30 rgb255=126,179,218
132 30 rgb255=126,173,210
133 30 rgb255=136,182,216
134 30 rgb255=141,187,215
135 30 rgb255=144,188,221
136 30 rgb255=136,188,228
137 30 rgb255=139,190,230
138 30 rgb255=134,190,228
139 30 rgb255=132,188,228
140 30 rgb255=133,188,229
141 30 rgb255=133,188,229
142 30 rgb255=133,188,229
143 30 rgb255=133,188,229
144 30 rgb255=133,188,229
145 30 rgb255=132,188,229
146 30 rgb255=133,188,229
147 30 rgb255=136,190,230
148 30 rgb255=138,190,227
149 30 rgb255=133,185,224
150 30 rgb255=128,183,224
151 30 rgb255=128,183,224
152 30 rgb255=127,183,224
153 30 rgb255=127,183,224
154 30 rgb255=128,184,225
155 30 rgb255=255,255,255
156 30 rgb255=255,255,255
157 30 rgb255=255,255,255
158 30 rgb255=255,255,255
159 30 rgb255=255,255,255
160 30 rgb255=255,255,255
161 30 rgb255=255,255,255
162 30 rgb255=255,255,255
163 30 rgb255=255,255,255
164 30 rgb255=140,160,169
165 30 rgb255=145,153,154
166 30 rgb255=125,125,118
167 30 rgb255=124,129,132
168 30 rgb255=150,161,173
169 30 rgb255=152,164,175
170 30 rgb255=174,188,200
171 30 rgb255=178,189,196
172 30 rgb255=134,139,137
173 30 rgb255=110,111,102
174 30 rgb255=133,127,120
175 30 rgb255=163,156,156
176 30 rgb255=192,192,187
177 30 rgb255=218,219,215
178 30 rgb255=240,241,238
179 30 rgb255=245,246,245
180 30 rgb255=241,242,239
181 30 rgb255=238,239,235
182 30 rgb255=234,235,229
183 30 rgb255=226,227,220
184 30 rgb255=142,143,136
185 30 rgb255=96,97,85
186 30 rgb255=99,101,84
187 30 rgb255=95,96,87
188 30 rgb255=89,89,86
189 30 rgb255=80,81,77
190 30 rgb255=65,67,60
191 30 rgb255=84,86,76
192 30 rgb255=92,95,80
193 30 rgb255=96,99,78
194 30 rgb255=77,80,62
195 30 rgb255=71,73,61
0 29 rgb255=43,22,19
1 29 rgb255=40,21,17
2 29 rgb255=48,32,27
3 29 rgb255=53,40,35
4 29 rgb255=51,41,37
5 29 rgb255=48,38,36
6 29 rgb255=51,41,39
7 29 rgb255=77,67,65
8 29 rgb255=96,86,84
9 29 rgb255=87,78,72
10 29 rgb255=82,74,65
11 29 rgb255=97,89,80
12 29 rgb255=129,121,111
13 29 rgb255=137,128,118
14 29 rgb255=115,104,95
15 29 rgb255=109,98,88
16 29 rgb255=121,110,101
17 29 rgb255=137,125,116
18 29 rgb255=131,119,111
19 29 rgb255=129,117,110
20 29 rgb255=96,85,80
21 29 rgb255=73,64,61
22 29 rgb255=50,43,42
23 29 rgb255=19,15,16
24 29 rgb255=15,14,14
25 29 rgb255=29,32,30
26 29 rgb255=28,28,28
27 29 rgb255=20,15,16
28 29 rgb255=42,32,34
29 29 rgb255=88,74,77
30 29 rgb255=77,59,60
31 29 rgb255=58,44,43
32 29 rgb255=255,255,255
33 29 rgb255=255,255,255
34 29 rgb255=255,255,255
35 29 rgb255=255,255,255
36 29 rgb255=255,255,255
37 29 rgb255=255,255,255
38 29 rgb255=255,255,255
39 29 rgb255=255,255,255
40 29 rgb255=255,255,255
41 29 rgb255=25,24,21
42 29 rgb255=16,7,0
43 29 rgb255=49,27,8
44 29 rgb255=83,50,23
45 29 rgb255=110,72,41
46 29 rgb255=129,92,54
47 29 rgb255=130,93,55
48 29 rgb255=121,82,47
49 29 rgb255=113,77,43
50 29 rgb255=112,78,44
51 29 rgb255=112,79,46
52 29 rgb255=106,75,45
53 29 rgb255=105,73,38
54 29 rgb255=128,92,48
55 29 rgb255=124,87,47
56 29 rgb255=130,92,56
57 29 rgb255=127,89,56
58 29 rgb255=122,85,51
59 29 rgb255=115,79,43
60 29 rgb255=120,85,47
61 29 rgb255=130,95,54
62 29 rgb255=131,96,55
63 29 rgb255=139,102,62
64 29 rgb255=127,90,51
65 29 rgb255=126,89,49
66 29 rgb255=127,89,50
67 29 rgb255=130,92,53
68 29 rgb255=142,105,68
69 29 rgb255=130,94,58
70 29 rgb255=118,84,50
71 29 rgb255=120,84,50
72 29 rgb255=109,73,42
73 29 rgb255=255,255,255
74 29 rgb255=255,255,255
75 29 rgb255=255,255,255
76 29 rgb255=255,255,255
77 29 rgb255=255,255,255
78 29 rgb255=255,255,255
79 29 rgb255=255,255,255
80 29 rgb255=255,255,255
81 29 rgb255=255,255,255
82 29 rgb255=34,36,42
83 29 rgb255=33,33,43
84 29 rgb255=24,30,40
85 29 rgb255=38,54,58
86 29 rgb255=82,95,86
87 29 rgb255=52,60,56
88 29 rgb255=43,48,55
89 29 rgb255=55,57,68
90 29 rgb255=65,67,71
91 29 rgb255=113,120,107
92 29 rgb255=157,169,149
93 29 rgb255=142,157,136
94 29 rgb255=108,125,104
95 29 rgb255=108,127,103
96 29 rgb255=152,172,135
97 29 rgb255=185,204,161
98 29 rgb255=179,197,150
99 29 rgb255=178,199,146
100 29 rgb255=180,202,146
101 29 rgb255=184,207,151
102 29 rgb255=182,201,148
103 29 rgb255=177,190,142
104 29 rgb255=171,179,135
105 29 rgb255=165,171,131
106 29 rgb255=166,176,139
107 29 rgb255=168,186,142
108 29 rgb255=165,192,137
109 29 rgb255=167,202,137
110 29 rgb255=169,207,138
111 29 rgb255=175,208,143
112 29 rgb255=177,209,144
113 29 rgb255=176,208,143
114 29 rgb255=255,255,255
115 29 rgb255=255,255,255
116 29 rgb255=255,255,255
117 29 rgb255=255,255,255
118 29 rgb255=255,255,255
119 29 rgb255=255,255,255
120 29 rgb255=255,255,255
121 29 rgb255=255,255,255
122 29 rgb255=255,255,255
123 29 rgb255=128,185,226
124 29 rgb255=127,182,223
125 29 rgb255=128,182,223
126 29 rgb255=126,181,223
127 29 rgb255=121,177,221
128 29 rgb255=123,177,220
129 29 rgb255=125,177,219
130 29 rgb255=125,180,221
131 29 rgb255=126,176,216
132 29 rgb255=132,179,217
133 29 rgb255=132,185,224
134 29 rgb255=126,182,220
135 29 rgb255=135,187,223
136 29 rgb255=137,191,226
137 29 rgb255=138,191,229
138 29 rgb255=134,189,226
139 29 rgb255=131,187,225
140 29 rgb255=132,187,226
141 29 rgb255=132,187,227
142 29 rgb255=132,186,227
143 29 rgb255=132,186,227
144 29 rgb255=132,187,228
145 29 rgb255=130,185,226
146 29 rgb255=131,186,227
147 29 rgb255=135,189,229
148 29 rgb255=137,188,226
149 29 rgb255=132,185,223
150 29 rgb255=127,182,223
151 29 rgb255=127,182,223
152 29 rgb255=126,181,222
153 29 rgb255=126,181,222
154 29 rgb255=126,180,221
155 29 rgb255=255,255,255
156 29 rgb255=255,255,255
157 29 rgb255=255,255,255
158 29 rgb255=255,255,255
159 29 rgb255=255,255,255
160 29 rgb255=255,255,255
161 29 rgb255=255,255,255
162 29 rgb255=255,255,255
163 29 rgb255=255,255,255
164 29 rgb255=140,155,164
165 29 rgb255=139,146,149
166 29 rgb255=115,115,112
167 29 rgb255=147,153,159
168 29 rgb255=138,150,162
169 29 rgb255=132,145,154
170 29 rgb255=170,184,190
171 29 rgb255=178,189,192
172 29 rgb255=171,176,175
173 29 rgb255=192,195,189
174 29 rgb255=219,218,217
175 29 rgb255=234,233,238
176 29 rgb255=229,237,235
177 29 rgb255=239,245,242
178 29 rgb255=244,244,242
179 29 rgb255=246,242,241
180 29 rgb255=232,231,227
181 29 rgb255=225,226,222
182 29 rgb255=235,235,232
183 29 rgb255=243,243,242
184 29 rgb255=177,177,178
185 29 rgb255=101,102,97
186 29 rgb255=101,103,92
187 29 rgb255=88,89,82
188 29 rgb255=103,103,99
189 29 rgb255=94,95,86
190 29 rgb255=65,67,54
191 29 rgb255=83,86,70
192 29 rgb255=90,93,75
193 29 rgb255=79,82,64
194 29 rgb255=68,70,55
195 29 rgb255=67,69,55
0 28 rgb255=37,19,15
1 28 rgb255=41,25,20
2 28 rgb255=51,38,32
3 28 rgb255=54,43,37
4 28 rgb255=51,41,37
5 28 rgb255=45,35,33
6 28 rgb255=58,48,46
7 28 rgb255=74,64,62
8 28 rgb255=85,75,73
9 28 rgb255=82,72,66
10 28 rgb255=82,73,66
11 28 rgb255=76,71,67
12 28 rgb255=106,107,106
13 28 rgb255=108,111,114
14 28 rgb255=88,94,97
15 28 rgb255=90,94,98
16 28 rgb255=98,99,100
17 28 rgb255=138,134,131
18 28 rgb255=143,136,130
19 28 rgb255=104,95,89
20 28 rgb255=49,41,40
21 28 rgb255=29,23,23
22 28 rgb255=28,25,27
23 28 rgb255=26,25,29
24 28 rgb255=29,31,35
25 28 rgb255=39,44,46
26 28 rgb255=62,65,67
27 28 rgb255=43,41,45
28 28 rgb255=29,25,30
29 28 rgb255=48,38,43
30 28 rgb255=70,53,55
31 28 rgb255=63,48,47
32 28 rgb255=255,255,255
33 28 rgb255=255,255,255
34 28 rgb255=255,255,255
35 28 rgb255=255,255,255
36 28 rgb255=255,255,255
37 28 rgb255=255,255,255
38 28 rgb255=255,255,255
39 28 rgb255=255,255,255
40 28 rgb255=255,255,255
41 28 rgb255=33,25,17
42 28 rgb255=38,20,4
43 28 rgb255=87,54,25
44 28 rgb255=106,63,28
45 28 rgb255=115,70,33
46 28 rgb255=117,74,35
47 28 rgb255=114,72,37
48 28 rgb255=105,62,33
49 28 rgb255=107,68,33
50 28 rgb255=121,84,45
51 28 rgb255=125,90,53
52 28 rgb255=109,75,40
53 28 rgb255=113,77,38
54 28 rgb255=146,105,58
55 28 rgb255=133,91,47
56 28 rgb255=127,84,45
57 28 rgb255=118,76,40
58 28 rgb255=117,76,41
59 28 rgb255=127,87,52
60 28 rgb255=122,81,43
61 28 rgb255=132,92,51
62 28 rgb255=137,99,58
63 28 rgb255=136,99,57
64 28 rgb255=131,93,52
65 28 rgb255=124,86,44
66 28 rgb255=130,91,50
67 28 rgb255=132,90,49
68 28 rgb255=135,93,51
69 28 rgb255=130,90,50
70 28 rgb255=125,87,50
71 28 rgb255=121,85,48
72 28 rgb255=94,62,35
73 28 rgb255=255,255,255
74 28 rgb255=255,255,255
75 28 rgb255=255,255,255
76 28 rgb255=255,255,255
77 28 rgb255=255,255,255
78 28 rgb255=255,255,255
79 28 rgb255=255,255,255
80 28 rgb255=255,255,255
81 28 rgb255=255,255,255
82 28 rgb255=45,52,46
83 28 rgb255=49,50,48
84 28 rgb255=46,47,51
85 28 rgb255=55,61,66
86 28 rgb255=83,89,86
87 28 rgb255=62,64,64
88 28 rgb255=44,40,50
89 28 rgb255=45,36,48
90 28 rgb255=54,46,50
91 28 rgb255=91,94,79
92 28 rgb255=108,117,97
93 28 rgb255=100,111,90
94 28 rgb255=119,133,112
95 28 rgb255=144,161,136
96 28 rgb255=177,198,156
97 28 rgb255=194,220,169
98 28 rgb255=191,220,161
99 28 rgb255=198,226,161
100 28 rgb255=206,232,164
101 28 rgb255=205,229,163
102 28 rgb255=200,218,156
103 28 rgb255=200,210,154
104 28 rgb255=193,196,144
105 28 rgb255=192,189,142
106 28 rgb255=194,186,146
107 28 rgb255=194,193,147
108 28 rgb255=203,215,157
109 28 rgb255=199,224,156
110 28 rgb255=192,225,150
111 28 rgb255=191,226,149
112 28 rgb255=189,224,147
113 28 rgb255=187,223,145
114 28 rgb255=255,255,255
115 28 rgb255=255,255,255
116 28 rgb255=255,255,255
117 28 rgb255=255,255,255
118 28 rgb255=255,255,255
119 28 rgb255=255,255,255
120 28 rgb255=255,255,255
121 28 rgb255=255,255,255
122 28 rgb255=255,255,255
123 28 rgb255=127,184,225
124 28 rgb255=126,181,222
125 28 rgb255=127,181,222
126 28 rgb255=126,181,222
127 28 rgb255=122,178,219
128 28 rgb255=122,177,218
129 28 rgb255=125,180,221
130 28 rgb255=124,179,220
131 28 rgb255=126,177,217
132 28 rgb255=127,172,208
133 28 rgb255=133,179,211
134 28 rgb255=132,183,219
135 28 rgb255=140,187,223
136 28 rgb255=140,191,226
137 28 rgb255=135,191,227
138 28 rgb255=133,189,226
139 28 rgb255=132,188,225
140 28 rgb255=132,188,226
141 28 rgb255=132,187,227
142 28 rgb255=132,187,228
143 28 rgb255=132,187,228
144 28 rgb255=132,187,228
145 28 rgb255=130,185,226
146 28 rgb255=129,184,225
147 28 rgb255=130,185,226
148 28 rgb255=131,185,226
149 28 rgb255=129,184,225
150 28 rgb255=127,182,223
151 28 rgb255=127,182,223
152 28 rgb255=127,182,223
153 28 rgb255=127,182,223
154 28 rgb255=126,181,222
155 28 rgb255=255,255,255
156 28 rgb255=255,255,255
157 28 rgb255=255,255,255
158 28 rgb255=255,255,255
159 28 rgb255=255,255,255
160 28 rgb255=255,255,255
161 28 rgb255=255,255,255
162 28 rgb255=255,255,255
163 28 rgb255=255,255,255
164 28 rgb255=136,147,155
165 28 rgb255=137,142,146
166 28 rgb255=122,121,121
167 28 rgb255=132,133,139
168 28 rgb255=151,157,167
169 28 rgb255=181,193,198
170 28 rgb255=203,222,224
171 28 rgb255=208,227,230
172 28 rgb255=208,223,225
173 28 rgb255=203,219,217
174 28 rgb255=179,194,198
175 28 rgb255=169,184,196
176 28 rgb255=164,186,190
177 28 rgb255=125,141,143
178 28 rgb255=178,182,185
179 28 rgb255=240,236,238
180 28 rgb255=231,230,226
181 28 rgb255=211,212,207
182 28 rgb255=195,195,196
183 28 rgb255=201,200,204
184 28 rgb255=183,183,192
185 28 rgb255=121,123,124
186 28 rgb255=91,94,87
187 28 rgb255=94,97,92
188 28 rgb255=91,94,88
189 28 rgb255=77,80,66
190 28 rgb255=69,72,55
191 28 rgb255=97,100,80
192 28 rgb255=88,91,70
193 28 rgb255=76,78,64
194 28 rgb255=64,66,53
195 28 rgb255=71,73,59
0 27 rgb255=39,22,17
1 27 rgb255=48,34,29
2 27 rgb255=54,43,37
3 27 rgb255=52,44,37
4 27 rgb255=46,37,33
5 27 rgb255=45,35,34
6 27 rgb255=61,51,49
7 27 rgb255=76,65,64
8 27 rgb255=73,63,61
9 27 rgb255=66,54,50
10 27 rgb255=75,66,63
11 27 rgb255=66,66,70
12 27 rgb255=61,73,86
13 27 rgb255=62,82,103
14 27 rgb255=58,86,110
15 27 rgb255=56,85,107
16 27 rgb255=55,76,92
17 27 rgb255=91,100,107
18 27 rgb255=96,94,93
19 27 rgb255=46,40,37
20 27 rgb255=13,9,9
21 27 rgb255=29,27,30
22 27 rgb255=47,47,52
23 27 rgb255=50,53,58
24 27 rgb255=38,41,47
25 27 rgb255=33,34,41
26 27 rgb255=54,56,62
27 27 rgb255=44,46,52
28 27 rgb255=41,44,50
29 27 rgb255=29,29,34
30 27 rgb255=49,37,38
31 27 rgb255=68,55,54
32 27 rgb255=255,255,255
33 27 rgb255=255,255,255
34 27 rgb255=255,255,255
35 27 rgb255=255,255,255
36 27 rgb255=255,255,255
37 27 rgb255=255,255,255
38 27 rgb255=255,255,255
39 27 rgb255=255,255,255
40 27 rgb255=255,255,255
41 27 rgb255=50,32,21
42 27 rgb255=59,32,11
43 27 rgb255=102,65,34
44 27 rgb255=127,79,39
45 27 rgb255=124,77,36
46 27 rgb255=121,77,36
47 27 rgb255=120,78,40
48 27 rgb255=114,74,39
49 27 rgb255=107,72,34
50 27 rgb255=125,88,49
51 27 rgb255=129,89,51
52 27 rgb255=106,68,31
53 27 rgb255=108,71,33
54 27 rgb255=124,83,42
55 27 rgb255=121,78,39
56 27 rgb255=108,68,29
57 27 rgb255=98,65,23
58 27 rgb255=110,74,37
59 27 rgb255=117,80,49
60 27 rgb255=120,80,41
61 27 rgb255=134,93,50
62 27 rgb255=140,106,66
63 27 rgb255=131,95,58
64 27 rgb255=141,98,66
65 27 rgb255=135,92,51
66 27 rgb255=127,84,45
67 27 rgb255=121,79,41
68 27 rgb255=119,79,40
69 27 rgb255=103,67,32
70 27 rgb255=87,57,27
71 27 rgb255=75,47,23
72 27 rgb255=67,42,25
73 27 rgb255=255,255,255
74 27 rgb255=255,255,255
75 27 rgb255=255,255,255
76 27 rgb255=255,255,255
77 27 rgb255=255,255,255
78 27 rgb255=255,255,255
79 27 rgb255=255,255,255
80 27 rgb255=255,255,255
81 27 rgb255=255,255,255
82 27 rgb255=77,95,69
83 27 rgb255=84,87,67
84 27 rgb255=80,74,66
85 27 rgb255=53,47,50
86 27 rgb255=44,43,47
87 27 rgb255=46,42,51
88 27 rgb255=37,26,40
89 27 rgb255=38,22,31
90 27 rgb255=47,29,29
91 27 rgb255=58,42,35
92 27 rgb255=61,48,39
93 27 rgb255=57,47,37
94 27 rgb255=77,70,59
95 27 rgb255=102,98,83
96 27 rgb255=155,159,129
97 27 rgb255=199,212,170
98 27 rgb255=218,237,185
99 27 rgb255=228,244,184
100 27 rgb255=235,245,183
101 27 rgb255=229,232,174
102 27 rgb255=217,212,159
103 27 rgb255=211,196,150
104 27 rgb255=188,164,123
105 27 rgb255=174,142,106
106 27 rgb255=168,129,98
107 27 rgb255=159,129,93
108 27 rgb255=179,167,122
109 27 rgb255=181,184,131
110 27 rgb255=189,206,143
111 27 rgb255=190,222,146
112 27 rgb255=190,224,147
113 27 rgb255=192,225,148
114 27 rgb255=255,255,255
115 27 rgb255=255,255,255
116 27 rgb255=255,255,255
117 27 rgb255=255,255,255
118 27 rgb255=255,255,255
119 27 rgb255=255,255,255
120 27 rgb255=255,255,255
121 27 rgb255=255,255,255
122 27 rgb255=255,255,255
123 27 rgb255=122,184,224
124 27 rgb255=123,180,221
125 27 rgb255=124,180,221
126 27 rgb255=125,180,221
127 27 rgb255=124,179,220
128 27 rgb255=119,173,215
129 27 rgb255=125,180,221
130 27 rgb255=125,181,222
131 27 rgb255=123,179,217
132 27 rgb255=126,174,208
133 27 rgb255=143,184,212
134 27 rgb255=154,193,219
135 27 rgb255=150,183,213
136 27 rgb255=143,189,223
137 27 rgb255=133,189,226
138 27 rgb255=133,189,226
139 27 rgb255=133,188,225
140 27 rgb255=132,187,224
141 27 rgb255=132,187,227
142 27 rgb255=132,187,228
143 27 rgb255=132,187,228
144 27 rgb255=132,187,228
145 27 rgb255=130,185,226
146 27 rgb255=129,184,225
147 27 rgb255=129,184,225
148 27 rgb255=129,184,225
149 27 rgb255=128,183,224
150 27 rgb255=127,182,223
151 27 rgb255=127,182,223
152 27 rgb255=127,182,223
153 27 rgb255=127,182,223
154 27 rgb255=126,181,223
155 27 rgb255=255,255,255
156 27 rgb255=255,255,255
157 27 rgb255=255,255,255
158 27 rgb255=255,255,255
159 27 rgb255=255,255,255
160 27 rgb255=255,255,255
161 27 rgb255=255,255,255
162 27 rgb255=255,255,255
163 27 rgb255=255,255,255
164 27 rgb255=129,137,144
165 27 rgb255=141,146,152
166 27 rgb255=136,139,142
167 27 rgb255=186,186,190
168 27 rgb255=215,220,227
169 27 rgb255=202,216,223
170 27 rgb255=164,188,195
171 27 rgb255=150,178,185
172 27 rgb255=138,162,169
173 27 rgb255=119,146,150
174 27 rgb255=94,122,133
175 27 rgb255=108,137,154
176 27 rgb255=108,139,147
177 27 rgb255=32,52,60
178 27 rgb255=130,138,145
179 27 rgb255=241,239,245
180 27 rgb255=236,235,233
181 27 rgb255=235,236,233
182 27 rgb255=211,211,213
183 27 rgb255=195,194,200
184 27 rgb255=133,134,146
185 27 rgb255=125,128,131
186 27 rgb255=102,107,101
187 27 rgb255=98,104,100
188 27 rgb255=88,92,84
189 27 rgb255=80,82,66
190 27 rgb255=90,93,73
191 27 rgb255=94,97,74
192 27 rgb255=69,73,50
193 27 rgb255=71,73,60
194 27 rgb255=68,70,57
195 27 rgb255=87,89,74
0 26 rgb255=53,38,33
1 26 rgb255=52,40,34
2 26 rgb255=54,44,38
3 26 rgb255=54,46,39
4 26 rgb255=55,46,42
5 26 rgb255=53,43,41
6 26 rgb255=48,39,36
7 26 rgb255=68,59,56
8 26 rgb255=74,65,62
9 26 rgb255=53,41,39
10 26 rgb255=54,45,45
11 26 rgb255=32,35,47
12 26 rgb255=26,45,72
13 26 rgb255=55,90,128
14 26 rgb255=51,97,140
15 26 rgb255=37,84,124
16 26 rgb255=41,76,104
17 26 rgb255=38,56,70
18 26 rgb255=34,37,40
19 26 rgb255=23,19,19
20 26 rgb255=14,11,13
21 26 rgb255=39,38,43
22 26 rgb255=58,59,66
23 26 rgb255=54,59,67
24 26 rgb255=57,61,70
25 26 rgb255=62,60,70
26 26 rgb255=41,41,50
27 26 rgb255=28,33,40
28 26 rgb255=26,34,41
29 26 rgb255=31,38,42
30 26 rgb255=53,47,45
31 26 rgb255=69,59,56
32 26 rgb255=255,255,255
33 26 rgb255=255,255,255
34 26 rgb255=255,255,255
35 26 rgb255=255,255,255
36 26 rgb255=255,255,255
37 26 rgb255=255,255,255
38 26 rgb255=255,255,255
39 26 rgb255=255,255,255
40 26 rgb255=255,255,255
41 26 rgb255=71,48,29
42 26 rgb255=84,53,24
43 26 rgb255=110,73,37
44 26 rgb255=129,82,38
45 26 rgb255=136,88,45
46 26 rgb255=131,84,42
47 26 rgb255=129,84,43
48 26 rgb255=119,77,37
49 26 rgb255=108,70,33
50 26 rgb255=122,82,44
51 26 rgb255=123,81,39
52 26 rgb255=105,65,25
53 26 rgb255=107,72,31
54 26 rgb255=111,77,31
55 26 rgb255=108,74,34
56 26 rgb255=98,65,27
57 26 rgb255=94,62,21
58 26 rgb255=97,63,32
59 26 rgb255=83,56,38
60 26 rgb255=88,58,36
61 26 rgb255=102,68,42
62 26 rgb255=97,69,46
63 26 rgb255=88,54,36
64 26 rgb255=118,74,72
65 26 rgb255=140,96,79
66 26 rgb255=136,97,64
67 26 rgb255=120,80,45
68 26 rgb255=107,68,34
69 26 rgb255=88,54,24
70 26 rgb255=67,39,15
71 26 rgb255=35,10,0
72 26 rgb255=32,13,4
73 26 rgb255=255,255,255
74 26 rgb255=255,255,255
75 26 rgb255=255,255,255
76 26 rgb255=255,255,255
77 26 rgb255=255,255,255
78 26 rgb255=255,255,255
79 26 rgb255=255,255,255
80 26 rgb255=255,255,255
81 26 rgb255=255,255,255
82 26 rgb255=149,175,130
83 26 rgb255=138,143,108
84 26 rgb255=81,70,52
85 26 rgb255=56,40,39
86 26 rgb255=34,26,36
87 26 rgb255=31,23,38
88 26 rgb255=40,23,37
89 26 rgb255=55,32,36
90 26 rgb255=66,37,33
91 26 rgb255=85,45,45
92 26 rgb255=101,58,60
93 26 rgb255=101,62,63
94 26 rgb255=101,65,66
95 26 rgb255=104,71,69
96 26 rgb255=107,83,70
97 26 rgb255=124,111,87
98 26 rgb255=188,181,145
99 26 rgb255=232,221,177
100 26 rgb255=246,226,180
101 26 rgb255=241,211,170
102 26 rgb255=230,191,156
103 26 rgb255=211,161,132
104 26 rgb255=180,121,98
105 26 rgb255=163,97,77
106 26 rgb255=155,90,68
107 26 rgb255=129,76,52
108 26 rgb255=128,92,64
109 26 rgb255=132,111,79
110 26 rgb255=142,141,96
111 26 rgb255=184,210,141
112 26 rgb255=189,220,148
113 26 rgb255=187,217,146
114 26 rgb255=255,255,255
115 26 rgb255=255,255,255
116 26 rgb255=255,255,255
117 26 rgb255=255,255,255
118 26 rgb255=255,255,255
119 26 rgb255=255,255,255
120 26 rgb255=255,255,255
121 26 rgb255=255,255,255
122 26 rgb255=255,255,255
123 26 rgb255=121,185,224
124 26 rgb255=124,181,221
125 26 rgb255=127,181,222
126 26 rgb255=126,182,222
127 26 rgb255=127,183,223
128 26 rgb255=123,180,220
129 26 rgb255=124,180,220
130 26 rgb255=128,186,225
131 26 rgb255=127,186,223
132 26 rgb255=130,182,216
133 26 rgb255=138,181,212
134 26 rgb255=146,181,206
135 26 rgb255=134,155,181
136 26 rgb255=154,193,225
137 26 rgb255=138,193,228
138 26 rgb255=134,191,228
139 26 rgb255=132,189,227
140 26 rgb255=131,189,227
141 26 rgb255=132,187,228
142 26 rgb255=131,186,228
143 26 rgb255=132,186,228
144 26 rgb255=133,186,228
145 26 rgb255=130,185,226
146 26 rgb255=128,184,225
147 26 rgb255=127,183,224
148 26 rgb255=126,182,223
149 26 rgb255=126,182,223
150 26 rgb255=126,181,223
151 26 rgb255=126,181,223
152 26 rgb255=126,181,223
153 26 rgb255=126,181,222
154 26 rgb255=126,180,221
155 26 rgb255=255,255,255
156 26 rgb255=255,255,255
157 26 rgb255=255,255,255
158 26 rgb255=255,255,255
159 26 rgb255=255,255,255
160 26 rgb255=255,255,255
161 26 rgb255=255,255,255
162 26 rgb255=255,255,255
163 26 rgb255=255,255,255
164 26 rgb255=136,144,149
165 26 rgb255=136,149,165
166 26 rgb255=127,148,164
167 26 rgb255=153,172,181
168 26 rgb255=138,160,173
169 26 rgb255=120,141,161
170 26 rgb255=93,115,138
171 26 rgb255=98,118,139
172 26 rgb255=103,120,137
173 26 rgb255=96,116,131
174 26 rgb255=86,108,125
175 26 rgb255=119,143,158
176 26 rgb255=97,119,123
177 26 rgb255=46,59,66
178 26 rgb255=117,122,131
179 26 rgb255=203,206,212
180 26 rgb255=228,231,232
181 26 rgb255=233,236,236
182 26 rgb255=236,240,237
183 26 rgb255=237,240,237
184 26 rgb255=165,170,171
185 26 rgb255=126,125,117
186 26 rgb255=124,132,122
187 26 rgb255=92,102,102
188 26 rgb255=88,87,82
189 26 rgb255=78,76,64
190 26 rgb255=87,86,70
191 26 rgb255=98,99,77
192 26 rgb255=76,77,55
193 26 rgb255=67,69,57
194 26 rgb255=81,83,71
195 26 rgb255=91,93,81
0 25 rgb255=60,49,42
1 25 rgb255=54,44,38
2 25 rgb255=55,46,39
3 25 rgb255=59,51,44
4 25 rgb255=65,56,52
5 25 rgb255=64,56,53
6 25 rgb255=50,45,39
7 25 rgb255=64,61,53
8 25 rgb255=62,62,52
9 25 rgb255=25,24,22
10 25 rgb255=26,21,22
11 25 rgb255=17,18,28
12 25 rgb255=28,56,92
13 25 rgb255=62,108,162
14 25 rgb255=57,107,162
15 25 rgb255=41,88,136
16 25 rgb255=29,59,89
17 25 rgb255=22,35,50
18 25 rgb255=34,33,41
19 25 rgb255=28,23,27
20 25 rgb255=10,10,9
21 25 rgb255=42,39,44
22 25 rgb255=60,59,69
23 25 rgb255=50,57,67
24 25 rgb255=80,88,97
25 25 rgb255=99,96,109
26 25 rgb255=67,65,75
27 25 rgb255=45,46,53
28 25 rgb255=37,41,46
29 25 rgb255=64,68,69
30 25 rgb255=88,83,76
31 25 rgb255=85,78,69
32 25 rgb255=255,255,255
33 25 rgb255=255,255,255
34 25 rgb255=255,255,255
35 25 rgb255=255,255,255
36 25 rgb255=255,255,255
37 25 rgb255=255,255,255
38 25 rgb255=255,255,255
39 25 rgb255=255,255,255
40 25 rgb255=255,255,255
41 25 rgb255=97,69,40
42 25 rgb255=111,75,36
43 25 rgb255=123,85,43
44 25 rgb255=130,84,38
45 25 rgb255=136,88,44
46 25 rgb255=132,83,40
47 25 rgb255=122,74,30
48 25 rgb255=121,74,31
49 25 rgb255=127,83,46
50 25 rgb255=138,94,54
51 25 rgb255=124,79,34
52 25 rgb255=120,79,39
53 25 rgb255=107,71,34
54 25 rgb255=80,50,14
55 25 rgb255=68,43,17
56 25 rgb255=74,41,17
57 25 rgb255=101,51,21
58 25 rgb255=105,56,23
59 25 rgb255=65,37,16
60 25 rgb255=58,36,19
61 25 rgb255=63,37,18
62 25 rgb255=78,51,31
63 25 rgb255=136,93,83
64 25 rgb255=122,68,80
65 25 rgb255=139,86,79
66 25 rgb255=151,106,69
67 25 rgb255=129,87,49
68 25 rgb255=108,68,36
69 25 rgb255=95,59,29
70 25 rgb255=96,63,37
71 25 rgb255=89,61,38
72 25 rgb255=66,47,30
73 25 rgb255=255,255,255
74 25 rgb255=255,255,255
75 25 rgb255=255,255,255
76 25 rgb255=255,255,255
77 25 rgb255=255,255,255
78 25 rgb255=255,255,255
79 25 rgb255=255,255,255
80 25 rgb255=255,255,255
81 25 rgb255=255,255,255
82 25 rgb255=193,223,157
83 25 rgb255=157,166,123
84 25 rgb255=66,53,42
85 25 rgb255=75,50,52
86 25 rgb255=52,35,47
87 25 rgb255=32,22,29
88 25 rgb255=65,38,35
89 25 rgb255=101,54,48
90 25 rgb255=105,54,45
91 25 rgb255=110,55,49
92 25 rgb255=127,72,68
93 25 rgb255=133,81,79
94 25 rgb255=130,81,81
95 25 rgb255=138,89,90
96 25 rgb255=149,100,91
97 25 rgb255=134,89,73
98 25 rgb255=149,105,80
99 25 rgb255=204,157,126
100 25 rgb255=226,174,140
101 25 rgb255=222,166,134
102 25 rgb255=220,160,135
103 25 rgb255=216,151,131
104 25 rgb255=187,119,97
105 25 rgb255=153,81,57
106 25 rgb255=153,79,57
107 25 rgb255=126,61,42
108 25 rgb255=110,56,39
109 25 rgb255=120,71,53
110 25 rgb255=127,95,66
111 25 rgb255=177,190,130
112 25 rgb255=187,222,145
113 25 rgb255=184,215,145
114 25 rgb255=255,255,255
115 25 rgb255=255,255,255
116 25 rgb255=255,255,255
117 25 rgb255=255,255,255
118 25 rgb255=255,255,255
119 25 rgb255=255,255,255
120 25 rgb255=255,255,255
121 25 rgb255=255,255,255
122 25 rgb255=255,255,255
123 25 rgb255=94,152,194
124 25 rgb255=97,153,192
125 25 rgb255=102,157,195
126 25 rgb255=103,163,200
127 25 rgb255=104,166,202
128 25 rgb255=111,171,208
129 25 rgb255=113,169,205
130 25 rgb255=118,173,207
131 25 rgb255=116,177,211
132 25 rgb255=124,180,212
133 25 rgb255=130,176,209
134 25 rgb255=134,175,212
135 25 rgb255=141,179,213
136 25 rgb255=137,183,218
137 25 rgb255=126,184,220
138 25 rgb255=130,187,226
139 25 rgb255=129,188,225
140 25 rgb255=127,187,223
141 25 rgb255=128,187,225
142 25 rgb255=130,188,227
143 25 rgb255=131,186,226
144 25 rgb255=132,185,225
145 25 rgb255=130,185,226
146 25 rgb255=127,184,226
147 25 rgb255=126,183,225
148 25 rgb255=125,182,224
149 25 rgb255=125,182,224
150 25 rgb255=126,183,225
151 25 rgb255=126,183,226
152 25 rgb255=126,182,228
153 25 rgb255=125,182,227
154 25 rgb255=123,182,222
155 25 rgb255=255,255,255
156 25 rgb255=255,255,255
157 25 rgb255=255,255,255
158 25 rgb255=255,255,255
159 25 rgb255=255,255,255
160 25 rgb255=255,255,255
161 25 rgb255=255,255,255
162 25 rgb255=255,255,255
163 25 rgb255=255,255,255
164 25 rgb255=146,154,172
165 25 rgb255=124,138,168
166 25 rgb255=88,109,139
167 25 rgb255=85,105,120
168 25 rgb255=87,110,124
169 25 rgb255=84,103,119
170 25 rgb255=75,90,108
171 25 rgb255=78,92,106
172 25 rgb255=69,85,92
173 25 rgb255=53,72,78
174 25 rgb255=40,61,66
175 25 rgb255=54,80,84
176 25 rgb255=65,89,97
177 25 rgb255=85,94,105
178 25 rgb255=117,118,125
179 25 rgb255=144,145,148
180 25 rgb255=175,178,181
181 25 rgb255=213,217,219
182 25 rgb255=232,236,234
183 25 rgb255=239,244,238
184 25 rgb255=180,184,178
185 25 rgb255=128,121,102
186 25 rgb255=115,118,104
187 25 rgb255=83,92,95
188 25 rgb255=74,71,69
189 25 rgb255=71,68,56
190 25 rgb255=86,85,69
191 25 rgb255=86,85,64
192 25 rgb255=90,90,69
193 25 rgb255=83,85,72
194 25 rgb255=77,79,67
195 25 rgb255=81,83,71
0 24 rgb255=55,46,39
1 24 rgb255=59,50,43
2 24 rgb255=58,49,42
3 24 rgb255=62,53,46
4 24 rgb255=67,59,54
5 24 rgb255=71,64,61
6 24 rgb255=66,63,56
7 24 rgb255=55,56,48
8 24 rgb255=24,27,18
9 24 rgb255=13,17,16
10 24 rgb255=28,24,24
11 24 rgb255=15,17,24
12 24 rgb255=35,72,109
13 24 rgb255=62,119,174
14 24 rgb255=61,117,175
15 24 rgb255=51,100,152
16 24 rgb255=27,59,91
17 24 rgb255=17,31,48
18 24 rgb255=38,38,48
19 24 rgb255=45,42,48
20 24 rgb255=1,2,2
21 24 rgb255=27,24,30
22 24 rgb255=48,44,55
23 24 rgb255=79,86,96
24 24 rgb255=87,95,105
25 24 rgb255=85,83,96
26 24 rgb255=83,81,91
27 24 rgb255=62,61,67
28 24 rgb255=60,60,64
29 24 rgb255=81,81,81
30 24 rgb255=94,89,81
31 24 rgb255=87,80,70
32 24 rgb255=255,255,255
33 24 rgb255=255,255,255
34 24 rgb255=255,255,255
35 24 rgb255=255,255,255
36 24 rgb255=255,255,255
37 24 rgb255=255,255,255
38 24 rgb255=255,255,255
39 24 rgb255=255,255,255
40 24 rgb255=255,255,255
41 24 rgb255=115,82,49
42 24 rgb255=119,76,33
43 24 rgb255=130,90,47
44 24 rgb255=140,97,53
45 24 rgb255=133,88,48
46 24 rgb255=127,81,40
47 24 rgb255=138,90,47
48 24 rgb255=137,89,46
49 24 rgb255=131,86,48
50 24 rgb255=133,89,46
51 24 rgb255=134,91,46
52 24 rgb255=108,70,39
53 24 rgb255=72,39,19
54 24 rgb255=51,26,10
55 24 rgb255=41,22,14
56 24 rgb255=72,31,17
57 24 rgb255=181,102,69
58 24 rgb255=209,127,81
59 24 rgb255=125,76,47
60 24 rgb255=68,40,23
61 24 rgb255=64,38,17
62 24 rgb255=82,53,30
63 24 rgb255=123,77,62
64 24 rgb255=112,56,55
65 24 rgb255=135,81,60
66 24 rgb255=151,103,61
67 24 rgb255=137,95,54
68 24 rgb255=114,76,39
69 24 rgb255=105,69,34
70 24 rgb255=101,66,33
71 24 rgb255=126,92,59
72 24 rgb255=102,74,46
73 24 rgb255=255,255,255
74 24 rgb255=255,255,255
75 24 rgb255=255,255,255
76 24 rgb255=255,255,255
77 24 rgb255=255,255,255
78 24 rgb255=255,255,255
79 24 rgb255=255,255,255
80 24 rgb255=255,255,255
81 24 rgb255=255,255,255
82 24 rgb255=208,238,162
83 24 rgb255=137,146,104
84 24 rgb255=71,55,53
85 24 rgb255=87,56,61
86 24 rgb255=58,33,43
87 24 rgb255=32,21,21
88 24 rgb255=71,37,30
89 24 rgb255=131,67,59
90 24 rgb255=140,74,62
91 24 rgb255=134,76,62
92 24 rgb255=127,70,59
93 24 rgb255=120,66,58
94 24 rgb255=126,75,71
95 24 rgb255=137,86,82
96 24 rgb255=159,101,90
97 24 rgb255=171,109,93
98 24 rgb255=177,113,92
99 24 rgb255=194,128,102
100 24 rgb255=201,135,105
101 24 rgb255=197,132,99
102 24 rgb255=199,134,108
103 24 rgb255=199,133,111
104 24 rgb255=191,126,98
105 24 rgb255=166,99,66
106 24 rgb255=159,85,59
107 24 rgb255=136,68,50
108 24 rgb255=108,49,35
109 24 rgb255=110,48,35
110 24 rgb255=135,84,62
111 24 rgb255=189,191,137
112 24 rgb255=186,224,141
113 24 rgb255=178,214,141
114 24 rgb255=255,255,255
115 24 rgb255=255,255,255
116 24 rgb255=255,255,255
117 24 rgb255=255,255,255
118 24 rgb255=255,255,255
119 24 rgb255=255,255,255
120 24 rgb255=255,255,255
121 24 rgb255=255,255,255
122 24 rgb255=255,255,255
123 24 rgb255=44,122,169
124 24 rgb255=44,121,166
125 24 rgb255=46,123,168
126 24 rgb255=51,124,170
127 24 rgb255=55,124,171
128 24 rgb255=59,128,176
129 24 rgb255=64,129,175
130 24 rgb255=69,132,175
131 24 rgb255=61,133,175
132 24 rgb255=83,148,189
133 24 rgb255=115,166,203
134 24 rgb255=139,174,207
135 24 rgb255=153,189,218
136 24 rgb255=144,181,210
137 24 rgb255=138,179,213
138 24 rgb255=121,170,205
139 24 rgb255=112,164,197
140 24 rgb255=109,160,193
141 24 rgb255=112,165,199
142 24 rgb255=118,171,206
143 24 rgb255=117,171,205
144 24 rgb255=120,175,209
145 24 rgb255=113,167,202
146 24 rgb255=114,167,203
147 24 rgb255=116,168,204
148 24 rgb255=109,162,198
149 24 rgb255=106,158,194
150 24 rgb255=110,163,199
151 24 rgb255=119,171,208
152 24 rgb255=121,172,212
153 24 rgb255=120,172,212
154 24 rgb255=116,174,212
155 24 rgb255=255,255,255
156 24 rgb255=255,255,255
157 24 rgb255=255,255,255
158 24 rgb255=255,255,255
159 24 rgb255=255,255,255
160 24 rgb255=255,255,255
161 24 rgb255=255,255,255
162 24 rgb255=255,255,255
163 24 rgb255=255,255,255
164 24 rgb255=162,172,192
165 24 rgb255=110,125,154
166 24 rgb255=63,77,106
167 24 rgb255=73,82,99
168 24 rgb255=58,71,82
169 24 rgb255=46,57,60
170 24 rgb255=47,55,58
171 24 rgb255=31,42,46
172 24 rgb255=15,33,38
173 24 rgb255=19,40,43
174 24 rgb255=39,63,65
175 24 rgb255=63,93,99
176 24 rgb255=92,125,146
177 24 rgb255=121,133,149
178 24 rgb255=88,86,92
179 24 rgb255=120,119,119
180 24 rgb255=139,142,145
181 24 rgb255=154,158,162
182 24 rgb255=199,203,203
183 24 rgb255=235,240,237
184 24 rgb255=209,209,199
185 24 rgb255=192,177,151
186 24 rgb255=146,137,121
187 24 rgb255=108,110,112
188 24 rgb255=101,97,93
189 24 rgb255=99,97,83
190 24 rgb255=97,96,79
191 24 rgb255=73,72,53
192 24 rgb255=79,79,60
193 24 rgb255=94,96,82
194 24 rgb255=83,85,71
195 24 rgb255=74,76,62
0 23 rgb255=45,36,29
1 23 rgb255=64,55,48
2 23 rgb255=80,71,64
3 23 rgb255=84,75,69
4 23 rgb255=65,57,52
5 23 rgb255=70,64,60
6 23 rgb255=64,61,56
7 23 rgb255=29,29,24
8 23 rgb255=10,12,7
9 23 rgb255=22,24,25
10 23 rgb255=27,22,22
11 23 rgb255=11,16,22
12 23 rgb255=35,80,114
13 23 rgb255=56,125,176
14 23 rgb255=55,121,177
15 23 rgb255=54,112,167
16 23 rgb255=65,112,150
17 23 rgb255=41,67,89
18 23 rgb255=31,38,53
19 23 rgb255=37,39,49
20 23 rgb255=0,0,2
21 23 rgb255=11,9,14
22 23 rgb255=45,42,49
23 23 rgb255=82,87,96
24 23 rgb255=47,55,64
25 23 rgb255=63,63,75
26 23 rgb255=71,69,79
27 23 rgb255=73,72,78
28 23 rgb255=62,61,66
29 23 rgb255=47,45,46
30 23 rgb255=68,62,56
31 23 rgb255=81,73,65
32 23 rgb255=255,255,255
33 23 rgb255=255,255,255
34 23 rgb255=255,255,255
35 23 rgb255=255,255,255
36 23 rgb255=255,255,255
37 23 rgb255=255,255,255
38 23 rgb255=255,255,255
39 23 rgb255=255,255,255
40 23 rgb255=255,255,255
41 23 rgb255=137,100,68
42 23 rgb255=128,82,41
43 23 rgb255=132,91,51
44 23 rgb255=128,87,48
45 23 rgb255=119,81,44
46 23 rgb255=123,82,43
47 23 rgb255=128,85,44
48 23 rgb255=130,85,44
49 23 rgb255=121,80,40
50 23 rgb255=137,97,54
51 23 rgb255=131,94,53
52 23 rgb255=74,42,20
53 23 rgb255=54,25,16
54 23 rgb255=50,29,16
55 23 rgb255=44,29,18
56 23 rgb255=86,39,15
57 23 rgb255=203,106,56
58 23 rgb255=217,109,62
59 23 rgb255=162,90,71
60 23 rgb255=100,58,49
61 23 rgb255=77,42,27
62 23 rgb255=75,43,24
63 23 rgb255=74,39,24
64 23 rgb255=76,35,22
65 23 rgb255=107,67,36
66 23 rgb255=135,96,59
67 23 rgb255=135,97,58
68 23 rgb255=129,91,49
69 23 rgb255=127,89,48
70 23 rgb255=119,83,43
71 23 rgb255=125,86,45
72 23 rgb255=134,95,56
73 23 rgb255=255,255,255
74 23 rgb255=255,255,255
75 23 rgb255=255,255,255
76 23 rgb255=255,255,255
77 23 rgb255=255,255,255
78 23 rgb255=255,255,255
79 23 rgb255=255,255,255
80 23 rgb255=255,255,255
81 23 rgb255=255,255,255
82 23 rgb255=217,244,169
83 23 rgb255=138,142,101
84 23 rgb255=58,38,37
85 23 rgb255=73,41,45
86 23 rgb255=62,34,38
87 23 rgb255=31,17,23
88 23 rgb255=67,33,42
89 23 rgb255=126,62,64
90 23 rgb255=142,77,62
91 23 rgb255=139,80,64
92 23 rgb255=121,63,51
93 23 rgb255=126,71,60
94 23 rgb255=139,87,79
95 23 rgb255=144,93,85
96 23 rgb255=148,90,78
97 23 rgb255=159,98,82
98 23 rgb255=177,114,93
99 23 rgb255=186,121,95
100 23 rgb255=191,125,95
101 23 rgb255=186,118,85
102 23 rgb255=178,107,81
103 23 rgb255=165,94,71
104 23 rgb255=175,105,77
105 23 rgb255=183,111,78
106 23 rgb255=161,85,60
107 23 rgb255=144,76,60
108 23 rgb255=107,47,37
109 23 rgb255=102,41,32
110 23 rgb255=106,54,38
111 23 rgb255=168,162,116
112 23 rgb255=190,223,144
113 23 rgb255=175,212,137
114 23 rgb255=255,255,255
115 23 rgb255=255,255,255
116 23 rgb255=255,255,255
117 23 rgb255=255,255,255
118 23 rgb255=255,255,255
119 23 rgb255=255,255,255
120 23 rgb255=255,255,255
121 23 rgb255=255,255,255
122 23 rgb255=255,255,255
123 23 rgb255=45,133,185
124 23 rgb255=45,132,184
125 23 rgb255=45,132,184
126 23 rgb255=44,131,184
127 23 rgb255=45,131,184
128 23 rgb255=42,131,183
129 23 rgb255=42,130,179
130 23 rgb255=52,130,178
131 23 rgb255=47,127,173
132 23 rgb255=72,138,181
133 23 rgb255=114,160,196
134 23 rgb255=155,184,207
135 23 rgb255=180,202,219
136 23 rgb255=183,205,222
137 23 rgb255=163,190,211
138 23 rgb255=103,157,195
139 23 rgb255=67,138,184
140 23 rgb255=68,141,187
141 23 rgb255=68,141,183
142 23 rgb255=69,142,182
143 23 rgb255=76,145,187
144 23 rgb255=81,147,190
145 23 rgb255=75,140,182
146 23 rgb255=76,141,182
147 23 rgb255=77,141,182
148 23 rgb255=70,135,176
149 23 rgb255=65,130,171
150 23 rgb255=67,132,173
151 23 rgb255=75,140,182
152 23 rgb255=77,141,185
153 23 rgb255=76,140,183
154 23 rgb255=82,143,183
155 23 rgb255=255,255,255
156 23 rgb255=255,255,255
157 23 rgb255=255,255,255
158 23 rgb255=255,255,255
159 23 rgb255=255,255,255
160 23 rgb255=255,255,255
161 23 rgb255=255,255,255
162 23 rgb255=255,255,255
163 23 rgb255=255,255,255
164 23 rgb255=127,137,138
165 23 rgb255=70,90,102
166 23 rgb255=37,52,67
167 23 rgb255=34,39,56
168 23 rgb255=47,54,67
169 23 rgb255=85,91,92
170 23 rgb255=129,132,136
171 23 rgb255=104,111,127
172 23 rgb255=73,90,116
173 23 rgb255=94,114,139
174 23 rgb255=125,149,172
175 23 rgb255=138,168,194
176 23 rgb255=115,151,183
177 23 rgb255=120,131,150
178 23 rgb255=58,55,62
179 23 rgb255=67,70,73
180 23 rgb255=108,112,119
181 23 rgb255=177,180,186
182 23 rgb255=188,191,194
183 23 rgb255=233,237,237
184 23 rgb255=208,203,193
185 23 rgb255=149,121,94
186 23 rgb255=183,160,142
187 23 rgb255=169,164,158
188 23 rgb255=113,110,96
189 23 rgb255=89,87,69
190 23 rgb255=84,82,65
191 23 rgb255=65,63,47
192 23 rgb255=56,55,40
193 23 rgb255=88,91,76
194 23 rgb255=81,84,69
195 23 rgb255=63,66,51
0 22 rgb255=52,43,36
1 22 rgb255=74,65,58
2 22 rgb255=102,93,86
3 22 rgb255=101,92,85
4 22 rgb255=74,66,60
5 22 rgb255=55,49,44
6 22 rgb255=32,29,25
7 22 rgb255=10,9,8
8 22 rgb255=17,17,17
9 22 rgb255=26,27,30
10 22 rgb255=16,10,10
11 22 rgb255=8,15,21
12 22 rgb255=35,85,118
13 22 rgb255=56,132,181
14 22 rgb255=51,123,178
15 22 rgb255=58,124,180
16 22 rgb255=65,126,171
17 22 rgb255=54,97,128
18 22 rgb255=22,43,66
19 22 rgb255=19,31,47
20 22 rgb255=1,4,12
21 22 rgb255=9,7,12
22 22 rgb255=42,40,43
23 22 rgb255=51,54,60
24 22 rgb255=39,45,54
25 22 rgb255=69,71,83
26 22 rgb255=74,74,84
27 22 rgb255=141,139,146
28 22 rgb255=103,100,105
29 22 rgb255=59,54,57
30 22 rgb255=75,68,64
31 22 rgb255=82,74,69
32 22 rgb255=255,255,255
33 22 rgb255=255,255,255
34 22 rgb255=255,255,255
35 22 rgb255=255,255,255
36 22 rgb255=255,255,255
37 22 rgb255=255,255,255
38 22 rgb255=255,255,255
39 22 rgb255=255,255,255
40 22 rgb255=255,255,255
41 22 rgb255=154,120,89
42 22 rgb255=154,112,77
43 22 rgb255=156,114,82
44 22 rgb255=140,100,65
45 22 rgb255=123,89,53
46 22 rgb255=125,86,50
47 22 rgb255=126,86,48
48 22 rgb255=127,91,52
49 22 rgb255=133,97,60
50 22 rgb255=132,97,68
51 22 rgb255=90,60,30
52 22 rgb255=63,35,9
53 22 rgb255=62,33,16
54 22 rgb255=70,39,20
55 22 rgb255=79,50,30
56 22 rgb255=103,53,26
57 22 rgb255=152,70,33
58 22 rgb255=148,64,37
59 22 rgb255=141,79,61
60 22 rgb255=121,75,57
61 22 rgb255=101,58,41
62 22 rgb255=96,54,33
63 22 rgb255=86,48,24
64 22 rgb255=75,38,21
65 22 rgb255=101,63,32
66 22 rgb255=136,91,53
67 22 rgb255=136,92,53
68 22 rgb255=134,93,50
69 22 rgb255=133,93,52
70 22 rgb255=132,93,52
71 22 rgb255=128,86,45
72 22 rgb255=133,92,55
73 22 rgb255=255,255,255
74 22 rgb255=255,255,255
75 22 rgb255=255,255,255
76 22 rgb255=255,255,255
77 22 rgb255=255,255,255
78 22 rgb255=255,255,255
79 22 rgb255=255,255,255
80 22 rgb255=255,255,255
81 22 rgb255=255,255,255
82 22 rgb255=217,239,165
83 22 rgb255=143,139,101
84 22 rgb255=63,38,39
85 22 rgb255=89,56,58
86 22 rgb255=83,54,53
87 22 rgb255=33,20,27
88 22 rgb255=60,30,46
89 22 rgb255=113,54,61
90 22 rgb255=131,67,51
91 22 rgb255=135,74,58
92 22 rgb255=117,58,45
93 22 rgb255=149,92,79
94 22 rgb255=164,111,97
95 22 rgb255=144,92,78
96 22 rgb255=143,85,72
97 22 rgb255=155,94,78
98 22 rgb255=172,108,87
99 22 rgb255=184,119,93
100 22 rgb255=183,116,86
101 22 rgb255=180,107,75
102 22 rgb255=168,93,68
103 22 rgb255=151,75,54
104 22 rgb255=164,90,63
105 22 rgb255=187,111,80
106 22 rgb255=156,80,56
107 22 rgb255=132,65,51
108 22 rgb255=97,40,34
109 22 rgb255=92,36,31
110 22 rgb255=84,34,25
111 22 rgb255=135,124,87
112 22 rgb255=188,219,142
113 22 rgb255=179,217,140
114 22 rgb255=255,255,255
115 22 rgb255=255,255,255
116 22 rgb255=255,255,255
117 22 rgb255=255,255,255
118 22 rgb255=255,255,255
119 22 rgb255=255,255,255
120 22 rgb255=255,255,255
121 22 rgb255=255,255,255
122 22 rgb255=255,255,255
123 22 rgb255=44,126,178
124 22 rgb255=43,124,177
125 22 rgb255=44,125,178
126 22 rgb255=42,125,177
127 22 rgb255=42,125,178
128 22 rgb255=42,126,179
129 22 rgb255=42,126,177
130 22 rgb255=48,127,175
131 22 rgb255=55,126,170
132 22 rgb255=74,136,177
133 22 rgb255=90,145,187
134 22 rgb255=112,158,192
135 22 rgb255=123,168,197
136 22 rgb255=116,166,200
137 22 rgb255=100,155,195
138 22 rgb255=85,145,191
139 22 rgb255=57,135,183
140 22 rgb255=43,133,183
141 22 rgb255=45,133,185
142 22 rgb255=44,131,184
143 22 rgb255=48,133,186
144 22 rgb255=48,133,185
145 22 rgb255=50,133,184
146 22 rgb255=51,132,182
147 22 rgb255=50,131,182
148 22 rgb255=50,130,182
149 22 rgb255=48,128,180
150 22 rgb255=47,127,179
151 22 rgb255=47,128,179
152 22 rgb255=46,127,179
153 22 rgb255=46,126,178
154 22 rgb255=47,127,178
155 22 rgb255=255,255,255
156 22 rgb255=255,255,255
157 22 rgb255=255,255,255
158 22 rgb255=255,255,255
159 22 rgb255=255,255,255
160 22 rgb255=255,255,255
161 22 rgb255=255,255,255
162 22 rgb255=255,255,255
163 22 rgb255=255,255,255
164 22 rgb255=71,75,69
165 22 rgb255=74,98,108
166 22 rgb255=72,93,112
167 22 rgb255=81,87,110
168 22 rgb255=122,129,147
169 22 rgb255=161,167,175
170 22 rgb255=158,159,178
171 22 rgb255=128,134,169
172 22 rgb255=93,111,149
173 22 rgb255=98,119,157
174 22 rgb255=128,152,188
175 22 rgb255=133,164,201
176 22 rgb255=104,138,176
177 22 rgb255=119,125,146
178 22 rgb255=54,52,61
179 22 rgb255=37,48,56
180 22 rgb255=75,82,92
181 22 rgb255=192,194,203
182 22 rgb255=226,229,235
183 22 rgb255=232,237,239
184 22 rgb255=199,187,183
185 22 rgb255=109,66,46
186 22 rgb255=148,112,92
187 22 rgb255=192,183,164
188 22 rgb255=158,156,130
189 22 rgb255=104,104,82
190 22 rgb255=69,68,50
191 22 rgb255=75,73,59
192 22 rgb255=80,79,66
193 22 rgb255=88,91,73
194 22 rgb255=67,70,52
195 22 rgb255=56,59,41
0 21 rgb255=66,57,50
1 21 rgb255=86,77,70
2 21 rgb255=95,86,79
3 21 rgb255=75,67,60
4 21 rgb255=70,62,55
5 21 rgb255=44,38,33
6 21 rgb255=12,8,7
7 21 rgb255=11,10,11
8 21 rgb255=22,22,27
9 21 rgb255=21,21,27
10 21 rgb255=8,3,3
11 21 rgb255=4,11,17
12 21 rgb255=36,83,117
13 21 rgb255=59,131,181
14 21 rgb255=56,126,178
15 21 rgb255=58,128,181
16 21 rgb255=51,124,173
17 21 rgb255=63,126,168
18 21 rgb255=52,99,134
19 21 rgb255=43,70,96
20 21 rgb255=5,11,23
21 21 rgb255=4,4,7
22 21 rgb255=26,24,23
23 21 rgb255=34,35,39
24 21 rgb255=47,52,62
25 21 rgb255=67,73,84
26 21 rgb255=111,114,123
27 21 rgb255=203,201,208
28 21 rgb255=115,109,115
29 21 rgb255=63,55,59
30 21 rgb255=74,66,64
31 21 rgb255=77,69,66
32 21 rgb255=255,255,255
33 21 rgb255=255,255,255
34 21 rgb255=255,255,255
35 21 rgb255=255,255,255
36 21 rgb255=255,255,255
37 21 rgb255=255,255,255
38 21 rgb255=255,255,255
39 21 rgb255=255,255,255
40 21 rgb255=255,255,255
41 21 rgb255=154,122,94
42 21 rgb255=155,117,82
43 21 rgb255=156,117,82
44 21 rgb255=147,108,70
45 21 rgb255=133,100,64
46 21 rgb255=137,100,66
47 21 rgb255=139,102,68
48 21 rgb255=134,102,66
49 21 rgb255=141,111,81
50 21 rgb255=121,87,68
51 21 rgb255=80,40,13
52 21 rgb255=97,53,17
53 21 rgb255=90,45,17
54 21 rgb255=98,56,30
55 21 rgb255=137,91,57
56 21 rgb255=139,84,49
57 21 rgb255=148,87,54
58 21 rgb255=134,73,37
59 21 rgb255=138,82,46
60 21 rgb255=134,85,57
61 21 rgb255=140,92,76
62 21 rgb255=175,129,106
63 21 rgb255=142,99,53
64 21 rgb255=102,61,26
65 21 rgb255=108,67,25
66 21 rgb255=135,90,41
67 21 rgb255=131,87,45
68 21 rgb255=133,91,51
69 21 rgb255=138,97,57
70 21 rgb255=136,95,55
71 21 rgb255=130,86,46
72 21 rgb255=134,93,57
73 21 rgb255=255,255,255
74 21 rgb255=255,255,255
75 21 rgb255=255,255,255
76 21 rgb255=255,255,255
77 21 rgb255=255,255,255
78 21 rgb255=255,255,255
79 21 rgb255=255,255,255
80 21 rgb255=255,255,255
81 21 rgb255=255,255,255
82 21 rgb255=203,220,148
83 21 rgb255=132,120,84
84 21 rgb255=80,48,52
85 21 rgb255=97,62,65
86 21 rgb255=83,55,53
87 21 rgb255=31,24,24
88 21 rgb255=50,31,37
89 21 rgb255=96,47,48
90 21 rgb255=126,68,53
91 21 rgb255=136,75,59
92 21 rgb255=131,69,54
93 21 rgb255=165,107,89
94 21 rgb255=178,123,103
95 21 rgb255=149,95,75
96 21 rgb255=130,71,57
97 21 rgb255=146,85,69
98 21 rgb255=176,112,91
99 21 rgb255=184,119,93
100 21 rgb255=175,108,79
101 21 rgb255=175,101,74
102 21 rgb255=162,87,66
103 21 rgb255=139,63,46
104 21 rgb255=139,64,42
105 21 rgb255=171,97,69
106 21 rgb255=153,82,57
107 21 rgb255=112,52,38
108 21 rgb255=80,32,27
109 21 rgb255=72,27,25
110 21 rgb255=64,22,18
111 21 rgb255=109,97,67
112 21 rgb255=182,212,137
113 21 rgb255=177,216,136
114 21 rgb255=255,255,255
115 21 rgb255=255,255,255
116 21 rgb255=255,255,255
117 21 rgb255=255,255,255
118 21 rgb255=255,255,255
119 21 rgb255=255,255,255
120 21 rgb255=255,255,255
121 21 rgb255=255,255,255
122 21 rgb255=255,255,255
123 21 rgb255=41,122,174
124 21 rgb255=41,122,173
125 21 rgb255=42,124,174
126 21 rgb255=40,122,172
127 21 rgb255=40,121,171
128 21 rgb255=41,123,173
129 21 rgb255=42,123,174
130 21 rgb255=44,124,173
131 21 rgb255=61,126,167
132 21 rgb255=82,138,177
133 21 rgb255=70,133,177
134 21 rgb255=82,140,182
135 21 rgb255=84,142,184
136 21 rgb255=74,136,183
137 21 rgb255=82,139,184
138 21 rgb255=80,140,185
139 21 rgb255=68,137,180
140 21 rgb255=51,130,177
141 21 rgb255=48,127,184
142 21 rgb255=53,127,186
143 21 rgb255=52,127,183
144 21 rgb255=50,130,184
145 21 rgb255=48,129,182
146 21 rgb255=47,130,180
147 21 rgb255=46,128,180
148 21 rgb255=46,127,181
149 21 rgb255=45,126,180
150 21 rgb255=43,125,178
151 21 rgb255=43,125,178
152 21 rgb255=43,126,177
153 21 rgb255=43,126,176
154 21 rgb255=42,125,176
155 21 rgb255=255,255,255
156 21 rgb255=255,255,255
157 21 rgb255=255,255,255
158 21 rgb255=255,255,255
159 21 rgb255=255,255,255
160 21 rgb255=255,255,255
161 21 rgb255=255,255,255
162 21 rgb255=255,255,255
163 21 rgb255=255,255,255
164 21 rgb255=49,46,49
165 21 rgb255=98,122,144
166 21 rgb255=105,129,165
167 21 rgb255=123,132,165
168 21 rgb255=148,158,179
169 21 rgb255=143,151,166
170 21 rgb255=114,115,148
171 21 rgb255=108,113,155
172 21 rgb255=95,112,146
173 21 rgb255=101,123,155
174 21 rgb255=125,151,181
175 21 rgb255=128,160,192
176 21 rgb255=101,131,167
177 21 rgb255=118,122,144
178 21 rgb255=66,67,81
179 21 rgb255=35,55,70
180 21 rgb255=77,88,103
181 21 rgb255=190,193,202
182 21 rgb255=226,229,234
183 21 rgb255=232,235,239
184 21 rgb255=211,195,197
185 21 rgb255=141,92,75
186 21 rgb255=156,115,91
187 21 rgb255=194,183,152
188 21 rgb255=203,200,163
189 21 rgb255=174,172,146
190 21 rgb255=96,95,76
191 21 rgb255=72,70,59
192 21 rgb255=102,101,92
193 21 rgb255=99,102,84
194 21 rgb255=93,96,77
195 21 rgb255=79,82,63
0 20 rgb255=67,58,50
1 20 rgb255=84,75,68
2 20 rgb255=90,81,73
3 20 rgb255=65,56,49
4 20 rgb255=68,60,52
5 20 rgb255=43,37,31
6 20 rgb255=6,3,2
7 20 rgb255=10,8,13
8 20 rgb255=25,24,33
9 20 rgb255=18,19,27
10 20 rgb255=6,2,2
11 20 rgb255=3,7,14
12 20 rgb255=37,77,114
13 20 rgb255=62,123,178
14 20 rgb255=56,118,169
15 20 rgb255=57,126,175
16 20 rgb255=51,132,184
17 20 rgb255=62,144,195
18 20 rgb255=80,153,201
19 20 rgb255=71,114,151
20 20 rgb255=9,15,31
21 20 rgb255=2,1,3
22 20 rgb255=14,12,7
23 20 rgb255=23,22,25
24 20 rgb255=50,53,64
25 20 rgb255=62,70,80
26 20 rgb255=134,138,147
27 20 rgb255=208,206,213
28 20 rgb255=86,79,85
29 20 rgb255=51,40,45
30 20 rgb255=64,55,56
31 20 rgb255=84,75,75
32 20 rgb255=255,255,255
33 20 rgb255=255,255,255
34 20 rgb255=255,255,255
35 20 rgb255=255,255,255
36 20 rgb255=255,255,255
37 20 rgb255=255,255,255
38 20 rgb255=255,255,255
39 20 rgb255=255,255,255
40 20 rgb255=255,255,255
41 20 rgb255=145,114,89
42 20 rgb255=146,109,73
43 20 rgb255=146,109,69
44 20 rgb255=135,97,55
45 20 rgb255=127,92,57
46 20 rgb255=129,94,65
47 20 rgb255=117,84,55
48 20 rgb255=103,74,42
49 20 rgb255=130,103,70
50 20 rgb255=120,83,55
51 20 rgb255=111,60,14
52 20 rgb255=146,86,22
53 20 rgb255=136,78,23
54 20 rgb255=163,116,77
55 20 rgb255=169,115,69
56 20 rgb255=152,100,52
57 20 rgb255=161,116,73
58 20 rgb255=148,97,57
59 20 rgb255=177,121,82
60 20 rgb255=161,110,71
61 20 rgb255=195,150,113
62 20 rgb255=209,167,123
63 20 rgb255=189,146,94
64 20 rgb255=125,78,40
65 20 rgb255=108,63,25
66 20 rgb255=140,96,52
67 20 rgb255=137,95,59
68 20 rgb255=132,93,56
69 20 rgb255=136,95,57
70 20 rgb255=133,90,51
71 20 rgb255=132,87,46
72 20 rgb255=133,92,56
73 20 rgb255=255,255,255
74 20 rgb255=255,255,255
75 20 rgb255=255,255,255
76 20 rgb255=255,255,255
77 20 rgb255=255,255,255
78 20 rgb255=255,255,255
79 20 rgb255=255,255,255
80 20 rgb255=255,255,255
81 20 rgb255=255,255,255
82 20 rgb255=201,214,143
83 20 rgb255=127,107,74
84 20 rgb255=98,60,65
85 20 rgb255=83,46,51
86 20 rgb255=62,37,36
87 20 rgb255=51,55,41
88 20 rgb255=68,66,46
89 20 rgb255=72,38,24
90 20 rgb255=110,60,49
91 20 rgb255=133,72,58
92 20 rgb255=150,87,70
93 20 rgb255=177,117,97
94 20 rgb255=182,126,101
95 20 rgb255=163,109,83
96 20 rgb255=123,65,49
97 20 rgb255=135,74,58
98 20 rgb255=174,110,89
99 20 rgb255=172,107,81
100 20 rgb255=164,97,69
101 20 rgb255=162,91,69
102 20 rgb255=145,73,58
103 20 rgb255=123,50,40
104 20 rgb255=121,49,34
105 20 rgb255=143,73,49
106 20 rgb255=149,86,60
107 20 rgb255=100,50,34
108 20 rgb255=65,28,23
109 20 rgb255=58,26,24
110 20 rgb255=51,20,19
111 20 rgb255=101,95,70
112 20 rgb255=178,210,136
113 20 rgb255=174,211,130
114 20 rgb255=255,255,255
115 20 rgb255=255,255,255
116 20 rgb255=255,255,255
117 20 rgb255=255,255,255
118 20 rgb255=255,255,255
119 20 rgb255=255,255,255
120 20 rgb255=255,255,255
121 20 rgb255=255,255,255
122 20 rgb255=255,255,255
123 20 rgb255=43,124,175
124 20 rgb255=44,125,175
125 20 rgb255=44,126,176
126 20 rgb255=43,125,175
127 20 rgb255=42,124,174
128 20 rgb255=43,125,175
129 20 rgb255=43,126,175
130 20 rgb255=45,126,176
131 20 rgb255=58,125,169
132 20 rgb255=89,140,175
133 20 rgb255=70,137,184
134 20 rgb255=68,135,182
135 20 rgb255=79,144,185
136 20 rgb255=78,142,183
137 20 rgb255=89,147,188
138 20 rgb255=74,138,183
139 20 rgb255=79,142,183
140 20 rgb255=80,143,184
141 20 rgb255=48,126,178
142 20 rgb255=43,126,180
143 20 rgb255=48,129,181
144 20 rgb255=49,130,183
145 20 rgb255=49,131,182
146 20 rgb255=48,130,179
147 20 rgb255=47,129,179
148 20 rgb255=47,127,180
149 20 rgb255=46,127,180
150 20 rgb255=45,126,178
151 20 rgb255=44,125,177
152 20 rgb255=43,124,174
153 20 rgb255=43,124,174
154 20 rgb255=42,124,174
155 20 rgb255=255,255,255
156 20 rgb255=255,255,255
157 20 rgb255=255,255,255
158 20 rgb255=255,255,255
159 20 rgb255=255,255,255
160 20 rgb255=255,255,255
161 20 rgb255=255,255,255
162 20 rgb255=255,255,255
163 20 rgb255=255,255,255
164 20 rgb255=59,58,67
165 20 rgb255=103,121,144
166 20 rgb255=89,113,143
167 20 rgb255=112,131,159
168 20 rgb255=138,154,177
169 20 rgb255=130,143,166
170 20 rgb255=123,132,161
171 20 rgb255=121,130,162
172 20 rgb255=108,122,152
173 20 rgb255=107,127,155
174 20 rgb255=117,146,171
175 20 rgb255=125,160,185
176 20 rgb255=103,132,161
177 20 rgb255=116,124,148
178 20 rgb255=78,86,107
179 20 rgb255=41,66,89
180 20 rgb255=80,97,120
181 20 rgb255=189,199,205
182 20 rgb255=224,230,224
183 20 rgb255=233,232,235
184 20 rgb255=213,198,201
185 20 rgb255=146,103,81
186 20 rgb255=165,127,97
187 20 rgb255=190,176,139
188 20 rgb255=184,173,129
189 20 rgb255=193,183,150
190 20 rgb255=175,169,147
191 20 rgb255=123,122,115
192 20 rgb255=111,113,109
193 20 rgb255=103,106,88
194 20 rgb255=92,93,75
195 20 rgb255=95,95,79
0 19 rgb255=77,68,62
1 19 rgb255=79,71,64
2 19 rgb255=71,62,56
3 19 rgb255=53,45,38
4 19 rgb255=74,67,58
5 19 rgb255=38,32,27
6 19 rgb255=2,0,0
7 19 rgb255=6,5,10
8 19 rgb255=25,25,35
9 19 rgb255=29,31,39
10 19 rgb255=15,11,11
11 19 rgb255=8,8,17
12 19 rgb255=39,69,107
13 19 rgb255=67,116,173
14 19 rgb255=55,105,155
15 19 rgb255=71,134,178
16 19 rgb255=57,142,192
17 19 rgb255=55,148,204
18 19 rgb255=73,160,218
19 19 rgb255=68,122,166
20 19 rgb255=13,23,40
21 19 rgb255=0,3,6
22 19 rgb255=16,14,10
23 19 rgb255=26,25,26
24 19 rgb255=25,28,37
25 19 rgb255=37,47,54
26 19 rgb255=133,138,146
27 19 rgb255=215,213,220
28 19 rgb255=110,101,108
29 19 rgb255=46,33,38
30 19 rgb255=68,58,59
31 19 rgb255=104,95,95
32 19 rgb255=255,255,255
33 19 rgb255=255,255,255
34 19 rgb255=255,255,255
35 19 rgb255=255,255,255
36 19 rgb255=255,255,255
37 19 rgb255=255,255,255
38 19 rgb255=255,255,255
39 19 rgb255=255,255,255
40 19 rgb255=255,255,255
41 19 rgb255=142,115,86
42 19 rgb255=141,106,69
43 19 rgb255=140,105,68
44 19 rgb255=144,105,64
45 19 rgb255=147,110,74
46 19 rgb255=121,89,65
47 19 rgb255=84,56,34
48 19 rgb255=88,61,33
49 19 rgb255=109,80,44
50 19 rgb255=101,57,23
51 19 rgb255=138,79,19
52 19 rgb255=213,150,59
53 19 rgb255=178,123,41
54 19 rgb255=191,150,98
55 19 rgb255=211,169,122
56 19 rgb255=189,148,99
57 19 rgb255=205,164,110
58 19 rgb255=207,162,115
59 19 rgb255=213,164,118
60 19 rgb255=191,143,91
61 19 rgb255=199,158,97
62 19 rgb255=188,151,88
63 19 rgb255=161,121,76
64 19 rgb255=130,83,50
65 19 rgb255=124,77,38
66 19 rgb255=131,87,51
67 19 rgb255=130,91,61
68 19 rgb255=131,93,60
69 19 rgb255=134,93,57
70 19 rgb255=135,91,52
71 19 rgb255=136,89,48
72 19 rgb255=133,91,56
73 19 rgb255=255,255,255
74 19 rgb255=255,255,255
75 19 rgb255=255,255,255
76 19 rgb255=255,255,255
77 19 rgb255=255,255,255
78 19 rgb255=255,255,255
79 19 rgb255=255,255,255
80 19 rgb255=255,255,255
81 19 rgb255=255,255,255
82 19 rgb255=205,214,145
83 19 rgb255=132,108,78
84 19 rgb255=92,51,58
85 19 rgb255=69,33,39
86 19 rgb255=53,32,31
87 19 rgb255=111,124,94
88 19 rgb255=154,166,119
89 19 rgb255=94,75,45
90 19 rgb255=90,48,40
91 19 rgb255=135,75,63
92 19 rgb255=165,100,82
93 19 rgb255=171,111,89
94 19 rgb255=170,113,85
95 19 rgb255=161,106,78
96 19 rgb255=116,58,43
97 19 rgb255=123,62,47
98 19 rgb255=155,92,71
99 19 rgb255=155,90,64
100 19 rgb255=154,88,61
101 19 rgb255=143,76,59
102 19 rgb255=127,58,50
103 19 rgb255=120,51,47
104 19 rgb255=122,54,45
105 19 rgb255=119,54,35
106 19 rgb255=144,89,63
107 19 rgb255=100,60,43
108 19 rgb255=52,26,21
109 19 rgb255=45,24,23
110 19 rgb255=41,21,22
111 19 rgb255=104,105,82
112 19 rgb255=175,211,136
113 19 rgb255=175,212,129
114 19 rgb255=255,255,255
115 19 rgb255=255,255,255
116 19 rgb255=255,255,255
117 19 rgb255=255,255,255
118 19 rgb255=255,255,255
119 19 rgb255=255,255,255
120 19 rgb255=255,255,255
121 19 rgb255=255,255,255
122 19 rgb255=255,255,255
123 19 rgb255=43,124,176
124 19 rgb255=43,124,174
125 19 rgb255=43,125,175
126 19 rgb255=42,124,174
127 19 rgb255=42,124,174
128 19 rgb255=42,124,174
129 19 rgb255=42,123,173
130 19 rgb255=42,124,174
131 19 rgb255=50,121,167
132 19 rgb255=85,128,155
133 19 rgb255=69,129,170
134 19 rgb255=73,136,182
135 19 rgb255=102,158,191
136 19 rgb255=111,161,193
137 19 rgb255=142,181,213
138 19 rgb255=175,203,223
139 19 rgb255=186,211,225
140 19 rgb255=189,209,225
141 19 rgb255=128,173,201
142 19 rgb255=64,136,181
143 19 rgb255=46,130,182
144 19 rgb255=49,130,182
145 19 rgb255=50,132,183
146 19 rgb255=45,127,178
147 19 rgb255=44,126,178
148 19 rgb255=45,127,180
149 19 rgb255=45,126,179
150 19 rgb255=44,125,179
151 19 rgb255=44,125,178
152 19 rgb255=41,123,174
153 19 rgb255=41,123,174
154 19 rgb255=42,124,174
155 19 rgb255=255,255,255
156 19 rgb255=255,255,255
157 19 rgb255=255,255,255
158 19 rgb255=255,255,255
159 19 rgb255=255,255,255
160 19 rgb255=255,255,255
161 19 rgb255=255,255,255
162 19 rgb255=255,255,255
163 19 rgb255=255,255,255
164 19 rgb255=84,88,100
165 19 rgb255=104,123,146
166 19 rgb255=81,105,132
167 19 rgb255=89,117,147
168 19 rgb255=118,147,179
169 19 rgb255=113,139,172
170 19 rgb255=114,137,171
171 19 rgb255=105,125,159
172 19 rgb255=100,121,154
173 19 rgb255=104,131,162
174 19 rgb255=113,149,178
175 19 rgb255=135,174,199
176 19 rgb255=125,151,169
177 19 rgb255=124,133,152
178 19 rgb255=72,81,103
179 19 rgb255=42,64,91
180 19 rgb255=89,106,129
181 19 rgb255=191,202,205
182 19 rgb255=222,229,220
183 19 rgb255=230,229,232
184 19 rgb255=215,203,204
185 19 rgb255=145,106,83
186 19 rgb255=153,116,84
187 19 rgb255=191,174,137
188 19 rgb255=191,175,131
189 19 rgb255=179,162,127
190 19 rgb255=184,172,145
191 19 rgb255=185,179,161
192 19 rgb255=146,144,130
193 19 rgb255=102,102,85
194 19 rgb255=80,79,64
195 19 rgb255=86,84,72
0 18 rgb255=81,71,70
1 18 rgb255=62,55,52
2 18 rgb255=50,45,42
3 18 rgb255=48,44,41
4 18 rgb255=64,59,57
5 18 rgb255=25,22,22
6 18 rgb255=2,1,2
7 18 rgb255=2,3,5
8 18 rgb255=17,20,23
9 18 rgb255=37,37,41
10 18 rgb255=21,18,23
11 18 rgb255=2,5,19
12 18 rgb255=35,54,86
13 18 rgb255=61,93,137
14 18 rgb255=38,66,110
15 18 rgb255=63,100,140
16 18 rgb255=63,132,175
17 18 rgb255=64,152,201
18 18 rgb255=74,160,217
19 18 rgb255=67,125,168
20 18 rgb255=16,37,52
21 18 rgb255=6,18,28
22 18 rgb255=22,25,29
23 18 rgb255=42,44,41
24 18 rgb255=34,40,34
25 18 rgb255=46,55,52
26 18 rgb255=148,151,155
27 18 rgb255=219,215,222
28 18 rgb255=139,127,134
29 18 rgb255=70,56,57
30 18 rgb255=99,86,82
31 18 rgb255=123,111,108
32 18 rgb255=255,255,255
33 18 rgb255=255,255,255
34 18 rgb255=255,255,255
35 18 rgb255=255,255,255
36 18 rgb255=255,255,255
37 18 rgb255=255,255,255
38 18 rgb255=255,255,255
39 18 rgb255=255,255,255
40 18 rgb255=255,255,255
41 18 rgb255=158,131,98
42 18 rgb255=154,119,82
43 18 rgb255=142,107,74
44 18 rgb255=143,102,65
45 18 rgb255=132,92,59
46 18 rgb255=90,59,36
47 18 rgb255=72,44,22
48 18 rgb255=81,52,24
49 18 rgb255=84,47,19
50 18 rgb255=107,55,25
51 18 rgb255=165,106,50
52 18 rgb255=229,176,92
53 18 rgb255=183,137,57
54 18 rgb255=191,158,103
55 18 rgb255=239,216,176
56 18 rgb255=219,192,149
57 18 rgb255=228,188,128
58 18 rgb255=225,188,120
59 18 rgb255=214,177,112
60 18 rgb255=216,174,112
61 18 rgb255=210,171,110
62 18 rgb255=200,169,109
63 18 rgb255=189,162,114
64 18 rgb255=174,137,100
65 18 rgb255=161,118,76
66 18 rgb255=139,95,57
67 18 rgb255=134,96,66
68 18 rgb255=126,90,59
69 18 rgb255=131,92,56
70 18 rgb255=142,98,60
71 18 rgb255=136,89,48
72 18 rgb255=138,97,61
73 18 rgb255=255,255,255
74 18 rgb255=255,255,255
75 18 rgb255=255,255,255
76 18 rgb255=255,255,255
77 18 rgb255=255,255,255
78 18 rgb255=255,255,255
79 18 rgb255=255,255,255
80 18 rgb255=255,255,255
81 18 rgb255=255,255,255
82 18 rgb255=212,213,155
83 18 rgb255=156,129,113
84 18 rgb255=81,48,55
85 18 rgb255=52,33,29
86 18 rgb255=78,75,51
87 18 rgb255=169,188,136
88 18 rgb255=209,229,162
89 18 rgb255=173,176,123
90 18 rgb255=101,87,56
91 18 rgb255=121,71,51
92 18 rgb255=155,89,74
93 18 rgb255=147,80,68
94 18 rgb255=141,75,61
95 18 rgb255=140,79,63
96 18 rgb255=103,51,44
97 18 rgb255=104,52,42
98 18 rgb255=140,83,64
99 18 rgb255=147,83,61
100 18 rgb255=144,79,57
101 18 rgb255=127,63,47
102 18 rgb255=121,54,46
103 18 rgb255=125,57,54
104 18 rgb255=117,52,49
105 18 rgb255=100,44,33
106 18 rgb255=124,83,62
107 18 rgb255=91,63,55
108 18 rgb255=43,26,32
109 18 rgb255=37,24,30
110 18 rgb255=27,17,18
111 18 rgb255=107,118,89
112 18 rgb255=185,222,144
113 18 rgb255=182,221,135
114 18 rgb255=255,255,255
115 18 rgb255=255,255,255
116 18 rgb255=255,255,255
117 18 rgb255=255,255,255
118 18 rgb255=255,255,255
119 18 rgb255=255,255,255
120 18 rgb255=255,255,255
121 18 rgb255=255,255,255
122 18 rgb255=255,255,255
123 18 rgb255=38,121,171
124 18 rgb255=40,121,171
125 18 rgb255=42,122,173
126 18 rgb255=41,121,172
127 18 rgb255=41,121,172
128 18 rgb255=41,122,173
129 18 rgb255=41,121,172
130 18 rgb255=40,123,173
131 18 rgb255=47,125,167
132 18 rgb255=90,128,143
133 18 rgb255=121,145,162
134 18 rgb255=168,196,222
135 18 rgb255=190,210,226
136 18 rgb255=188,209,228
137 18 rgb255=194,211,231
138 18 rgb255=223,232,236
139 18 rgb255=225,230,233
140 18 rgb255=221,226,236
141 18 rgb255=193,212,224
142 18 rgb255=114,164,198
143 18 rgb255=43,129,182
144 18 rgb255=45,128,179
145 18 rgb255=46,127,177
146 18 rgb255=49,128,180
147 18 rgb255=48,129,182
148 18 rgb255=47,130,183
149 18 rgb255=47,129,181
150 18 rgb255=47,126,177
151 18 rgb255=44,124,174
152 18 rgb255=43,123,174
153 18 rgb255=42,123,173
154 18 rgb255=42,123,174
155 18 rgb255=255,255,255
156 18 rgb255=255,255,255
157 18 rgb255=255,255,255
158 18 rgb255=255,255,255
159 18 rgb255=255,255,255
160 18 rgb255=255,255,255
161 18 rgb255=255,255,255
162 18 rgb255=255,255,255
163 18 rgb255=255,255,255
164 18 rgb255=83,89,103
165 18 rgb255=99,118,142
166 18 rgb255=71,92,119
167 18 rgb255=88,114,141
168 18 rgb255=105,133,161
169 18 rgb255=99,125,154
170 18 rgb255=89,111,141
171 18 rgb255=94,112,141
172 18 rgb255=107,123,148
173 18 rgb255=128,148,172
174 18 rgb255=142,167,189
175 18 rgb255=163,190,208
176 18 rgb255=160,178,184
177 18 rgb255=151,158,165
178 18 rgb255=106,112,129
179 18 rgb255=65,78,104
180 18 rgb255=89,101,119
181 18 rgb255=188,198,199
182 18 rgb255=220,227,221
183 18 rgb255=227,229,230
184 18 rgb255=216,208,207
185 18 rgb255=161,124,100
186 18 rgb255=159,121,90
187 18 rgb255=188,169,133
188 18 rgb255=203,184,140
189 18 rgb255=197,176,139
190 18 rgb255=181,163,129
191 18 rgb255=180,167,133
192 18 rgb255=194,185,154
193 18 rgb255=162,157,137
194 18 rgb255=86,81,67
195 18 rgb255=65,61,52
0 17 rgb255=72,62,62
1 17 rgb255=63,55,55
2 17 rgb255=48,44,42
3 17 rgb255=44,42,40
4 17 rgb255=34,31,31
5 17 rgb255=9,6,7
6 17 rgb255=6,5,6
7 17 rgb255=3,5,5
8 17 rgb255=7,11,10
9 17 rgb255=31,32,33
10 17 rgb255=24,24,30
11 17 rgb255=12,17,30
12 17 rgb255=23,34,57
13 17 rgb255=28,46,76
14 17 rgb255=8,24,56
15 17 rgb255=14,38,70
16 17 rgb255=30,77,114
17 17 rgb255=68,135,178
18 17 rgb255=85,163,214
19 17 rgb255=78,142,185
20 17 rgb255=23,55,76
21 17 rgb255=18,30,44
22 17 rgb255=36,37,44
23 17 rgb255=55,61,62
24 17 rgb255=57,70,67
25 17 rgb255=52,60,55
26 17 rgb255=120,123,125
27 17 rgb255=170,166,176
28 17 rgb255=126,117,125
29 17 rgb255=103,91,92
30 17 rgb255=105,90,85
31 17 rgb255=101,85,82
32 17 rgb255=255,255,255
33 17 rgb255=255,255,255
34 17 rgb255=255,255,255
35 17 rgb255=255,255,255
36 17 rgb255=255,255,255
37 17 rgb255=255,255,255
38 17 rgb255=255,255,255
39 17 rgb255=255,255,255
40 17 rgb255=255,255,255
41 17 rgb255=145,115,79
42 17 rgb255=149,109,66
43 17 rgb255=147,108,68
44 17 rgb255=147,105,65
45 17 rgb255=136,95,62
46 17 rgb255=80,47,21
47 17 rgb255=89,57,32
48 17 rgb255=105,68,40
49 17 rgb255=96,51,26
50 17 rgb255=129,81,45
51 17 rgb255=192,152,113
52 17 rgb255=185,148,107
53 17 rgb255=145,101,51
54 17 rgb255=203,162,121
55 17 rgb255=223,200,170
56 17 rgb255=242,227,196
57 17 rgb255=244,227,186
58 17 rgb255=238,220,165
59 17 rgb255=241,219,163
60 17 rgb255=227,197,144
61 17 rgb255=225,191,139
62 17 rgb255=235,209,157
63 17 rgb255=219,206,164
64 17 rgb255=224,208,181
65 17 rgb255=215,192,156
66 17 rgb255=156,118,78
67 17 rgb255=128,89,57
68 17 rgb255=129,95,62
69 17 rgb255=131,95,60
70 17 rgb255=133,97,60
71 17 rgb255=128,89,50
72 17 rgb255=130,92,56
73 17 rgb255=255,255,255
74 17 rgb255=255,255,255
75 17 rgb255=255,255,255
76 17 rgb255=255,255,255
77 17 rgb255=255,255,255
78 17 rgb255=255,255,255
79 17 rgb255=255,255,255
80 17 rgb255=255,255,255
81 17 rgb255=255,255,255
82 17 rgb255=202,199,150
83 17 rgb255=158,136,127
84 17 rgb255=74,57,55
85 17 rgb255=78,79,58
86 17 rgb255=150,166,114
87 17 rgb255=205,227,156
88 17 rgb255=215,238,161
89 17 rgb255=216,236,165
90 17 rgb255=169,180,123
91 17 rgb255=109,79,46
92 17 rgb255=107,54,40
93 17 rgb255=108,47,44
94 17 rgb255=105,43,42
95 17 rgb255=105,49,45
96 17 rgb255=85,40,37
97 17 rgb255=103,57,45
98 17 rgb255=144,92,70
99 17 rgb255=138,78,57
100 17 rgb255=125,63,45
101 17 rgb255=114,57,45
102 17 rgb255=117,57,49
103 17 rgb255=114,53,48
104 17 rgb255=99,44,40
105 17 rgb255=89,46,36
106 17 rgb255=83,56,41
107 17 rgb255=53,36,35
108 17 rgb255=30,23,30
109 17 rgb255=28,22,29
110 17 rgb255=20,17,19
111 17 rgb255=121,138,104
112 17 rgb255=197,233,154
113 17 rgb255=179,221,133
114 17 rgb255=255,255,255
115 17 rgb255=255,255,255
116 17 rgb255=255,255,255
117 17 rgb255=255,255,255
118 17 rgb255=255,255,255
119 17 rgb255=255,255,255
120 17 rgb255=255,255,255
121 17 rgb255=255,255,255
122 17 rgb255=255,255,255
123 17 rgb255=37,118,169
124 17 rgb255=39,119,170
125 17 rgb255=41,121,172
126 17 rgb255=41,121,172
127 17 rgb255=40,120,171
128 17 rgb255=39,119,170
129 17 rgb255=40,119,171
130 17 rgb255=39,121,170
131 17 rgb255=50,127,175
132 17 rgb255=93,141,175
133 17 rgb255=122,155,177
134 17 rgb255=161,185,207
135 17 rgb255=172,200,218
136 17 rgb255=185,210,226
137 17 rgb255=157,190,214
138 17 rgb255=141,171,198
139 17 rgb255=130,152,172
140 17 rgb255=140,176,205
141 17 rgb255=142,173,206
142 17 rgb255=109,154,193
143 17 rgb255=55,131,180
144 17 rgb255=47,129,180
145 17 rgb255=46,129,181
146 17 rgb255=46,129,181
147 17 rgb255=46,128,177
148 17 rgb255=43,127,175
149 17 rgb255=43,126,174
150 17 rgb255=41,122,169
151 17 rgb255=39,120,167
152 17 rgb255=43,123,168
153 17 rgb255=43,123,168
154 17 rgb255=42,122,172
155 17 rgb255=255,255,255
156 17 rgb255=255,255,255
157 17 rgb255=255,255,255
158 17 rgb255=255,255,255
159 17 rgb255=255,255,255
160 17 rgb255=255,255,255
161 17 rgb255=255,255,255
162 17 rgb255=255,255,255
163 17 rgb255=255,255,255
164 17 rgb255=83,85,97
165 17 rgb255=103,116,136
166 17 rgb255=86,100,119
167 17 rgb255=117,129,142
168 17 rgb255=157,167,177
169 17 rgb255=169,175,186
170 17 rgb255=172,176,188
171 17 rgb255=161,162,172
172 17 rgb255=153,152,157
173 17 rgb255=162,163,167
174 17 rgb255=201,204,207
175 17 rgb255=230,235,236
176 17 rgb255=232,240,239
177 17 rgb255=220,224,223
178 17 rgb255=180,183,190
179 17 rgb255=145,150,168
180 17 rgb255=159,168,176
181 17 rgb255=206,215,213
182 17 rgb255=224,231,227
183 17 rgb255=225,230,230
184 17 rgb255=215,211,207
185 17 rgb255=169,135,110
186 17 rgb255=165,127,96
187 17 rgb255=190,168,133
188 17 rgb255=208,186,142
189 17 rgb255=195,176,135
190 17 rgb255=200,183,141
191 17 rgb255=188,173,131
192 17 rgb255=183,169,130
193 17 rgb255=189,178,151
194 17 rgb255=166,158,137
195 17 rgb255=86,83,69
0 16 rgb255=69,58,57
1 16 rgb255=59,51,49
2 16 rgb255=28,23,20
3 16 rgb255=16,13,10
4 16 rgb255=10,6,5
5 16 rgb255=14,10,10
6 16 rgb255=30,27,27
7 16 rgb255=12,12,11
8 16 rgb255=4,7,5
9 16 rgb255=22,25,25
10 16 rgb255=23,26,29
11 16 rgb255=24,28,35
12 16 rgb255=11,18,29
13 16 rgb255=8,15,31
14 16 rgb255=6,18,36
15 16 rgb255=4,22,43
16 16 rgb255=9,30,60
17 16 rgb255=37,74,113
18 16 rgb255=74,141,185
19 16 rgb255=86,158,202
20 16 rgb255=41,84,119
21 16 rgb255=17,29,45
22 16 rgb255=32,29,34
23 16 rgb255=72,82,95
24 16 rgb255=106,128,141
25 16 rgb255=53,65,65
26 16 rgb255=41,47,53
27 16 rgb255=67,68,81
28 16 rgb255=80,78,88
29 16 rgb255=98,91,94
30 16 rgb255=99,83,81
31 16 rgb255=91,73,70
32 16 rgb255=255,255,255
33 16 rgb255=255,255,255
34 16 rgb255=255,255,255
35 16 rgb255=255,255,255
36 16 rgb255=255,255,255
37 16 rgb255=255,255,255
38 16 rgb255=255,255,255
39 16 rgb255=255,255,255
40 16 rgb255=255,255,255
41 16 rgb255=148,116,79
42 16 rgb255=146,100,54
43 16 rgb255=145,100,55
44 16 rgb255=147,100,51
45 16 rgb255=133,96,54
46 16 rgb255=63,42,21
47 16 rgb255=66,43,31
48 16 rgb255=88,50,34
49 16 rgb255=113,65,37
50 16 rgb255=182,146,110
51 16 rgb255=220,191,169
52 16 rgb255=138,94,71
53 16 rgb255=162,105,63
54 16 rgb255=206,156,112
55 16 rgb255=196,166,135
56 16 rgb255=247,234,212
57 16 rgb255=255,253,232
58 16 rgb255=255,252,219
59 16 rgb255=245,234,197
60 16 rgb255=236,217,180
61 16 rgb255=230,208,170
62 16 rgb255=215,196,160
63 16 rgb255=231,217,197
64 16 rgb255=250,241,229
65 16 rgb255=241,229,195
66 16 rgb255=158,132,78
67 16 rgb255=125,95,49
68 16 rgb255=126,97,58
69 16 rgb255=124,92,52
70 16 rgb255=125,91,49
71 16 rgb255=126,88,46
72 16 rgb255=124,88,54
73 16 rgb255=255,255,255
74 16 rgb255=255,255,255
75 16 rgb255=255,255,255
76 16 rgb255=255,255,255
77 16 rgb255=255,255,255
78 16 rgb255=255,255,255
79 16 rgb255=255,255,255
80 16 rgb255=255,255,255
81 16 rgb255=255,255,255
82 16 rgb255=174,180,126
83 16 rgb255=100,91,68
84 16 rgb255=95,92,70
85 16 rgb255=181,194,152
86 16 rgb255=215,236,172
87 16 rgb255=216,240,163
88 16 rgb255=209,233,152
89 16 rgb255=203,227,149
90 16 rgb255=213,231,164
91 16 rgb255=138,130,88
92 16 rgb255=70,43,22
93 16 rgb255=76,37,33
94 16 rgb255=71,30,30
95 16 rgb255=69,29,26
96 16 rgb255=84,37,27
97 16 rgb255=132,82,64
98 16 rgb255=144,93,69
99 16 rgb255=126,72,50
100 16 rgb255=108,55,43
101 16 rgb255=92,48,50
102 16 rgb255=94,48,50
103 16 rgb255=99,53,48
104 16 rgb255=86,49,33
105 16 rgb255=91,65,43
106 16 rgb255=54,37,24
107 16 rgb255=29,23,17
108 16 rgb255=49,53,39
109 16 rgb255=23,25,18
110 16 rgb255=16,17,21
111 16 rgb255=123,139,110
112 16 rgb255=183,216,141
113 16 rgb255=171,212,126
114 16 rgb255=255,255,255
115 16 rgb255=255,255,255
116 16 rgb255=255,255,255
117 16 rgb255=255,255,255
118 16 rgb255=255,255,255
119 16 rgb255=255,255,255
120 16 rgb255=255,255,255
121 16 rgb255=255,255,255
122 16 rgb255=255,255,255
123 16 rgb255=40,118,170
124 16 rgb255=39,118,169
125 16 rgb255=39,119,170
126 16 rgb255=38,118,169
127 16 rgb255=37,117,168
128 16 rgb255=36,116,167
129 16 rgb255=37,117,168
130 16 rgb255=37,118,167
131 16 rgb255=51,125,175
132 16 rgb255=64,131,180
133 16 rgb255=53,126,175
134 16 rgb255=80,136,178
135 16 rgb255=95,154,191
136 16 rgb255=93,151,190
137 16 rgb255=77,136,181
138 16 rgb255=72,108,139
139 16 rgb255=76,91,107
140 16 rgb255=156,182,205
141 16 rgb255=135,155,180
142 16 rgb255=144,169,191
143 16 rgb255=111,162,193
144 16 rgb255=53,131,176
145 16 rgb255=56,130,176
146 16 rgb255=71,136,180
147 16 rgb255=84,143,180
148 16 rgb255=91,149,183
149 16 rgb255=92,152,186
150 16 rgb255=85,146,181
151 16 rgb255=76,136,172
152 16 rgb255=61,128,169
153 16 rgb255=40,121,173
154 16 rgb255=40,121,173
155 16 rgb255=255,255,255
156 16 rgb255=255,255,255
157 16 rgb255=255,255,255
158 16 rgb255=255,255,255
159 16 rgb255=255,255,255
160 16 rgb255=255,255,255
161 16 rgb255=255,255,255
162 16 rgb255=255,255,255
163 16 rgb255=255,255,255
164 16 rgb255=146,142,148
165 16 rgb255=180,184,195
166 16 rgb255=154,157,168
167 16 rgb255=181,183,186
168 16 rgb255=219,220,221
169 16 rgb255=243,241,243
170 16 rgb255=246,240,244
171 16 rgb255=233,227,228
172 16 rgb255=226,222,218
173 16 rgb255=227,224,219
174 16 rgb255=239,235,230
175 16 rgb255=251,247,244
176 16 rgb255=254,253,253
177 16 rgb255=237,238,233
178 16 rgb255=171,172,169
179 16 rgb255=195,194,199
180 16 rgb255=227,232,231
181 16 rgb255=222,230,226
182 16 rgb255=223,231,229
183 16 rgb255=220,228,226
184 16 rgb255=214,214,208
185 16 rgb255=172,140,114
186 16 rgb255=164,127,95
187 16 rgb255=188,163,129
188 16 rgb255=210,190,144
189 16 rgb255=196,184,136
190 16 rgb255=200,188,143
191 16 rgb255=181,168,126
192 16 rgb255=185,171,131
193 16 rgb255=186,172,135
194 16 rgb255=187,178,147
195 16 rgb255=146,144,122
0 15 rgb255=73,60,58
1 15 rgb255=53,43,40
2 15 rgb255=35,29,24
3 15 rgb255=32,27,23
4 15 rgb255=24,17,16
5 15 rgb255=47,40,39
6 15 rgb255=51,46,45
7 15 rgb255=16,14,12
8 15 rgb255=12,14,11
9 15 rgb255=18,22,20
10 15 rgb255=13,17,17
11 15 rgb255=23,24,26
12 15 rgb255=18,18,21
13 15 rgb255=13,11,15
14 15 rgb255=11,17,22
15 15 rgb255=8,18,27
16 15 rgb255=22,22,42
17 15 rgb255=20,33,64
18 15 rgb255=38,92,129
19 15 rgb255=77,151,196
20 15 rgb255=65,121,166
21 15 rgb255=18,38,59
22 15 rgb255=20,22,32
23 15 rgb255=71,91,118
24 15 rgb255=137,170,201
25 15 rgb255=83,102,112
26 15 rgb255=10,21,35
27 15 rgb255=26,32,50
28 15 rgb255=59,61,72
29 15 rgb255=80,77,80
30 15 rgb255=106,90,88
31 15 rgb255=110,95,87
32 15 rgb255=255,255,255
33 15 rgb255=255,255,255
34 15 rgb255=255,255,255
35 15 rgb255=255,255,255
36 15 rgb255=255,255,255
37 15 rgb255=255,255,255
38 15 rgb255=255,255,255
39 15 rgb255=255,255,255
40 15 rgb255=255,255,255
41 15 rgb255=149,115,79
42 15 rgb255=143,95,49
43 15 rgb255=144,97,51
44 15 rgb255=151,99,51
45 15 rgb255=132,87,49
46 15 rgb255=64,40,21
47 15 rgb255=84,59,41
48 15 rgb255=112,69,37
49 15 rgb255=163,121,75
50 15 rgb255=223,204,166
51 15 rgb255=206,182,157
52 15 rgb255=145,90,56
53 15 rgb255=196,133,84
54 15 rgb255=204,157,110
55 15 rgb255=220,188,156
56 15 rgb255=243,226,208
57 15 rgb255=245,237,226
58 15 rgb255=239,233,215
59 15 rgb255=234,224,201
60 15 rgb255=231,217,192
61 15 rgb255=195,181,152
62 15 rgb255=150,137,100
63 15 rgb255=208,193,154
64 15 rgb255=250,241,216
65 15 rgb255=227,216,173
66 15 rgb255=163,142,78
67 15 rgb255=145,127,60
68 15 rgb255=143,129,62
69 15 rgb255=140,123,55
70 15 rgb255=136,116,46
71 15 rgb255=121,95,30
72 15 rgb255=114,82,40
73 15 rgb255=255,255,255
74 15 rgb255=255,255,255
75 15 rgb255=255,255,255
76 15 rgb255=255,255,255
77 15 rgb255=255,255,255
78 15 rgb255=255,255,255
79 15 rgb255=255,255,255
80 15 rgb255=255,255,255
81 15 rgb255=255,255,255
82 15 rgb255=198,215,154
83 15 rgb255=96,103,62
84 15 rgb255=143,155,109
85 15 rgb255=217,241,176
86 15 rgb255=214,240,164
87 15 rgb255=210,237,155
88 15 rgb255=203,230,147
89 15 rgb255=203,230,148
90 15 rgb255=219,243,168
91 15 rgb255=168,175,125
92 15 rgb255=58,49,23
93 15 rgb255=62,38,32
94 15 rgb255=48,19,23
95 15 rgb255=54,23,25
96 15 rgb255=117,69,60
97 15 rgb255=164,115,98
98 15 rgb255=149,104,86
99 15 rgb255=115,71,60
100 15 rgb255=84,45,45
101 15 rgb255=61,35,48
102 15 rgb255=64,38,45
103 15 rgb255=67,42,32
104 15 rgb255=79,66,35
105 15 rgb255=145,140,101
106 15 rgb255=68,63,47
107 15 rgb255=28,32,21
108 15 rgb255=128,144,107
109 15 rgb255=66,78,50
110 15 rgb255=10,15,19
111 15 rgb255=96,111,89
112 15 rgb255=178,209,140
113 15 rgb255=172,210,129
114 15 rgb255=255,255,255
115 15 rgb255=255,255,255
116 15 rgb255=255,255,255
117 15 rgb255=255,255,255
118 15 rgb255=255,255,255
119 15 rgb255=255,255,255
120 15 rgb255=255,255,255
121 15 rgb255=255,255,255
122 15 rgb255=255,255,255
123 15 rgb255=43,117,169
124 15 rgb255=41,117,168
125 15 rgb255=47,121,173
126 15 rgb255=43,120,171
127 15 rgb255=36,116,167
128 15 rgb255=35,115,166
129 15 rgb255=36,116,166
130 15 rgb255=36,116,168
131 15 rgb255=52,125,172
132 15 rgb255=57,129,176
133 15 rgb255=34,118,173
134 15 rgb255=59,129,176
135 15 rgb255=93,146,180
136 15 rgb255=90,142,180
137 15 rgb255=89,128,160
138 15 rgb255=81,107,125
139 15 rgb255=76,90,105
140 15 rgb255=152,165,180
141 15 rgb255=111,126,141
142 15 rgb255=107,125,137
143 15 rgb255=164,190,209
144 15 rgb255=131,171,201
145 15 rgb255=153,183,206
146 15 rgb255=182,202,219
147 15 rgb255=191,207,218
148 15 rgb255=199,214,224
149 15 rgb255=203,218,228
150 15 rgb255=200,216,226
151 15 rgb255=196,209,219
152 15 rgb255=163,185,203
153 15 rgb255=63,125,171
154 15 rgb255=38,117,168
155 15 rgb255=255,255,255
156 15 rgb255=255,255,255
157 15 rgb255=255,255,255
158 15 rgb255=255,255,255
159 15 rgb255=255,255,255
160 15 rgb255=255,255,255
161 15 rgb255=255,255,255
162 15 rgb255=255,255,255
163 15 rgb255=255,255,255
164 15 rgb255=197,188,188
165 15 rgb255=240,237,242
166 15 rgb255=231,228,230
167 15 rgb255=242,243,244
168 15 rgb255=240,243,244
169 15 rgb255=242,244,245
170 15 rgb255=248,247,250
171 15 rgb255=251,251,252
172 15 rgb255=250,253,252
173 15 rgb255=252,253,252
174 15 rgb255=250,251,250
175 15 rgb255=247,246,246
176 15 rgb255=251,248,248
177 15 rgb255=230,231,224
178 15 rgb255=206,208,199
179 15 rgb255=215,214,210
180 15 rgb255=218,221,216
181 15 rgb255=217,223,220
182 15 rgb255=217,224,224
183 15 rgb255=216,225,223
184 15 rgb255=212,213,207
185 15 rgb255=169,141,115
186 15 rgb255=162,125,94
187 15 rgb255=182,154,120
188 15 rgb255=207,188,140
189 15 rgb255=198,188,137
190 15 rgb255=202,188,145
191 15 rgb255=168,149,116
192 15 rgb255=137,116,87
193 15 rgb255=196,176,136
194 15 rgb255=186,173,134
195 15 rgb255=156,152,123
0 14 rgb255=77,62,58
1 14 rgb255=78,66,61
2 14 rgb255=73,64,58
3 14 rgb255=76,69,62
4 14 rgb255=74,65,62
5 14 rgb255=68,59,57
6 14 rgb255=40,34,31
7 14 rgb255=20,17,13
8 14 rgb255=36,35,31
9 14 rgb255=43,43,39
10 14 rgb255=20,19,17
11 14 rgb255=40,36,35
12 14 rgb255=57,51,51
13 14 rgb255=33,23,24
14 14 rgb255=13,11,12
15 14 rgb255=16,16,18
16 14 rgb255=36,27,38
17 14 rgb255=25,30,53
18 14 rgb255=23,65,100
19 14 rgb255=59,128,176
20 14 rgb255=71,137,188
21 14 rgb255=42,81,111
22 14 rgb255=9,31,53
23 14 rgb255=27,59,98
24 14 rgb255=55,96,140
25 14 rgb255=48,77,100
26 14 rgb255=16,35,58
27 14 rgb255=40,51,72
28 14 rgb255=65,67,76
29 14 rgb255=70,66,64
30 14 rgb255=101,92,84
31 14 rgb255=107,100,80
32 14 rgb255=255,255,255
33 14 rgb255=255,255,255
34 14 rgb255=255,255,255
35 14 rgb255=255,255,255
36 14 rgb255=255,255,255
37 14 rgb255=255,255,255
38 14 rgb255=255,255,255
39 14 rgb255=255,255,255
40 14 rgb255=255,255,255
41 14 rgb255=147,111,76
42 14 rgb255=134,88,47
43 14 rgb255=140,99,61
44 14 rgb255=148,103,66
45 14 rgb255=135,89,60
46 14 rgb255=100,64,38
47 14 rgb255=108,73,43
48 14 rgb255=144,104,66
49 14 rgb255=210,181,140
50 14 rgb255=248,243,212
51 14 rgb255=175,147,115
52 14 rgb255=175,119,73
53 14 rgb255=220,176,129
54 14 rgb255=226,197,164
55 14 rgb255=230,207,179
56 14 rgb255=233,218,196
57 14 rgb255=224,212,195
58 14 rgb255=201,186,166
59 14 rgb255=184,163,138
60 14 rgb255=181,158,128
61 14 rgb255=190,171,136
62 14 rgb255=170,157,105
63 14 rgb255=179,167,105
64 14 rgb255=231,218,181
65 14 rgb255=223,206,161
66 14 rgb255=162,133,71
67 14 rgb255=146,116,43
68 14 rgb255=140,115,34
69 14 rgb255=139,116,33
70 14 rgb255=145,123,38
71 14 rgb255=142,119,35
72 14 rgb255=128,102,41
73 14 rgb255=255,255,255
74 14 rgb255=255,255,255
75 14 rgb255=255,255,255
76 14 rgb255=255,255,255
77 14 rgb255=255,255,255
78 14 rgb255=255,255,255
79 14 rgb255=255,255,255
80 14 rgb255=255,255,255
81 14 rgb255=255,255,255
82 14 rgb255=214,240,172
83 14 rgb255=196,216,158
84 14 rgb255=202,225,160
85 14 rgb255=212,243,163
86 14 rgb255=214,243,160
87 14 rgb255=212,240,159
88 14 rgb255=212,239,160
89 14 rgb255=211,238,157
90 14 rgb255=215,241,161
91 14 rgb255=194,206,149
92 14 rgb255=96,90,60
93 14 rgb255=68,45,39
94 14 rgb255=47,16,25
95 14 rgb255=57,24,34
96 14 rgb255=111,73,68
97 14 rgb255=116,80,67
98 14 rgb255=94,64,52
99 14 rgb255=70,43,40
100 14 rgb255=49,28,34
101 14 rgb255=35,29,37
102 14 rgb255=37,32,28
103 14 rgb255=49,46,23
104 14 rgb255=122,131,84
105 14 rgb255=199,213,156
106 14 rgb255=88,93,68
107 14 rgb255=18,27,18
108 14 rgb255=139,160,113
109 14 rgb255=143,160,112
110 14 rgb255=28,35,31
111 14 rgb255=48,59,45
112 14 rgb255=160,188,126
113 14 rgb255=184,220,143
114 14 rgb255=255,255,255
115 14 rgb255=255,255,255
116 14 rgb255=255,255,255
117 14 rgb255=255,255,255
118 14 rgb255=255,255,255
119 14 rgb255=255,255,255
120 14 rgb255=255,255,255
121 14 rgb255=255,255,255
122 14 rgb255=255,255,255
123 14 rgb255=49,122,173
124 14 rgb255=50,124,170
125 14 rgb255=65,133,180
126 14 rgb255=55,129,179
127 14 rgb255=34,115,166
128 14 rgb255=36,115,166
129 14 rgb255=35,115,166
130 14 rgb255=35,115,168
131 14 rgb255=58,128,174
132 14 rgb255=57,129,177
133 14 rgb255=38,117,171
134 14 rgb255=89,143,180
135 14 rgb255=135,169,196
136 14 rgb255=117,152,180
137 14 rgb255=102,129,150
138 14 rgb255=84,105,122
139 14 rgb255=59,76,93
140 14 rgb255=88,102,117
141 14 rgb255=132,154,174
142 14 rgb255=139,161,178
143 14 rgb255=181,202,219
144 14 rgb255=193,213,230
145 14 rgb255=214,225,235
146 14 rgb255=230,235,242
147 14 rgb255=232,236,240
148 14 rgb255=242,244,246
149 14 rgb255=244,247,248
150 14 rgb255=238,241,243
151 14 rgb255=222,229,233
152 14 rgb255=157,180,193
153 14 rgb255=60,120,163
154 14 rgb255=39,115,166
155 14 rgb255=255,255,255
156 14 rgb255=255,255,255
157 14 rgb255=255,255,255
158 14 rgb255=255,255,255
159 14 rgb255=255,255,255
160 14 rgb255=255,255,255
161 14 rgb255=255,255,255
162 14 rgb255=255,255,255
163 14 rgb255=255,255,255
164 14 rgb255=206,199,199
165 14 rgb255=252,245,249
166 14 rgb255=251,247,246
167 14 rgb255=251,251,249
168 14 rgb255=249,250,249
169 14 rgb255=250,251,250
170 14 rgb255=252,252,251
171 14 rgb255=250,251,250
172 14 rgb255=248,248,248
173 14 rgb255=248,247,247
174 14 rgb255=249,249,249
175 14 rgb255=243,246,244
176 14 rgb255=249,249,246
177 14 rgb255=229,232,226
178 14 rgb255=218,224,217
179 14 rgb255=214,221,215
180 14 rgb255=215,219,219
181 14 rgb255=215,219,221
182 14 rgb255=214,219,221
183 14 rgb255=216,221,222
184 14 rgb255=212,210,208
185 14 rgb255=166,145,120
186 14 rgb255=161,125,93
187 14 rgb255=182,150,114
188 14 rgb255=208,186,137
189 14 rgb255=205,184,140
190 14 rgb255=210,181,147
191 14 rgb255=179,141,119
192 14 rgb255=136,93,78
193 14 rgb255=175,142,113
194 14 rgb255=203,181,141
195 14 rgb255=166,154,122
0 13 rgb255=77,60,54
1 13 rgb255=80,67,60
2 13 rgb255=74,64,56
3 13 rgb255=83,75,66
4 13 rgb255=95,84,80
5 13 rgb255=80,70,67
6 13 rgb255=55,47,42
7 13 rgb255=17,13,8
8 13 rgb255=58,56,50
9 13 rgb255=95,89,84
10 13 rgb255=68,57,55
11 13 rgb255=96,85,84
12 13 rgb255=124,114,115
13 13 rgb255=80,68,73
14 13 rgb255=21,12,16
15 13 rgb255=20,11,12
16 13 rgb255=32,26,28
17 13 rgb255=15,25,40
18 13 rgb255=26,59,96
19 13 rgb255=60,118,170
20 13 rgb255=57,131,181
21 13 rgb255=61,127,167
22 13 rgb255=31,84,122
23 13 rgb255=11,53,100
24 13 rgb255=7,45,95
25 13 rgb255=9,45,83
26 13 rgb255=36,66,100
27 13 rgb255=37,52,76
28 13 rgb255=69,70,74
29 13 rgb255=117,110,101
30 13 rgb255=117,115,100
31 13 rgb255=97,101,66
32 13 rgb255=255,255,255
33 13 rgb255=255,255,255
34 13 rgb255=255,255,255
35 13 rgb255=255,255,255
36 13 rgb255=255,255,255
37 13 rgb255=255,255,255
38 13 rgb255=255,255,255
39 13 rgb255=255,255,255
40 13 rgb255=255,255,255
41 13 rgb255=152,114,80
42 13 rgb255=117,75,37
43 13 rgb255=114,80,48
44 13 rgb255=123,90,57
45 13 rgb255=126,91,56
46 13 rgb255=122,83,48
47 13 rgb255=93,58,32
48 13 rgb255=179,154,138
49 13 rgb255=238,226,212
50 13 rgb255=248,243,229
51 13 rgb255=170,134,104
52 13 rgb255=185,132,88
53 13 rgb255=241,214,177
54 13 rgb255=230,218,195
55 13 rgb255=187,169,142
56 13 rgb255=180,160,131
57 13 rgb255=166,146,115
58 13 rgb255=146,119,85
59 13 rgb255=149,116,79
60 13 rgb255=157,124,83
61 13 rgb255=184,157,110
62 13 rgb255=216,195,141
63 13 rgb255=212,198,152
64 13 rgb255=236,221,197
65 13 rgb255=236,212,176
66 13 rgb255=166,125,63
67 13 rgb255=136,85,16
68 13 rgb255=134,81,13
69 13 rgb255=130,83,13
70 13 rgb255=127,86,16
71 13 rgb255=137,105,27
72 13 rgb255=151,128,54
73 13 rgb255=255,255,255
74 13 rgb255=255,255,255
75 13 rgb255=255,255,255
76 13 rgb255=255,255,255
77 13 rgb255=255,255,255
78 13 rgb255=255,255,255
79 13 rgb255=255,255,255
80 13 rgb255=255,255,255
81 13 rgb255=255,255,255
82 13 rgb255=203,233,159
83 13 rgb255=207,234,166
84 13 rgb255=205,234,161
85 13 rgb255=211,242,160
86 13 rgb255=215,245,162
87 13 rgb255=208,236,160
88 13 rgb255=207,235,162
89 13 rgb255=207,235,159
90 13 rgb255=205,233,153
91 13 rgb255=210,229,162
92 13 rgb255=173,173,133
93 13 rgb255=85,66,55
94 13 rgb255=58,29,37
95 13 rgb255=58,29,40
96 13 rgb255=92,75,62
97 13 rgb255=112,102,77
98 13 rgb255=82,76,52
99 13 rgb255=63,59,43
100 13 rgb255=53,54,44
101 13 rgb255=44,57,40
102 13 rgb255=66,78,51
103 13 rgb255=121,135,93
104 13 rgb255=178,203,144
105 13 rgb255=200,229,158
106 13 rgb255=114,126,86
107 13 rgb255=16,25,23
108 13 rgb255=103,124,80
109 13 rgb255=180,199,134
110 13 rgb255=67,74,56
111 13 rgb255=16,24,17
112 13 rgb255=132,156,101
113 13 rgb255=191,224,152
114 13 rgb255=255,255,255
115 13 rgb255=255,255,255
116 13 rgb255=255,255,255
117 13 rgb255=255,255,255
118 13 rgb255=255,255,255
119 13 rgb255=255,255,255
120 13 rgb255=255,255,255
121 13 rgb255=255,255,255
122 13 rgb255=255,255,255
123 13 rgb255=60,133,183
124 13 rgb255=63,136,182
125 13 rgb255=47,121,165
126 13 rgb255=37,115,164
127 13 rgb255=31,112,163
128 13 rgb255=34,114,165
129 13 rgb255=35,115,166
130 13 rgb255=35,114,166
131 13 rgb255=60,126,171
132 13 rgb255=57,124,170
133 13 rgb255=88,145,186
134 13 rgb255=151,182,204
135 13 rgb255=149,175,200
136 13 rgb255=120,156,180
137 13 rgb255=99,125,144
138 13 rgb255=74,92,107
139 13 rgb255=71,90,108
140 13 rgb255=135,153,169
141 13 rgb255=187,210,234
142 13 rgb255=199,220,241
143 13 rgb255=193,213,235
144 13 rgb255=195,214,235
145 13 rgb255=214,224,236
146 13 rgb255=230,236,242
147 13 rgb255=238,243,247
148 13 rgb255=237,239,242
149 13 rgb255=209,212,214
150 13 rgb255=147,160,167
151 13 rgb255=95,135,154
152 13 rgb255=54,119,151
153 13 rgb255=39,113,162
154 13 rgb255=41,117,167
155 13 rgb255=255,255,255
156 13 rgb255=255,255,255
157 13 rgb255=255,255,255
158 13 rgb255=255,255,255
159 13 rgb255=255,255,255
160 13 rgb255=255,255,255
161 13 rgb255=255,255,255
162 13 rgb255=255,255,255
163 13 rgb255=255,255,255
164 13 rgb255=219,214,217
165 13 rgb255=251,248,254
166 13 rgb255=241,241,243
167 13 rgb255=240,240,239
168 13 rgb255=233,233,233
169 13 rgb255=222,221,222
170 13 rgb255=216,216,216
171 13 rgb255=209,209,211
172 13 rgb255=205,205,209
173 13 rgb255=200,200,204
174 13 rgb255=195,195,198
175 13 rgb255=185,185,188
176 13 rgb255=175,174,175
177 13 rgb255=171,172,173
178 13 rgb255=184,190,188
179 13 rgb255=197,205,204
180 13 rgb255=213,218,224
181 13 rgb255=221,224,230
182 13 rgb255=218,222,224
183 13 rgb255=218,223,220
184 13 rgb255=214,210,204
185 13 rgb255=179,158,128
186 13 rgb255=160,123,87
187 13 rgb255=174,141,102
188 13 rgb255=206,184,131
189 13 rgb255=206,184,137
190 13 rgb255=208,178,140
191 13 rgb255=193,154,126
192 13 rgb255=167,123,101
193 13 rgb255=166,132,102
194 13 rgb255=202,179,137
195 13 rgb255=181,167,133
0 12 rgb255=76,58,52
1 12 rgb255=71,57,50
2 12 rgb255=67,56,47
3 12 rgb255=73,64,55
4 12 rgb255=68,57,51
5 12 rgb255=85,74,70
6 12 rgb255=90,82,77
7 12 rgb255=34,28,23
8 12 rgb255=63,59,54
9 12 rgb255=131,121,115
10 12 rgb255=106,90,87
11 12 rgb255=107,93,93
12 12 rgb255=119,105,110
13 12 rgb255=94,82,91
14 12 rgb255=46,30,38
15 12 rgb255=24,9,10
16 12 rgb255=22,21,19
17 12 rgb255=6,23,34
18 12 rgb255=33,64,102
19 12 rgb255=67,117,169
20 12 rgb255=63,139,188
21 12 rgb255=50,135,183
22 12 rgb255=62,142,192
23 12 rgb255=66,128,179
24 12 rgb255=61,111,161
25 12 rgb255=69,120,165
26 12 rgb255=69,107,143
27 12 rgb255=37,53,74
28 12 rgb255=119,116,116
29 12 rgb255=152,142,127
30 12 rgb255=113,116,93
31 12 rgb255=88,101,53
32 12 rgb255=255,255,255
33 12 rgb255=255,255,255
34 12 rgb255=255,255,255
35 12 rgb255=255,255,255
36 12 rgb255=255,255,255
37 12 rgb255=255,255,255
38 12 rgb255=255,255,255
39 12 rgb255=255,255,255
40 12 rgb255=255,255,255
41 12 rgb255=145,105,72
42 12 rgb255=127,82,41
43 12 rgb255=128,90,51
44 12 rgb255=133,92,53
45 12 rgb255=132,89,49
46 12 rgb255=135,95,51
47 12 rgb255=171,145,110
48 12 rgb255=237,227,205
49 12 rgb255=252,247,235
50 12 rgb255=229,213,194
51 12 rgb255=173,136,100
52 12 rgb255=169,121,73
53 12 rgb255=220,182,138
54 12 rgb255=194,169,135
55 12 rgb255=123,89,55
56 12 rgb255=135,98,60
57 12 rgb255=127,91,48
58 12 rgb255=151,114,63
59 12 rgb255=165,127,74
60 12 rgb255=132,99,50
61 12 rgb255=151,126,79
62 12 rgb255=202,183,142
63 12 rgb255=240,228,203
64 12 rgb255=240,225,210
65 12 rgb255=222,196,169
66 12 rgb255=156,117,64
67 12 rgb255=119,76,12
68 12 rgb255=120,75,16
69 12 rgb255=112,66,14
70 12 rgb255=100,65,15
71 12 rgb255=99,74,19
72 12 rgb255=140,121,54
73 12 rgb255=255,255,255
74 12 rgb255=255,255,255
75 12 rgb255=255,255,255
76 12 rgb255=255,255,255
77 12 rgb255=255,255,255
78 12 rgb255=255,255,255
79 12 rgb255=255,255,255
80 12 rgb255=255,255,255
81 12 rgb255=255,255,255
82 12 rgb255=199,229,153
83 12 rgb255=201,231,159
84 12 rgb255=201,230,156
85 12 rgb255=209,237,159
86 12 rgb255=211,241,161
87 12 rgb255=207,236,164
88 12 rgb255=206,234,168
89 12 rgb255=201,230,160
90 12 rgb255=200,232,151
91 12 rgb255=201,234,155
92 12 rgb255=202,219,165
93 12 rgb255=94,90,69
94 12 rgb255=43,25,28
95 12 rgb255=44,29,33
96 12 rgb255=121,130,95
97 12 rgb255=199,216,165
98 12 rgb255=174,193,140
99 12 rgb255=152,171,124
100 12 rgb255=139,160,119
101 12 rgb255=135,161,115
102 12 rgb255=162,186,135
103 12 rgb255=192,216,157
104 12 rgb255=186,220,152
105 12 rgb255=183,220,139
106 12 rgb255=142,157,104
107 12 rgb255=20,27,34
108 12 rgb255=69,86,53
109 12 rgb255=191,209,132
110 12 rgb255=119,124,92
111 12 rgb255=18,24,19
112 12 rgb255=123,145,95
113 12 rgb255=188,219,150
114 12 rgb255=255,255,255
115 12 rgb255=255,255,255
116 12 rgb255=255,255,255
117 12 rgb255=255,255,255
118 12 rgb255=255,255,255
119 12 rgb255=255,255,255
120 12 rgb255=255,255,255
121 12 rgb255=255,255,255
122 12 rgb255=255,255,255
123 12 rgb255=46,119,169
124 12 rgb255=43,114,167
125 12 rgb255=37,114,166
126 12 rgb255=36,116,167
127 12 rgb255=37,116,167
128 12 rgb255=37,116,167
129 12 rgb255=36,116,166
130 12 rgb255=38,115,166
131 12 rgb255=63,127,170
132 12 rgb255=96,147,181
133 12 rgb255=187,210,229
134 12 rgb255=172,199,221
135 12 rgb255=155,184,205
136 12 rgb255=137,163,184
137 12 rgb255=93,113,129
138 12 rgb255=120,136,149
139 12 rgb255=175,196,215
140 12 rgb255=192,214,232
141 12 rgb255=201,218,239
142 12 rgb255=208,219,236
143 12 rgb255=216,227,243
144 12 rgb255=224,233,247
145 12 rgb255=230,235,243
146 12 rgb255=211,216,222
147 12 rgb255=168,176,183
148 12 rgb255=107,119,127
149 12 rgb255=48,58,68
150 12 rgb255=31,62,84
151 12 rgb255=49,120,160
152 12 rgb255=39,115,165
153 12 rgb255=37,114,162
154 12 rgb255=39,115,163
155 12 rgb255=255,255,255
156 12 rgb255=255,255,255
157 12 rgb255=255,255,255
158 12 rgb255=255,255,255
159 12 rgb255=255,255,255
160 12 rgb255=255,255,255
161 12 rgb255=255,255,255
162 12 rgb255=255,255,255
163 12 rgb255=255,255,255
164 12 rgb255=139,136,144
165 12 rgb255=136,141,156
166 12 rgb255=119,124,133
167 12 rgb255=107,109,113
168 12 rgb255=109,108,113
169 12 rgb255=102,101,107
170 12 rgb255=79,78,84
171 12 rgb255=76,76,83
172 12 rgb255=94,97,105
173 12 rgb255=111,117,124
174 12 rgb255=118,120,128
175 12 rgb255=107,102,112
176 12 rgb255=69,65,71
177 12 rgb255=55,53,59
178 12 rgb255=84,86,90
179 12 rgb255=87,91,95
180 12 rgb255=101,104,114
181 12 rgb255=134,137,144
182 12 rgb255=162,166,168
183 12 rgb255=195,200,195
184 12 rgb255=213,207,196
185 12 rgb255=192,166,133
186 12 rgb255=177,138,101
187 12 rgb255=177,144,105
188 12 rgb255=201,181,127
189 12 rgb255=204,185,133
190 12 rgb255=209,185,138
191 12 rgb255=216,186,146
192 12 rgb255=201,168,133
193 12 rgb255=196,167,130
194 12 rgb255=205,185,137
195 12 rgb255=199,185,147
0 11 rgb255=74,60,59
1 11 rgb255=68,56,52
2 11 rgb255=69,58,51
3 11 rgb255=76,66,57
4 11 rgb255=62,54,44
5 11 rgb255=81,73,64
6 11 rgb255=93,86,80
7 11 rgb255=53,46,43
8 11 rgb255=37,30,30
9 11 rgb255=101,94,92
10 11 rgb255=105,97,93
11 11 rgb255=94,84,82
12 11 rgb255=92,79,79
13 11 rgb255=97,81,84
14 11 rgb255=79,62,66
15 11 rgb255=38,22,26
16 11 rgb255=30,24,25
17 11 rgb255=20,31,41
18 11 rgb255=51,85,112
19 11 rgb255=58,108,150
20 11 rgb255=62,127,177
21 11 rgb255=57,137,186
22 11 rgb255=56,139,185
23 11 rgb255=74,143,186
24 11 rgb255=85,138,177
25 11 rgb255=78,120,150
26 11 rgb255=37,63,79
27 11 rgb255=48,57,56
28 11 rgb255=126,123,112
29 11 rgb255=129,123,105
30 11 rgb255=93,101,64
31 11 rgb255=89,103,44
32 11 rgb255=255,255,255
33 11 rgb255=255,255,255
34 11 rgb255=255,255,255
35 11 rgb255=255,255,255
36 11 rgb255=255,255,255
37 11 rgb255=255,255,255
38 11 rgb255=255,255,255
39 11 rgb255=255,255,255
40 11 rgb255=255,255,255
41 11 rgb255=143,104,66
42 11 rgb255=127,80,38
43 11 rgb255=129,86,49
44 11 rgb255=129,85,46
45 11 rgb255=130,86,45
46 11 rgb255=140,102,59
47 11 rgb255=219,196,161
48 11 rgb255=244,232,210
49 11 rgb255=210,199,186
50 11 rgb255=193,173,151
51 11 rgb255=166,129,92
52 11 rgb255=153,104,55
53 11 rgb255=191,146,96
54 11 rgb255=179,145,105
55 11 rgb255=128,86,47
56 11 rgb255=147,102,58
57 11 rgb255=149,106,59
58 11 rgb255=172,131,78
59 11 rgb255=147,108,54
60 11 rgb255=128,94,45
61 11 rgb255=141,113,67
62 11 rgb255=173,150,112
63 11 rgb255=202,183,160
64 11 rgb255=190,171,147
65 11 rgb255=198,175,146
66 11 rgb255=152,124,86
67 11 rgb255=100,72,26
68 11 rgb255=109,81,34
69 11 rgb255=119,88,43
70 11 rgb255=121,92,50
71 11 rgb255=108,82,36
72 11 rgb255=136,119,50
73 11 rgb255=255,255,255
74 11 rgb255=255,255,255
75 11 rgb255=255,255,255
76 11 rgb255=255,255,255
77 11 rgb255=255,255,255
78 11 rgb255=255,255,255
79 11 rgb255=255,255,255
80 11 rgb255=255,255,255
81 11 rgb255=255,255,255
82 11 rgb255=200,229,154
83 11 rgb255=197,226,154
84 11 rgb255=201,230,157
85 11 rgb255=207,235,159
86 11 rgb255=199,231,154
87 11 rgb255=198,230,158
88 11 rgb255=198,230,162
89 11 rgb255=195,226,155
90 11 rgb255=200,234,156
91 11 rgb255=195,236,156
92 11 rgb255=204,235,168
93 11 rgb255=106,116,85
94 11 rgb255=19,14,15
95 11 rgb255=34,29,29
96 11 rgb255=143,165,112
97 11 rgb255=214,248,177
98 11 rgb255=207,242,171
99 11 rgb255=210,243,171
100 11 rgb255=205,234,165
101 11 rgb255=193,226,158
102 11 rgb255=191,223,154
103 11 rgb255=194,225,154
104 11 rgb255=187,224,150
105 11 rgb255=190,227,146
106 11 rgb255=162,178,123
107 11 rgb255=33,41,42
108 11 rgb255=75,91,64
109 11 rgb255=201,222,147
110 11 rgb255=166,178,129
111 11 rgb255=35,43,29
112 11 rgb255=121,140,95
113 11 rgb255=197,226,154
114 11 rgb255=255,255,255
115 11 rgb255=255,255,255
116 11 rgb255=255,255,255
117 11 rgb255=255,255,255
118 11 rgb255=255,255,255
119 11 rgb255=255,255,255
120 11 rgb255=255,255,255
121 11 rgb255=255,255,255
122 11 rgb255=255,255,255
123 11 rgb255=40,116,166
124 11 rgb255=39,113,164
125 11 rgb255=41,117,165
126 11 rgb255=42,120,167
127 11 rgb255=41,117,167
128 11 rgb255=37,117,169
129 11 rgb255=42,118,170
130 11 rgb255=41,114,167
131 11 rgb255=86,139,176
132 11 rgb255=177,201,215
133 11 rgb255=215,226,235
134 11 rgb255=177,196,217
135 11 rgb255=178,200,218
136 11 rgb255=172,191,208
137 11 rgb255=157,174,186
138 11 rgb255=198,213,227
139 11 rgb255=212,228,245
140 11 rgb255=206,222,238
141 11 rgb255=213,225,236
142 11 rgb255=215,224,231
143 11 rgb255=198,205,211
144 11 rgb255=167,173,176
145 11 rgb255=113,121,126
146 11 rgb255=60,71,79
147 11 rgb255=24,36,45
148 11 rgb255=11,24,31
149 11 rgb255=8,24,34
150 11 rgb255=25,79,114
151 11 rgb255=40,117,168
152 11 rgb255=40,111,162
153 11 rgb255=42,114,164
154 11 rgb255=42,114,166
155 11 rgb255=255,255,255
156 11 rgb255=255,255,255
157 11 rgb255=255,255,255
158 11 rgb255=255,255,255
159 11 rgb255=255,255,255
160 11 rgb255=255,255,255
161 11 rgb255=255,255,255
162 11 rgb255=255,255,255
163 11 rgb255=255,255,255
164 11 rgb255=70,71,86
165 11 rgb255=86,99,125
166 11 rgb255=85,96,113
167 11 rgb255=36,38,48
168 11 rgb255=67,66,76
169 11 rgb255=87,85,95
170 11 rgb255=52,50,60
171 11 rgb255=48,48,57
172 11 rgb255=86,94,99
173 11 rgb255=105,119,122
174 11 rgb255=88,92,99
175 11 rgb255=155,146,156
176 11 rgb255=155,148,155
177 11 rgb255=145,141,147
178 11 rgb255=147,146,151
179 11 rgb255=114,116,120
180 11 rgb255=76,79,85
181 11 rgb255=56,60,65
182 11 rgb255=72,75,77
183 11 rgb255=155,159,158
184 11 rgb255=214,202,196
185 11 rgb255=198,165,135
186 11 rgb255=205,163,130
187 11 rgb255=199,166,133
188 11 rgb255=202,183,134
189 11 rgb255=202,184,133
190 11 rgb255=204,184,135
191 11 rgb255=211,189,143
192 11 rgb255=208,184,141
193 11 rgb255=210,186,143
194 11 rgb255=208,189,137
195 11 rgb255=204,189,147
0 10 rgb255=75,64,64
1 10 rgb255=61,50,48
2 10 rgb255=64,53,47
3 10 rgb255=78,68,60
4 10 rgb255=81,74,63
5 10 rgb255=86,79,69
6 10 rgb255=91,84,78
7 10 rgb255=58,50,48
8 10 rgb255=25,17,17
9 10 rgb255=62,57,55
10 10 rgb255=79,75,71
11 10 rgb255=99,91,88
12 10 rgb255=96,84,82
13 10 rgb255=102,87,86
14 10 rgb255=107,91,94
15 10 rgb255=60,46,51
16 10 rgb255=36,27,28
17 10 rgb255=44,49,54
18 10 rgb255=95,120,133
19 10 rgb255=82,118,145
20 10 rgb255=58,101,140
21 10 rgb255=58,115,153
22 10 rgb255=62,125,159
23 10 rgb255=62,114,144
24 10 rgb255=55,92,117
25 10 rgb255=32,56,74
26 10 rgb255=8,20,25
27 10 rgb255=31,32,23
28 10 rgb255=94,89,76
29 10 rgb255=109,106,88
30 10 rgb255=79,88,44
31 10 rgb255=94,109,44
32 10 rgb255=255,255,255
33 10 rgb255=255,255,255
34 10 rgb255=255,255,255
35 10 rgb255=255,255,255
36 10 rgb255=255,255,255
37 10 rgb255=255,255,255
38 10 rgb255=255,255,255
39 10 rgb255=255,255,255
40 10 rgb255=255,255,255
41 10 rgb255=143,104,64
42 10 rgb255=125,76,32
43 10 rgb255=131,85,48
44 10 rgb255=128,81,43
45 10 rgb255=123,81,39
46 10 rgb255=153,117,76
47 10 rgb255=148,118,85
48 10 rgb255=166,141,118
49 10 rgb255=188,166,147
50 10 rgb255=182,156,132
51 10 rgb255=171,134,99
52 10 rgb255=165,115,69
53 10 rgb255=195,148,99
54 10 rgb255=190,153,110
55 10 rgb255=152,108,66
56 10 rgb255=143,95,49
57 10 rgb255=152,105,56
58 10 rgb255=153,110,58
59 10 rgb255=142,102,51
60 10 rgb255=141,102,54
61 10 rgb255=135,101,55
62 10 rgb255=136,101,60
63 10 rgb255=148,110,74
64 10 rgb255=141,106,65
65 10 rgb255=141,111,68
66 10 rgb255=138,113,71
67 10 rgb255=111,100,37
68 10 rgb255=111,111,31
69 10 rgb255=121,118,35
70 10 rgb255=129,116,39
71 10 rgb255=138,116,45
72 10 rgb255=179,162,83
73 10 rgb255=255,255,255
74 10 rgb255=255,255,255
75 10 rgb255=255,255,255
76 10 rgb255=255,255,255
77 10 rgb255=255,255,255
78 10 rgb255=255,255,255
79 10 rgb255=255,255,255
80 10 rgb255=255,255,255
81 10 rgb255=255,255,255
82 10 rgb255=191,223,153
83 10 rgb255=194,226,155
84 10 rgb255=203,234,161
85 10 rgb255=203,235,160
86 10 rgb255=189,224,148
87 10 rgb255=180,216,141
88 10 rgb255=182,218,143
89 10 rgb255=182,218,142
90 10 rgb255=193,229,154
91 10 rgb255=190,230,156
92 10 rgb255=197,232,160
93 10 rgb255=122,141,102
94 10 rgb255=15,17,20
95 10 rgb255=36,34,36
96 10 rgb255=161,183,129
97 10 rgb255=209,245,173
98 10 rgb255=201,242,166
99 10 rgb255=203,239,159
100 10 rgb255=204,234,154
101 10 rgb255=193,228,151
102 10 rgb255=185,221,145
103 10 rgb255=186,222,146
104 10 rgb255=185,222,145
105 10 rgb255=193,227,151
106 10 rgb255=174,192,142
107 10 rgb255=50,61,47
108 10 rgb255=100,118,90
109 10 rgb255=198,224,158
110 10 rgb255=185,208,146
111 10 rgb255=65,78,48
112 10 rgb255=120,137,96
113 10 rgb255=201,227,155
114 10 rgb255=255,255,255
115 10 rgb255=255,255,255
116 10 rgb255=255,255,255
117 10 rgb255=255,255,255
118 10 rgb255=255,255,255
119 10 rgb255=255,255,255
120 10 rgb255=255,255,255
121 10 rgb255=255,255,255
122 10 rgb255=255,255,255
123 10 rgb255=41,116,165
124 10 rgb255=40,113,160
125 10 rgb255=42,116,164
126 10 rgb255=48,122,171
127 10 rgb255=63,130,177
128 10 rgb255=56,130,178
129 10 rgb255=52,126,174
130 10 rgb255=55,121,167
131 10 rgb255=114,151,178
132 10 rgb255=216,226,232
133 10 rgb255=207,218,229
134 10 rgb255=178,193,210
135 10 rgb255=189,204,221
136 10 rgb255=209,224,239
137 10 rgb255=211,225,235
138 10 rgb255=218,231,242
139 10 rgb255=215,225,236
140 10 rgb255=193,202,212
141 10 rgb255=155,166,176
142 10 rgb255=112,123,133
143 10 rgb255=63,76,86
144 10 rgb255=28,42,52
145 10 rgb255=15,29,38
146 10 rgb255=12,25,34
147 10 rgb255=10,22,31
148 10 rgb255=13,21,31
149 10 rgb255=19,40,57
150 10 rgb255=38,100,141
151 10 rgb255=39,113,164
152 10 rgb255=37,109,158
153 10 rgb255=39,111,161
154 10 rgb255=39,111,162
155 10 rgb255=255,255,255
156 10 rgb255=255,255,255
157 10 rgb255=255,255,255
158 10 rgb255=255,255,255
159 10 rgb255=255,255,255
160 10 rgb255=255,255,255
161 10 rgb255=255,255,255
162 10 rgb255=255,255,255
163 10 rgb255=255,255,255
164 10 rgb255=155,160,180
165 10 rgb255=162,182,217
166 10 rgb255=152,169,193
167 10 rgb255=48,51,66
168 10 rgb255=92,90,105
169 10 rgb255=94,92,107
170 10 rgb255=61,58,74
171 10 rgb255=55,56,65
172 10 rgb255=124,138,136
173 10 rgb255=141,163,158
174 10 rgb255=131,139,139
175 10 rgb255=231,219,224
176 10 rgb255=241,232,233
177 10 rgb255=230,225,225
178 10 rgb255=228,226,225
179 10 rgb255=224,225,223
180 10 rgb255=216,221,215
181 10 rgb255=194,199,197
182 10 rgb255=163,166,171
183 10 rgb255=173,176,185
184 10 rgb255=190,174,177
185 10 rgb255=158,122,98
186 10 rgb255=160,114,90
187 10 rgb255=126,90,68
188 10 rgb255=180,160,120
189 10 rgb255=211,192,146
190 10 rgb255=206,189,142
191 10 rgb255=213,197,149
192 10 rgb255=211,194,146
193 10 rgb255=212,192,142
194 10 rgb255=210,193,134
195 10 rgb255=210,194,145
0 9 rgb255=79,69,69
1 9 rgb255=71,62,59
2 9 rgb255=74,65,59
3 9 rgb255=91,82,73
4 9 rgb255=92,85,76
5 9 rgb255=86,79,71
6 9 rgb255=83,76,70
7 9 rgb255=74,66,63
8 9 rgb255=57,49,47
9 9 rgb255=81,74,71
10 9 rgb255=79,72,69
11 9 rgb255=112,102,100
12 9 rgb255=107,95,94
13 9 rgb255=119,106,104
14 9 rgb255=117,105,107
15 9 rgb255=64,54,57
16 9 rgb255=38,29,28
17 9 rgb255=70,67,65
18 9 rgb255=128,136,136
19 9 rgb255=114,126,134
20 9 rgb255=82,97,116
21 9 rgb255=68,94,115
22 9 rgb255=74,104,123
23 9 rgb255=74,96,110
24 9 rgb255=52,65,77
25 9 rgb255=29,37,48
26 9 rgb255=14,13,17
27 9 rgb255=23,16,11
28 9 rgb255=76,68,59
29 9 rgb255=100,99,81
30 9 rgb255=90,101,49
31 9 rgb255=98,113,43
32 9 rgb255=255,255,255
33 9 rgb255=255,255,255
34 9 rgb255=255,255,255
35 9 rgb255=255,255,255
36 9 rgb255=255,255,255
37 9 rgb255=255,255,255
38 9 rgb255=255,255,255
39 9 rgb255=255,255,255
40 9 rgb255=255,255,255
41 9 rgb255=141,102,65
42 9 rgb255=131,80,35
43 9 rgb255=139,89,46
44 9 rgb255=139,87,44
45 9 rgb255=138,90,50
46 9 rgb255=151,111,71
47 9 rgb255=128,91,52
48 9 rgb255=136,97,61
49 9 rgb255=175,136,104
50 9 rgb255=173,136,107
51 9 rgb255=189,151,118
52 9 rgb255=205,160,120
53 9 rgb255=201,157,113
54 9 rgb255=168,131,89
55 9 rgb255=151,108,65
56 9 rgb255=145,97,53
57 9 rgb255=146,101,52
58 9 rgb255=149,106,57
59 9 rgb255=153,110,61
60 9 rgb255=149,108,61
61 9 rgb255=144,104,59
62 9 rgb255=144,105,59
63 9 rgb255=145,104,59
64 9 rgb255=143,102,60
65 9 rgb255=129,96,48
66 9 rgb255=123,103,39
67 9 rgb255=124,126,30
68 9 rgb255=113,135,14
69 9 rgb255=108,133,8
70 9 rgb255=113,122,10
71 9 rgb255=148,136,44
72 9 rgb255=199,184,102
73 9 rgb255=255,255,255
74 9 rgb255=255,255,255
75 9 rgb255=255,255,255
76 9 rgb255=255,255,255
77 9 rgb255=255,255,255
78 9 rgb255=255,255,255
79 9 rgb255=255,255,255
80 9 rgb255=255,255,255
81 9 rgb255=255,255,255
82 9 rgb255=183,218,153
83 9 rgb255=185,221,153
84 9 rgb255=189,226,155
85 9 rgb255=184,221,148
86 9 rgb255=185,222,147
87 9 rgb255=186,223,147
88 9 rgb255=183,219,144
89 9 rgb255=181,217,142
90 9 rgb255=185,222,148
91 9 rgb255=177,216,146
92 9 rgb255=185,220,146
93 9 rgb255=135,156,114
94 9 rgb255=18,23,23
95 9 rgb255=41,42,45
96 9 rgb255=168,188,149
97 9 rgb255=202,235,171
98 9 rgb255=197,237,159
99 9 rgb255=195,230,149
100 9 rgb255=199,228,152
101 9 rgb255=191,225,151
102 9 rgb255=184,221,146
103 9 rgb255=181,217,142
104 9 rgb255=171,208,132
105 9 rgb255=178,210,138
106 9 rgb255=156,174,127
107 9 rgb255=41,55,37
108 9 rgb255=110,129,99
109 9 rgb255=178,206,143
110 9 rgb255=174,201,140
111 9 rgb255=76,91,63
112 9 rgb255=109,126,93
113 9 rgb255=191,217,150
114 9 rgb255=255,255,255
115 9 rgb255=255,255,255
116 9 rgb255=255,255,255
117 9 rgb255=255,255,255
118 9 rgb255=255,255,255
119 9 rgb255=255,255,255
120 9 rgb255=255,255,255
121 9 rgb255=255,255,255
122 9 rgb255=255,255,255
123 9 rgb255=48,119,170
124 9 rgb255=48,119,165
125 9 rgb255=86,145,187
126 9 rgb255=121,170,208
127 9 rgb255=152,188,216
128 9 rgb255=136,176,205
129 9 rgb255=121,164,194
130 9 rgb255=127,160,186
131 9 rgb255=140,155,169
132 9 rgb255=210,218,229
133 9 rgb255=200,211,225
134 9 rgb255=191,206,220
135 9 rgb255=201,213,231
136 9 rgb255=210,222,239
137 9 rgb255=222,233,243
138 9 rgb255=205,216,221
139 9 rgb255=140,151,160
140 9 rgb255=82,93,105
141 9 rgb255=41,53,70
142 9 rgb255=21,34,53
143 9 rgb255=15,30,46
144 9 rgb255=12,28,44
145 9 rgb255=12,25,37
146 9 rgb255=12,25,33
147 9 rgb255=13,25,35
148 9 rgb255=16,31,45
149 9 rgb255=24,59,87
150 9 rgb255=39,106,151
151 9 rgb255=41,111,158
152 9 rgb255=40,112,162
153 9 rgb255=39,111,160
154 9 rgb255=38,110,157
155 9 rgb255=255,255,255
156 9 rgb255=255,255,255
157 9 rgb255=255,255,255
158 9 rgb255=255,255,255
159 9 rgb255=255,255,255
160 9 rgb255=255,255,255
161 9 rgb255=255,255,255
162 9 rgb255=255,255,255
163 9 rgb255=255,255,255
164 9 rgb255=162,166,182
165 9 rgb255=124,142,173
166 9 rgb255=110,127,149
167 9 rgb255=47,50,65
168 9 rgb255=87,84,99
169 9 rgb255=75,72,88
170 9 rgb255=62,59,75
171 9 rgb255=63,63,70
172 9 rgb255=119,128,123
173 9 rgb255=126,142,135
174 9 rgb255=103,109,106
175 9 rgb255=158,148,151
176 9 rgb255=141,135,138
177 9 rgb255=126,123,123
178 9 rgb255=139,137,137
179 9 rgb255=154,154,155
180 9 rgb255=165,168,162
181 9 rgb255=137,140,136
182 9 rgb255=159,160,163
183 9 rgb255=181,180,193
184 9 rgb255=129,105,112
185 9 rgb255=111,68,52
186 9 rgb255=108,62,47
187 9 rgb255=72,38,24
188 9 rgb255=98,79,55
189 9 rgb255=135,120,92
190 9 rgb255=150,134,102
191 9 rgb255=165,151,117
192 9 rgb255=174,161,125
193 9 rgb255=189,172,130
194 9 rgb255=194,180,133
195 9 rgb255=204,190,152
0 8 rgb255=89,82,81
1 8 rgb255=107,101,97
2 8 rgb255=102,96,88
3 8 rgb255=114,108,98
4 8 rgb255=112,105,99
5 8 rgb255=105,97,93
6 8 rgb255=96,89,84
7 8 rgb255=91,83,79
8 8 rgb255=78,70,66
9 8 rgb255=86,78,75
10 8 rgb255=87,77,75
11 8 rgb255=114,104,102
12 8 rgb255=129,118,116
13 8 rgb255=143,132,130
14 8 rgb255=116,108,108
15 8 rgb255=44,37,38
16 8 rgb255=32,25,22
17 8 rgb255=95,87,79
18 8 rgb255=137,129,117
19 8 rgb255=118,110,101
20 8 rgb255=99,93,91
21 8 rgb255=90,90,93
22 8 rgb255=90,93,97
23 8 rgb255=90,87,87
24 8 rgb255=86,80,79
25 8 rgb255=44,39,44
26 8 rgb255=18,8,10
27 8 rgb255=45,31,28
28 8 rgb255=82,73,63
29 8 rgb255=94,94,70
30 8 rgb255=97,110,47
31 8 rgb255=97,114,37
32 8 rgb255=255,255,255
33 8 rgb255=255,255,255
34 8 rgb255=255,255,255
35 8 rgb255=255,255,255
36 8 rgb255=255,255,255
37 8 rgb255=255,255,255
38 8 rgb255=255,255,255
39 8 rgb255=255,255,255
40 8 rgb255=255,255,255
41 8 rgb255=143,103,72
42 8 rgb255=139,87,44
43 8 rgb255=138,89,42
44 8 rgb255=149,96,52
45 8 rgb255=160,109,72
46 8 rgb255=150,106,64
47 8 rgb255=147,104,58
48 8 rgb255=151,104,57
49 8 rgb255=169,121,81
50 8 rgb255=167,123,87
51 8 rgb255=179,141,105
52 8 rgb255=212,174,138
53 8 rgb255=203,168,132
54 8 rgb255=207,177,141
55 8 rgb255=149,112,74
56 8 rgb255=139,96,55
57 8 rgb255=144,102,56
58 8 rgb255=137,94,47
59 8 rgb255=151,107,61
60 8 rgb255=155,111,65
61 8 rgb255=152,109,63
62 8 rgb255=140,101,55
63 8 rgb255=107,76,38
64 8 rgb255=91,60,34
65 8 rgb255=84,61,23
66 8 rgb255=105,99,25
67 8 rgb255=132,142,34
68 8 rgb255=118,141,20
69 8 rgb255=96,121,4
70 8 rgb255=102,113,9
71 8 rgb255=159,149,63
72 8 rgb255=190,174,99
73 8 rgb255=255,255,255
74 8 rgb255=255,255,255
75 8 rgb255=255,255,255
76 8 rgb255=255,255,255
77 8 rgb255=255,255,255
78 8 rgb255=255,255,255
79 8 rgb255=255,255,255
80 8 rgb255=255,255,255
81 8 rgb255=255,255,255
82 8 rgb255=172,212,149
83 8 rgb255=168,207,143
84 8 rgb255=172,212,145
85 8 rgb255=159,199,129
86 8 rgb255=172,210,137
87 8 rgb255=193,229,156
88 8 rgb255=192,228,155
89 8 rgb255=191,227,154
90 8 rgb255=182,219,148
91 8 rgb255=168,206,137
92 8 rgb255=174,209,135
93 8 rgb255=132,154,110
94 8 rgb255=20,29,24
95 8 rgb255=25,30,31
96 8 rgb255=137,155,132
97 8 rgb255=185,213,162
98 8 rgb255=188,222,147
99 8 rgb255=187,219,142
100 8 rgb255=185,214,145
101 8 rgb255=172,206,136
102 8 rgb255=164,200,129
103 8 rgb255=163,199,128
104 8 rgb255=158,194,123
105 8 rgb255=167,199,131
106 8 rgb255=126,145,102
107 8 rgb255=26,42,23
108 8 rgb255=112,134,101
109 8 rgb255=164,194,131
110 8 rgb255=166,193,137
111 8 rgb255=67,83,62
112 8 rgb255=72,90,66
113 8 rgb255=176,203,145
114 8 rgb255=255,255,255
115 8 rgb255=255,255,255
116 8 rgb255=255,255,255
117 8 rgb255=255,255,255
118 8 rgb255=255,255,255
119 8 rgb255=255,255,255
120 8 rgb255=255,255,255
121 8 rgb255=255,255,255
122 8 rgb255=255,255,255
123 8 rgb255=111,165,207
124 8 rgb255=127,175,206
125 8 rgb255=162,196,220
126 8 rgb255=173,193,217
127 8 rgb255=188,197,213
128 8 rgb255=183,192,208
129 8 rgb255=174,187,199
130 8 rgb255=170,176,183
131 8 rgb255=163,166,171
132 8 rgb255=210,220,231
133 8 rgb255=200,212,224
134 8 rgb255=201,212,222
135 8 rgb255=206,215,230
136 8 rgb255=198,202,213
137 8 rgb255=198,196,199
138 8 rgb255=131,141,150
139 8 rgb255=39,57,75
140 8 rgb255=19,35,54
141 8 rgb255=17,33,54
142 8 rgb255=15,33,55
143 8 rgb255=13,31,49
144 8 rgb255=14,27,41
145 8 rgb255=13,25,35
146 8 rgb255=14,30,40
147 8 rgb255=20,37,50
148 8 rgb255=26,43,55
149 8 rgb255=30,81,114
150 8 rgb255=39,110,159
151 8 rgb255=41,109,156
152 8 rgb255=38,109,155
153 8 rgb255=39,110,156
154 8 rgb255=38,109,153
155 8 rgb255=255,255,255
156 8 rgb255=255,255,255
157 8 rgb255=255,255,255
158 8 rgb255=255,255,255
159 8 rgb255=255,255,255
160 8 rgb255=255,255,255
161 8 rgb255=255,255,255
162 8 rgb255=255,255,255
163 8 rgb255=255,255,255
164 8 rgb255=149,147,158
165 8 rgb255=58,63,83
166 8 rgb255=29,39,55
167 8 rgb255=31,34,46
168 8 rgb255=41,38,51
169 8 rgb255=41,39,52
170 8 rgb255=37,35,48
171 8 rgb255=37,36,46
172 8 rgb255=50,52,57
173 8 rgb255=56,57,64
174 8 rgb255=104,106,114
175 8 rgb255=152,154,164
176 8 rgb255=127,128,141
177 8 rgb255=92,93,101
178 8 rgb255=73,74,82
179 8 rgb255=67,66,80
180 8 rgb255=41,42,48
181 8 rgb255=8,10,7
182 8 rgb255=60,59,58
183 8 rgb255=170,166,172
184 8 rgb255=75,49,55
185 8 rgb255=71,34,33
186 8 rgb255=57,27,26
187 8 rgb255=48,27,23
188 8 rgb255=38,27,26
189 8 rgb255=37,28,30
190 8 rgb255=48,32,25
191 8 rgb255=53,38,28
192 8 rgb255=56,45,35
193 8 rgb255=69,56,40
194 8 rgb255=97,87,72
195 8 rgb255=176,170,160
0 7 rgb255=93,88,86
1 7 rgb255=118,114,109
2 7 rgb255=114,110,102
3 7 rgb255=119,116,105
4 7 rgb255=104,97,92
5 7 rgb255=105,97,95
6 7 rgb255=123,115,111
7 7 rgb255=89,82,76
8 7 rgb255=72,65,58
9 7 rgb255=82,72,68
10 7 rgb255=101,88,87
11 7 rgb255=135,124,122
12 7 rgb255=132,123,120
13 7 rgb255=121,113,110
14 7 rgb255=67,62,59
15 7 rgb255=17,14,12
16 7 rgb255=33,29,25
17 7 rgb255=111,103,93
18 7 rgb255=118,101,84
19 7 rgb255=104,86,67
20 7 rgb255=107,95,81
21 7 rgb255=109,99,92
22 7 rgb255=108,98,96
23 7 rgb255=104,91,85
24 7 rgb255=88,77,70
25 7 rgb255=36,28,28
26 7 rgb255=24,10,12
27 7 rgb255=75,58,56
28 7 rgb255=96,86,72
29 7 rgb255=94,95,60
30 7 rgb255=102,117,41
31 7 rgb255=94,112,26
32 7 rgb255=255,255,255
33 7 rgb255=255,255,255
34 7 rgb255=255,255,255
35 7 rgb255=255,255,255
36 7 rgb255=255,255,255
37 7 rgb255=255,255,255
38 7 rgb255=255,255,255
39 7 rgb255=255,255,255
40 7 rgb255=255,255,255
41 7 rgb255=149,107,74
42 7 rgb255=133,80,37
43 7 rgb255=136,88,48
44 7 rgb255=147,99,59
45 7 rgb255=150,104,63
46 7 rgb255=153,109,62
47 7 rgb255=157,112,67
48 7 rgb255=162,117,78
49 7 rgb255=175,131,96
50 7 rgb255=190,145,107
51 7 rgb255=166,124,84
52 7 rgb255=202,168,133
53 7 rgb255=224,197,168
54 7 rgb255=197,175,148
55 7 rgb255=192,165,133
56 7 rgb255=180,144,107
57 7 rgb255=146,106,64
58 7 rgb255=126,82,40
59 7 rgb255=141,97,52
60 7 rgb255=156,112,66
61 7 rgb255=153,109,61
62 7 rgb255=115,74,29
63 7 rgb255=77,43,14
64 7 rgb255=79,50,25
65 7 rgb255=93,73,33
66 7 rgb255=126,117,47
67 7 rgb255=133,134,39
68 7 rgb255=119,116,31
69 7 rgb255=113,99,24
70 7 rgb255=140,121,42
71 7 rgb255=187,165,91
72 7 rgb255=154,132,75
73 7 rgb255=255,255,255
74 7 rgb255=255,255,255
75 7 rgb255=255,255,255
76 7 rgb255=255,255,255
77 7 rgb255=255,255,255
78 7 rgb255=255,255,255
79 7 rgb255=255,255,255
80 7 rgb255=255,255,255
81 7 rgb255=255,255,255
82 7 rgb255=159,200,137
83 7 rgb255=165,205,143
84 7 rgb255=175,216,150
85 7 rgb255=165,205,136
86 7 rgb255=174,211,141
87 7 rgb255=194,230,160
88 7 rgb255=187,223,152
89 7 rgb255=177,213,142
90 7 rgb255=172,208,139
91 7 rgb255=168,205,137
92 7 rgb255=173,209,135
93 7 rgb255=127,153,106
94 7 rgb255=23,37,26
95 7 rgb255=9,21,14
96 7 rgb255=62,81,64
97 7 rgb255=151,174,138
98 7 rgb255=183,208,150
99 7 rgb255=180,208,142
100 7 rgb255=176,205,141
101 7 rgb255=162,196,129
102 7 rgb255=149,184,117
103 7 rgb255=145,180,113
104 7 rgb255=150,186,118
105 7 rgb255=160,192,128
106 7 rgb255=101,122,83
107 7 rgb255=20,38,20
108 7 rgb255=116,141,105
109 7 rgb255=158,190,128
110 7 rgb255=155,184,130
111 7 rgb255=63,81,60
112 7 rgb255=41,60,40
113 7 rgb255=157,184,133
114 7 rgb255=255,255,255
115 7 rgb255=255,255,255
116 7 rgb255=255,255,255
117 7 rgb255=255,255,255
118 7 rgb255=255,255,255
119 7 rgb255=255,255,255
120 7 rgb255=255,255,255
121 7 rgb255=255,255,255
122 7 rgb255=255,255,255
123 7 rgb255=197,218,240
124 7 rgb255=203,225,239
125 7 rgb255=172,200,218
126 7 rgb255=115,133,156
127 7 rgb255=158,155,165
128 7 rgb255=159,160,171
129 7 rgb255=153,161,170
130 7 rgb255=118,122,126
131 7 rgb255=154,159,164
132 7 rgb255=212,220,227
133 7 rgb255=184,185,189
134 7 rgb255=173,168,174
135 7 rgb255=149,143,152
136 7 rgb255=112,108,117
137 7 rgb255=83,88,98
138 7 rgb255=79,98,122
139 7 rgb255=57,84,108
140 7 rgb255=38,60,82
141 7 rgb255=35,54,78
142 7 rgb255=31,56,78
143 7 rgb255=24,51,72
144 7 rgb255=20,41,59
145 7 rgb255=29,46,60
146 7 rgb255=31,45,57
147 7 rgb255=23,35,46
148 7 rgb255=23,51,70
149 7 rgb255=35,98,136
150 7 rgb255=38,107,154
151 7 rgb255=37,105,151
152 7 rgb255=36,105,148
153 7 rgb255=37,106,149
154 7 rgb255=34,103,145
155 7 rgb255=255,255,255
156 7 rgb255=255,255,255
157 7 rgb255=255,255,255
158 7 rgb255=255,255,255
159 7 rgb255=255,255,255
160 7 rgb255=255,255,255
161 7 rgb255=255,255,255
162 7 rgb255=255,255,255
163 7 rgb255=255,255,255
164 7 rgb255=174,170,183
165 7 rgb255=95,95,116
166 7 rgb255=57,63,81
167 7 rgb255=61,65,79
168 7 rgb255=64,66,80
169 7 rgb255=66,69,82
170 7 rgb255=65,67,81
171 7 rgb255=71,75,92
172 7 rgb255=71,80,100
173 7 rgb255=97,106,127
174 7 rgb255=168,177,198
175 7 rgb255=181,187,208
176 7 rgb255=167,162,181
177 7 rgb255=85,84,94
178 7 rgb255=35,38,47
179 7 rgb255=59,65,79
180 7 rgb255=33,41,50
181 7 rgb255=11,19,17
182 7 rgb255=16,21,18
183 7 rgb255=128,128,134
184 7 rgb255=85,81,96
185 7 rgb255=59,55,72
186 7 rgb255=74,71,89
187 7 rgb255=79,77,95
188 7 rgb255=89,89,104
189 7 rgb255=71,65,73
190 7 rgb255=52,38,37
191 7 rgb255=32,18,14
192 7 rgb255=24,15,13
193 7 rgb255=19,13,14
194 7 rgb255=44,40,44
195 7 rgb255=155,154,161
0 6 rgb255=89,87,84
1 6 rgb255=88,87,81
2 6 rgb255=101,101,91
3 6 rgb255=109,108,97
4 6 rgb255=75,70,66
5 6 rgb255=88,80,79
6 6 rgb255=124,116,113
7 6 rgb255=108,101,94
8 6 rgb255=92,85,76
9 6 rgb255=87,75,70
10 6 rgb255=97,81,81
11 6 rgb255=118,106,105
12 6 rgb255=117,109,106
13 6 rgb255=75,70,67
14 6 rgb255=25,22,16
15 6 rgb255=14,12,6
16 6 rgb255=55,55,50
17 6 rgb255=134,129,121
18 6 rgb255=133,115,98
19 6 rgb255=120,104,81
20 6 rgb255=128,123,104
21 6 rgb255=132,125,116
22 6 rgb255=135,126,123
23 6 rgb255=117,110,105
24 6 rgb255=84,81,73
25 6 rgb255=39,38,37
26 6 rgb255=30,20,23
27 6 rgb255=83,67,63
28 6 rgb255=94,84,63
29 6 rgb255=94,95,47
30 6 rgb255=107,124,36
31 6 rgb255=91,111,19
32 6 rgb255=255,255,255
33 6 rgb255=255,255,255
34 6 rgb255=255,255,255
35 6 rgb255=255,255,255
36 6 rgb255=255,255,255
37 6 rgb255=255,255,255
38 6 rgb255=255,255,255
39 6 rgb255=255,255,255
40 6 rgb255=255,255,255
41 6 rgb255=172,128,76
42 6 rgb255=144,88,18
43 6 rgb255=135,85,35
44 6 rgb255=136,88,48
45 6 rgb255=135,90,45
46 6 rgb255=139,94,49
47 6 rgb255=153,108,68
48 6 rgb255=163,117,83
49 6 rgb255=166,120,82
50 6 rgb255=184,136,100
51 6 rgb255=166,118,88
52 6 rgb255=150,110,75
53 6 rgb255=184,149,110
54 6 rgb255=156,121,86
55 6 rgb255=158,123,87
56 6 rgb255=168,130,92
57 6 rgb255=149,109,71
58 6 rgb255=135,91,51
59 6 rgb255=130,85,43
60 6 rgb255=132,88,43
61 6 rgb255=128,84,37
62 6 rgb255=127,83,36
63 6 rgb255=135,92,52
64 6 rgb255=143,105,66
65 6 rgb255=139,108,62
66 6 rgb255=136,112,52
67 6 rgb255=127,105,39
68 6 rgb255=121,92,39
69 6 rgb255=135,102,44
70 6 rgb255=189,159,87
71 6 rgb255=211,181,114
72 6 rgb255=136,107,58
73 6 rgb255=255,255,255
74 6 rgb255=255,255,255
75 6 rgb255=255,255,255
76 6 rgb255=255,255,255
77 6 rgb255=255,255,255
78 6 rgb255=255,255,255
79 6 rgb255=255,255,255
80 6 rgb255=255,255,255
81 6 rgb255=255,255,255
82 6 rgb255=168,207,143
83 6 rgb255=176,215,149
84 6 rgb255=182,221,152
85 6 rgb255=183,222,151
86 6 rgb255=190,226,157
87 6 rgb255=185,221,152
88 6 rgb255=170,205,137
89 6 rgb255=161,196,127
90 6 rgb255=173,208,141
91 6 rgb255=167,203,136
92 6 rgb255=163,199,125
93 6 rgb255=127,155,106
94 6 rgb255=34,52,36
95 6 rgb255=72,90,76
96 6 rgb255=40,61,39
97 6 rgb255=50,67,45
98 6 rgb255=113,129,99
99 6 rgb255=153,175,128
100 6 rgb255=168,198,135
101 6 rgb255=161,195,132
102 6 rgb255=153,187,125
103 6 rgb255=150,184,122
104 6 rgb255=146,180,118
105 6 rgb255=139,171,112
106 6 rgb255=65,87,51
107 6 rgb255=20,40,20
108 6 rgb255=113,140,101
109 6 rgb255=155,188,129
110 6 rgb255=146,178,124
111 6 rgb255=72,93,62
112 6 rgb255=46,68,44
113 6 rgb255=146,175,127
114 6 rgb255=255,255,255
115 6 rgb255=255,255,255
116 6 rgb255=255,255,255
117 6 rgb255=255,255,255
118 6 rgb255=255,255,255
119 6 rgb255=255,255,255
120 6 rgb255=255,255,255
121 6 rgb255=255,255,255
122 6 rgb255=255,255,255
123 6 rgb255=188,217,244
124 6 rgb255=179,214,236
125 6 rgb255=132,175,205
126 6 rgb255=56,89,114
127 6 rgb255=87,99,112
128 6 rgb255=106,111,121
129 6 rgb255=121,116,117
130 6 rgb255=132,129,130
131 6 rgb255=163,172,179
132 6 rgb255=184,195,207
133 6 rgb255=147,154,170
134 6 rgb255=96,106,120
135 6 rgb255=59,78,94
136 6 rgb255=46,70,92
137 6 rgb255=46,74,99
138 6 rgb255=112,137,164
139 6 rgb255=153,178,198
140 6 rgb255=161,180,198
141 6 rgb255=169,186,205
142 6 rgb255=142,164,183
143 6 rgb255=114,142,163
144 6 rgb255=100,130,154
145 6 rgb255=62,87,110
146 6 rgb255=23,36,52
147 6 rgb255=21,32,43
148 6 rgb255=27,76,107
149 6 rgb255=33,101,143
150 6 rgb255=32,97,136
151 6 rgb255=32,98,139
152 6 rgb255=34,103,145
153 6 rgb255=35,104,146
154 6 rgb255=31,100,142
155 6 rgb255=255,255,255
156 6 rgb255=255,255,255
157 6 rgb255=255,255,255
158 6 rgb255=255,255,255
159 6 rgb255=255,255,255
160 6 rgb255=255,255,255
161 6 rgb255=255,255,255
162 6 rgb255=255,255,255
163 6 rgb255=255,255,255
164 6 rgb255=156,149,165
165 6 rgb255=151,150,174
166 6 rgb255=153,158,179
167 6 rgb255=160,165,182
168 6 rgb255=164,168,184
169 6 rgb255=166,170,186
170 6 rgb255=164,169,184
171 6 rgb255=167,169,187
172 6 rgb255=162,163,184
173 6 rgb255=153,157,174
174 6 rgb255=149,149,165
175 6 rgb255=150,141,160
176 6 rgb255=132,121,142
177 6 rgb255=51,48,59
178 6 rgb255=9,16,23
179 6 rgb255=47,60,73
180 6 rgb255=33,48,58
181 6 rgb255=12,25,27
182 6 rgb255=10,21,20
183 6 rgb255=59,65,74
184 6 rgb255=90,100,119
185 6 rgb255=88,99,123
186 6 rgb255=96,101,127
187 6 rgb255=106,106,134
188 6 rgb255=99,98,121
189 6 rgb255=55,51,61
190 6 rgb255=64,51,51
191 6 rgb255=49,37,33
192 6 rgb255=25,20,21
193 6 rgb255=39,40,53
194 6 rgb255=34,35,51
195 6 rgb255=89,91,107
0 5 rgb255=87,85,82
1 5 rgb255=82,80,74
2 5 rgb255=81,79,71
3 5 rgb255=85,84,73
4 5 rgb255=76,69,67
5 5 rgb255=98,88,89
6 5 rgb255=102,94,91
7 5 rgb255=112,105,98
8 5 rgb255=102,96,85
9 5 rgb255=91,79,73
10 5 rgb255=99,83,82
11 5 rgb255=91,78,76
12 5 rgb255=108,100,96
13 5 rgb255=73,70,64
14 5 rgb255=17,15,8
15 5 rgb255=17,16,9
16 5 rgb255=81,83,78
17 5 rgb255=144,142,135
18 5 rgb255=149,135,121
19 5 rgb255=141,131,111
20 5 rgb255=137,141,123
21 5 rgb255=132,132,125
22 5 rgb255=124,122,120
23 5 rgb255=145,145,141
24 5 rgb255=114,118,111
25 5 rgb255=54,56,56
26 5 rgb255=45,38,41
27 5 rgb255=93,79,74
28 5 rgb255=98,87,60
29 5 rgb255=102,102,44
30 5 rgb255=116,133,37
31 5 rgb255=95,115,19
32 5 rgb255=255,255,255
33 5 rgb255=255,255,255
34 5 rgb255=255,255,255
35 5 rgb255=255,255,255
36 5 rgb255=255,255,255
37 5 rgb255=255,255,255
38 5 rgb255=255,255,255
39 5 rgb255=255,255,255
40 5 rgb255=255,255,255
41 5 rgb255=202,157,82
42 5 rgb255=187,129,26
43 5 rgb255=151,100,25
44 5 rgb255=128,79,34
45 5 rgb255=122,76,41
46 5 rgb255=134,88,49
47 5 rgb255=142,98,53
48 5 rgb255=150,106,56
49 5 rgb255=153,106,58
50 5 rgb255=148,99,63
51 5 rgb255=135,87,59
52 5 rgb255=127,82,44
53 5 rgb255=153,109,60
54 5 rgb255=166,121,77
55 5 rgb255=143,99,59
56 5 rgb255=130,88,51
57 5 rgb255=128,87,52
58 5 rgb255=151,108,70
59 5 rgb255=152,106,65
60 5 rgb255=135,90,48
61 5 rgb255=139,95,50
62 5 rgb255=155,110,63
63 5 rgb255=161,113,65
64 5 rgb255=154,107,63
65 5 rgb255=154,112,67
66 5 rgb255=143,105,54
67 5 rgb255=130,93,44
68 5 rgb255=132,90,46
69 5 rgb255=171,131,70
70 5 rgb255=215,183,106
71 5 rgb255=186,155,91
72 5 rgb255=117,86,48
73 5 rgb255=255,255,255
74 5 rgb255=255,255,255
75 5 rgb255=255,255,255
76 5 rgb255=255,255,255
77 5 rgb255=255,255,255
78 5 rgb255=255,255,255
79 5 rgb255=255,255,255
80 5 rgb255=255,255,255
81 5 rgb255=255,255,255
82 5 rgb255=173,207,140
83 5 rgb255=178,212,143
84 5 rgb255=190,224,152
85 5 rgb255=189,224,150
86 5 rgb255=189,224,155
87 5 rgb255=183,218,151
88 5 rgb255=177,212,145
89 5 rgb255=176,211,143
90 5 rgb255=185,220,154
91 5 rgb255=172,207,142
92 5 rgb255=164,200,126
93 5 rgb255=135,165,114
94 5 rgb255=30,52,32
95 5 rgb255=107,129,107
96 5 rgb255=110,135,99
97 5 rgb255=35,48,36
98 5 rgb255=32,39,40
99 5 rgb255=102,118,90
100 5 rgb255=154,185,121
101 5 rgb255=152,187,125
102 5 rgb255=148,182,122
103 5 rgb255=149,183,124
104 5 rgb255=145,179,119
105 5 rgb255=117,149,93
106 5 rgb255=52,75,43
107 5 rgb255=49,71,50
108 5 rgb255=100,128,88
109 5 rgb255=131,166,108
110 5 rgb255=135,168,112
111 5 rgb255=87,112,66
112 5 rgb255=74,98,66
113 5 rgb255=134,164,116
114 5 rgb255=255,255,255
115 5 rgb255=255,255,255
116 5 rgb255=255,255,255
117 5 rgb255=255,255,255
118 5 rgb255=255,255,255
119 5 rgb255=255,255,255
120 5 rgb255=255,255,255
121 5 rgb255=255,255,255
122 5 rgb255=255,255,255
123 5 rgb255=132,191,227
124 5 rgb255=125,183,220
125 5 rgb255=100,152,192
126 5 rgb255=66,99,114
127 5 rgb255=69,89,99
128 5 rgb255=54,75,90
129 5 rgb255=80,88,102
130 5 rgb255=162,168,178
131 5 rgb255=205,217,226
132 5 rgb255=211,226,239
133 5 rgb255=203,220,236
134 5 rgb255=169,194,209
135 5 rgb255=161,188,205
136 5 rgb255=183,206,220
137 5 rgb255=199,215,224
138 5 rgb255=214,224,234
139 5 rgb255=221,232,242
140 5 rgb255=232,240,250
141 5 rgb255=237,242,252
142 5 rgb255=225,235,245
143 5 rgb255=207,225,239
144 5 rgb255=182,209,231
145 5 rgb255=120,151,174
146 5 rgb255=53,85,109
147 5 rgb255=27,66,90
148 5 rgb255=26,79,106
149 5 rgb255=23,83,117
150 5 rgb255=20,84,117
151 5 rgb255=29,94,129
152 5 rgb255=31,100,142
153 5 rgb255=32,101,143
154 5 rgb255=30,99,141
155 5 rgb255=255,255,255
156 5 rgb255=255,255,255
157 5 rgb255=255,255,255
158 5 rgb255=255,255,255
159 5 rgb255=255,255,255
160 5 rgb255=255,255,255
161 5 rgb255=255,255,255
162 5 rgb255=255,255,255
163 5 rgb255=255,255,255
164 5 rgb255=167,159,172
165 5 rgb255=148,145,166
166 5 rgb255=102,104,123
167 5 rgb255=124,126,140
168 5 rgb255=147,148,160
169 5 rgb255=142,143,155
170 5 rgb255=125,126,139
171 5 rgb255=125,118,131
172 5 rgb255=129,116,126
173 5 rgb255=156,149,152
174 5 rgb255=182,166,165
175 5 rgb255=155,128,135
176 5 rgb255=121,109,128
177 5 rgb255=73,71,83
178 5 rgb255=61,67,75
179 5 rgb255=64,75,89
180 5 rgb255=37,51,65
181 5 rgb255=37,50,57
182 5 rgb255=13,24,29
183 5 rgb255=39,46,59
184 5 rgb255=84,91,108
185 5 rgb255=85,90,107
186 5 rgb255=84,83,102
187 5 rgb255=96,87,109
188 5 rgb255=91,85,106
189 5 rgb255=62,60,72
190 5 rgb255=71,61,62
191 5 rgb255=43,32,30
192 5 rgb255=25,22,26
193 5 rgb255=62,67,85
194 5 rgb255=56,60,79
195 5 rgb255=88,90,107
0 4 rgb255=78,72,71
1 4 rgb255=81,69,66
2 4 rgb255=86,74,68
3 4 rgb255=86,77,69
4 4 rgb255=86,73,71
5 4 rgb255=104,89,89
6 4 rgb255=91,79,77
7 4 rgb255=80,72,68
8 4 rgb255=83,78,71
9 4 rgb255=92,86,80
10 4 rgb255=89,78,72
11 4 rgb255=96,80,74
12 4 rgb255=98,85,77
13 4 rgb255=76,74,61
14 4 rgb255=31,32,22
15 4 rgb255=43,42,36
16 4 rgb255=78,77,70
17 4 rgb255=113,109,100
18 4 rgb255=127,117,105
19 4 rgb255=128,122,110
20 4 rgb255=128,132,124
21 4 rgb255=111,112,105
22 4 rgb255=81,78,70
23 4 rgb255=146,140,130
24 4 rgb255=155,149,137
25 4 rgb255=101,93,86
26 4 rgb255=94,82,83
27 4 rgb255=124,111,106
28 4 rgb255=127,116,89
29 4 rgb255=121,120,60
30 4 rgb255=118,136,35
31 4 rgb255=96,117,15
32 4 rgb255=255,255,255
33 4 rgb255=255,255,255
34 4 rgb255=255,255,255
35 4 rgb255=255,255,255
36 4 rgb255=255,255,255
37 4 rgb255=255,255,255
38 4 rgb255=255,255,255
39 4 rgb255=255,255,255
40 4 rgb255=255,255,255
41 4 rgb255=216,174,87
42 4 rgb255=193,136,16
43 4 rgb255=168,122,19
44 4 rgb255=151,111,35
45 4 rgb255=131,88,34
46 4 rgb255=126,82,35
47 4 rgb255=138,94,49
48 4 rgb255=144,100,53
49 4 rgb255=142,95,53
50 4 rgb255=137,92,51
51 4 rgb255=120,78,34
52 4 rgb255=131,87,41
53 4 rgb255=145,99,52
54 4 rgb255=144,101,57
55 4 rgb255=137,94,54
56 4 rgb255=127,83,48
57 4 rgb255=126,82,51
58 4 rgb255=139,94,60
59 4 rgb255=153,108,69
60 4 rgb255=149,104,63
61 4 rgb255=140,95,53
62 4 rgb255=135,91,46
63 4 rgb255=147,103,57
64 4 rgb255=148,105,59
65 4 rgb255=149,108,62
66 4 rgb255=149,109,63
67 4 rgb255=137,101,54
68 4 rgb255=143,107,57
69 4 rgb255=203,167,102
70 4 rgb255=206,173,105
71 4 rgb255=124,93,49
72 4 rgb255=71,48,26
73 4 rgb255=255,255,255
74 4 rgb255=255,255,255
75 4 rgb255=255,255,255
76 4 rgb255=255,255,255
77 4 rgb255=255,255,255
78 4 rgb255=255,255,255
79 4 rgb255=255,255,255
80 4 rgb255=255,255,255
81 4 rgb255=255,255,255
82 4 rgb255=169,201,132
83 4 rgb255=169,201,131
84 4 rgb255=182,215,143
85 4 rgb255=192,225,152
86 4 rgb255=197,230,161
87 4 rgb255=192,226,159
88 4 rgb255=189,223,157
89 4 rgb255=188,222,156
90 4 rgb255=181,214,149
91 4 rgb255=170,201,139
92 4 rgb255=166,197,131
93 4 rgb255=131,158,111
94 4 rgb255=25,47,25
95 4 rgb255=89,112,88
96 4 rgb255=146,174,129
97 4 rgb255=90,108,88
98 4 rgb255=34,45,45
99 4 rgb255=69,87,62
100 4 rgb255=126,156,97
101 4 rgb255=133,168,109
102 4 rgb255=148,183,127
103 4 rgb255=143,178,121
104 4 rgb255=129,164,108
105 4 rgb255=104,137,83
106 4 rgb255=89,117,78
107 4 rgb255=105,133,102
108 4 rgb255=119,150,105
109 4 rgb255=115,151,94
110 4 rgb255=118,153,97
111 4 rgb255=117,149,93
112 4 rgb255=109,139,95
113 4 rgb255=124,158,105
114 4 rgb255=255,255,255
115 4 rgb255=255,255,255
116 4 rgb255=255,255,255
117 4 rgb255=255,255,255
118 4 rgb255=255,255,255
119 4 rgb255=255,255,255
120 4 rgb255=255,255,255
121 4 rgb255=255,255,255
122 4 rgb255=255,255,255
123 4 rgb255=115,173,210
124 4 rgb255=111,169,210
125 4 rgb255=101,149,187
126 4 rgb255=72,100,120
127 4 rgb255=66,91,106
128 4 rgb255=78,93,98
129 4 rgb255=108,129,150
130 4 rgb255=196,215,231
131 4 rgb255=218,233,244
132 4 rgb255=220,235,246
133 4 rgb255=225,238,247
134 4 rgb255=226,239,248
135 4 rgb255=232,240,248
136 4 rgb255=234,239,246
137 4 rgb255=235,239,245
138 4 rgb255=236,239,246
139 4 rgb255=233,238,245
140 4 rgb255=233,237,243
141 4 rgb255=231,236,241
142 4 rgb255=227,236,244
143 4 rgb255=217,231,244
144 4 rgb255=205,224,243
145 4 rgb255=175,203,226
146 4 rgb255=127,163,190
147 4 rgb255=51,97,123
148 4 rgb255=21,71,92
149 4 rgb255=18,69,97
150 4 rgb255=14,74,105
151 4 rgb255=22,87,122
152 4 rgb255=26,94,135
153 4 rgb255=28,96,138
154 4 rgb255=29,97,139
155 4 rgb255=255,255,255
156 4 rgb255=255,255,255
157 4 rgb255=255,255,255
158 4 rgb255=255,255,255
159 4 rgb255=255,255,255
160 4 rgb255=255,255,255
161 4 rgb255=255,255,255
162 4 rgb255=255,255,255
163 4 rgb255=255,255,255
164 4 rgb255=174,164,170
165 4 rgb255=141,137,150
166 4 rgb255=44,46,56
167 4 rgb255=43,41,48
168 4 rgb255=57,51,57
169 4 rgb255=52,46,53
170 4 rgb255=44,37,44
171 4 rgb255=48,37,46
172 4 rgb255=79,69,75
173 4 rgb255=173,172,168
174 4 rgb255=217,202,194
175 4 rgb255=166,137,137
176 4 rgb255=97,92,108
177 4 rgb255=79,80,90
178 4 rgb255=96,99,107
179 4 rgb255=75,78,95
180 4 rgb255=82,90,109
181 4 rgb255=125,135,148
182 4 rgb255=37,43,54
183 4 rgb255=43,46,65
184 4 rgb255=79,80,100
185 4 rgb255=73,74,92
186 4 rgb255=72,70,89
187 4 rgb255=84,78,98
188 4 rgb255=87,85,105
189 4 rgb255=94,93,106
190 4 rgb255=72,64,67
191 4 rgb255=43,34,33
192 4 rgb255=34,33,37
193 4 rgb255=103,108,123
194 4 rgb255=95,98,111
195 4 rgb255=124,123,133
0 3 rgb255=66,60,58
1 3 rgb255=70,56,55
2 3 rgb255=79,65,60
3 3 rgb255=79,71,62
4 3 rgb255=89,78,74
5 3 rgb255=112,98,97
6 3 rgb255=108,98,96
7 3 rgb255=85,79,75
8 3 rgb255=81,79,74
9 3 rgb255=74,72,65
10 3 rgb255=71,63,55
11 3 rgb255=91,76,68
12 3 rgb255=89,75,65
13 3 rgb255=79,75,58
14 3 rgb255=68,67,55
15 3 rgb255=83,79,74
16 3 rgb255=92,86,79
17 3 rgb255=105,96,87
18 3 rgb255=102,91,81
19 3 rgb255=105,97,89
20 3 rgb255=108,106,102
21 3 rgb255=98,93,87
22 3 rgb255=82,74,65
23 3 rgb255=136,124,113
24 3 rgb255=144,132,118
25 3 rgb255=127,115,102
26 3 rgb255=113,99,96
27 3 rgb255=132,119,114
28 3 rgb255=133,122,100
29 3 rgb255=120,118,65
30 3 rgb255=114,131,36
31 3 rgb255=101,122,20
32 3 rgb255=255,255,255
33 3 rgb255=255,255,255
34 3 rgb255=255,255,255
35 3 rgb255=255,255,255
36 3 rgb255=255,255,255
37 3 rgb255=255,255,255
38 3 rgb255=255,255,255
39 3 rgb255=255,255,255
40 3 rgb255=255,255,255
41 3 rgb255=220,182,91
42 3 rgb255=201,150,22
43 3 rgb255=186,148,24
44 3 rgb255=172,139,28
45 3 rgb255=156,120,26
46 3 rgb255=142,103,30
47 3 rgb255=142,100,51
48 3 rgb255=153,108,75
49 3 rgb255=150,105,73
50 3 rgb255=139,98,57
51 3 rgb255=126,88,38
52 3 rgb255=136,92,47
53 3 rgb255=148,102,62
54 3 rgb255=141,101,60
55 3 rgb255=131,89,51
56 3 rgb255=126,82,49
57 3 rgb255=127,81,51
58 3 rgb255=138,88,52
59 3 rgb255=150,100,60
60 3 rgb255=154,104,65
61 3 rgb255=149,101,60
62 3 rgb255=124,78,36
63 3 rgb255=126,85,41
64 3 rgb255=141,101,55
65 3 rgb255=145,107,61
66 3 rgb255=147,112,68
67 3 rgb255=127,101,59
68 3 rgb255=114,87,46
69 3 rgb255=186,155,98
70 3 rgb255=173,144,87
71 3 rgb255=56,29,9
72 3 rgb255=33,19,9
73 3 rgb255=255,255,255
74 3 rgb255=255,255,255
75 3 rgb255=255,255,255
76 3 rgb255=255,255,255
77 3 rgb255=255,255,255
78 3 rgb255=255,255,255
79 3 rgb255=255,255,255
80 3 rgb255=255,255,255
81 3 rgb255=255,255,255
82 3 rgb255=158,191,127
83 3 rgb255=153,187,122
84 3 rgb255=164,197,133
85 3 rgb255=176,209,144
86 3 rgb255=186,218,151
87 3 rgb255=183,215,148
88 3 rgb255=183,214,149
89 3 rgb255=186,217,153
90 3 rgb255=178,208,146
91 3 rgb255=165,192,134
92 3 rgb255=155,180,127
93 3 rgb255=108,131,92
94 3 rgb255=48,68,45
95 3 rgb255=106,127,104
96 3 rgb255=136,169,122
97 3 rgb255=121,153,109
98 3 rgb255=73,100,66
99 3 rgb255=79,104,68
100 3 rgb255=114,142,97
101 3 rgb255=121,158,105
102 3 rgb255=139,177,123
103 3 rgb255=136,173,120
104 3 rgb255=133,171,118
105 3 rgb255=127,164,111
106 3 rgb255=136,171,118
107 3 rgb255=130,165,114
108 3 rgb255=131,167,114
109 3 rgb255=125,162,108
110 3 rgb255=110,148,93
111 3 rgb255=121,160,102
112 3 rgb255=118,157,101
113 3 rgb255=128,168,110
114 3 rgb255=255,255,255
115 3 rgb255=255,255,255
116 3 rgb255=255,255,255
117 3 rgb255=255,255,255
118 3 rgb255=255,255,255
119 3 rgb255=255,255,255
120 3 rgb255=255,255,255
121 3 rgb255=255,255,255
122 3 rgb255=255,255,255
123 3 rgb255=140,188,221
124 3 rgb255=135,185,218
125 3 rgb255=130,170,203
126 3 rgb255=108,111,136
127 3 rgb255=78,93,120
128 3 rgb255=84,108,126
129 3 rgb255=169,191,201
130 3 rgb255=214,228,243
131 3 rgb255=213,229,242
132 3 rgb255=211,228,241
133 3 rgb255=208,226,241
134 3 rgb255=214,230,243
135 3 rgb255=227,236,243
136 3 rgb255=227,236,243
137 3 rgb255=231,235,244
138 3 rgb255=233,238,247
139 3 rgb255=236,240,247
140 3 rgb255=236,241,247
141 3 rgb255=233,239,244
142 3 rgb255=226,237,245
143 3 rgb255=216,230,244
144 3 rgb255=205,223,243
145 3 rgb255=191,217,239
146 3 rgb255=166,198,223
147 3 rgb255=85,124,148
148 3 rgb255=24,70,92
149 3 rgb255=17,67,94
150 3 rgb255=17,76,108
151 3 rgb255=21,86,123
152 3 rgb255=26,93,135
153 3 rgb255=27,94,136
154 3 rgb255=27,94,136
155 3 rgb255=255,255,255
156 3 rgb255=255,255,255
157 3 rgb255=255,255,255
158 3 rgb255=255,255,255
159 3 rgb255=255,255,255
160 3 rgb255=255,255,255
161 3 rgb255=255,255,255
162 3 rgb255=255,255,255
163 3 rgb255=255,255,255
164 3 rgb255=164,155,160
165 3 rgb255=141,139,152
166 3 rgb255=115,119,132
167 3 rgb255=113,113,121
168 3 rgb255=116,108,117
169 3 rgb255=114,105,115
170 3 rgb255=113,108,118
171 3 rgb255=116,112,124
172 3 rgb255=124,123,134
173 3 rgb255=149,156,159
174 3 rgb255=160,156,156
175 3 rgb255=142,128,133
176 3 rgb255=98,100,116
177 3 rgb255=40,44,56
178 3 rgb255=21,23,35
179 3 rgb255=55,56,74
180 3 rgb255=108,114,132
181 3 rgb255=119,126,140
182 3 rgb255=46,49,61
183 3 rgb255=45,44,60
184 3 rgb255=69,71,92
185 3 rgb255=71,74,96
186 3 rgb255=69,71,92
187 3 rgb255=75,76,96
188 3 rgb255=79,82,101
189 3 rgb255=118,121,135
190 3 rgb255=86,81,87
191 3 rgb255=85,78,78
192 3 rgb255=31,27,29
193 3 rgb255=77,77,84
194 3 rgb255=68,66,73
195 3 rgb255=94,88,94
0 2 rgb255=55,54,51
1 2 rgb255=67,57,54
2 2 rgb255=73,64,57
3 2 rgb255=75,70,60
4 2 rgb255=84,79,73
5 2 rgb255=87,81,78
6 2 rgb255=88,84,80
7 2 rgb255=88,87,81
8 2 rgb255=84,85,79
9 2 rgb255=61,59,51
10 2 rgb255=67,58,50
11 2 rgb255=84,71,62
12 2 rgb255=83,70,60
13 2 rgb255=74,65,51
14 2 rgb255=85,78,69
15 2 rgb255=101,92,89
16 2 rgb255=112,102,96
17 2 rgb255=102,89,81
18 2 rgb255=104,88,79
19 2 rgb255=105,91,84
20 2 rgb255=101,91,87
21 2 rgb255=97,86,81
22 2 rgb255=105,92,85
23 2 rgb255=127,112,104
24 2 rgb255=109,95,82
25 2 rgb255=101,89,72
26 2 rgb255=90,77,69
27 2 rgb255=122,109,103
28 2 rgb255=125,113,98
29 2 rgb255=93,87,49
30 2 rgb255=101,116,34
31 2 rgb255=103,123,30
32 2 rgb255=255,255,255
33 2 rgb255=255,255,255
34 2 rgb255=255,255,255
35 2 rgb255=255,255,255
36 2 rgb255=255,255,255
37 2 rgb255=255,255,255
38 2 rgb255=255,255,255
39 2 rgb255=255,255,255
40 2 rgb255=255,255,255
41 2 rgb255=208,170,96
42 2 rgb255=201,153,34
43 2 rgb255=198,161,26
44 2 rgb255=191,157,27
45 2 rgb255=183,146,34
46 2 rgb255=171,135,32
47 2 rgb255=159,121,42
48 2 rgb255=147,107,52
49 2 rgb255=135,95,49
50 2 rgb255=130,87,46
51 2 rgb255=139,93,57
52 2 rgb255=147,98,62
53 2 rgb255=144,95,55
54 2 rgb255=145,99,57
55 2 rgb255=137,91,51
56 2 rgb255=136,89,52
57 2 rgb255=137,90,54
58 2 rgb255=148,102,58
59 2 rgb255=152,106,60
60 2 rgb255=150,103,61
61 2 rgb255=155,110,64
62 2 rgb255=138,94,46
63 2 rgb255=120,76,33
64 2 rgb255=128,84,39
65 2 rgb255=142,102,58
66 2 rgb255=135,103,62
67 2 rgb255=90,69,40
68 2 rgb255=50,24,11
69 2 rgb255=137,105,60
70 2 rgb255=160,133,70
71 2 rgb255=56,31,7
72 2 rgb255=53,34,20
73 2 rgb255=255,255,255
74 2 rgb255=255,255,255
75 2 rgb255=255,255,255
76 2 rgb255=255,255,255
77 2 rgb255=255,255,255
78 2 rgb255=255,255,255
79 2 rgb255=255,255,255
80 2 rgb255=255,255,255
81 2 rgb255=255,255,255
82 2 rgb255=142,176,118
83 2 rgb255=142,176,118
84 2 rgb255=150,184,127
85 2 rgb255=154,188,130
86 2 rgb255=155,186,126
87 2 rgb255=148,178,117
88 2 rgb255=151,181,121
89 2 rgb255=158,189,129
90 2 rgb255=164,195,136
91 2 rgb255=152,182,126
92 2 rgb255=147,176,125
93 2 rgb255=121,149,105
94 2 rgb255=105,131,96
95 2 rgb255=136,163,129
96 2 rgb255=138,174,125
97 2 rgb255=134,171,120
98 2 rgb255=121,153,108
99 2 rgb255=131,159,118
100 2 rgb255=145,173,132
101 2 rgb255=138,173,123
102 2 rgb255=142,179,127
103 2 rgb255=140,177,125
104 2 rgb255=143,179,128
105 2 rgb255=133,170,118
106 2 rgb255=128,165,110
107 2 rgb255=123,160,105
108 2 rgb255=131,169,114
109 2 rgb255=138,175,121
110 2 rgb255=131,169,115
111 2 rgb255=134,175,119
112 2 rgb255=128,168,112
113 2 rgb255=134,175,119
114 2 rgb255=255,255,255
115 2 rgb255=255,255,255
116 2 rgb255=255,255,255
117 2 rgb255=255,255,255
118 2 rgb255=255,255,255
119 2 rgb255=255,255,255
120 2 rgb255=255,255,255
121 2 rgb255=255,255,255
122 2 rgb255=255,255,255
123 2 rgb255=174,208,235
124 2 rgb255=171,206,229
125 2 rgb255=155,189,216
126 2 rgb255=120,126,152
127 2 rgb255=115,128,153
128 2 rgb255=150,179,200
129 2 rgb255=196,218,231
130 2 rgb255=208,223,238
131 2 rgb255=211,226,239
132 2 rgb255=210,226,239
133 2 rgb255=208,225,239
134 2 rgb255=212,228,240
135 2 rgb255=226,235,243
136 2 rgb255=230,238,245
137 2 rgb255=234,238,247
138 2 rgb255=235,240,248
139 2 rgb255=236,240,247
140 2 rgb255=235,240,246
141 2 rgb255=233,238,244
142 2 rgb255=226,237,245
143 2 rgb255=214,228,242
144 2 rgb255=203,221,241
145 2 rgb255=198,221,242
146 2 rgb255=180,208,231
147 2 rgb255=121,154,178
148 2 rgb255=50,90,114
149 2 rgb255=22,72,100
150 2 rgb255=21,80,116
151 2 rgb255=23,87,128
152 2 rgb255=27,94,136
153 2 rgb255=29,96,137
154 2 rgb255=28,94,136
155 2 rgb255=255,255,255
156 2 rgb255=255,255,255
157 2 rgb255=255,255,255
158 2 rgb255=255,255,255
159 2 rgb255=255,255,255
160 2 rgb255=255,255,255
161 2 rgb255=255,255,255
162 2 rgb255=255,255,255
163 2 rgb255=255,255,255
164 2 rgb255=175,167,166
165 2 rgb255=156,154,160
166 2 rgb255=154,160,170
167 2 rgb255=147,153,163
168 2 rgb255=155,153,165
169 2 rgb255=161,154,171
170 2 rgb255=160,163,180
171 2 rgb255=167,173,186
172 2 rgb255=165,165,174
173 2 rgb255=152,152,160
174 2 rgb255=163,162,170
175 2 rgb255=164,163,172
176 2 rgb255=133,138,152
177 2 rgb255=61,67,81
178 2 rgb255=40,45,59
179 2 rgb255=60,66,81
180 2 rgb255=81,89,102
181 2 rgb255=100,109,119
182 2 rgb255=65,69,78
183 2 rgb255=59,60,67
184 2 rgb255=62,64,77
185 2 rgb255=51,53,69
186 2 rgb255=44,43,57
187 2 rgb255=39,36,47
188 2 rgb255=43,44,57
189 2 rgb255=102,108,122
190 2 rgb255=55,56,64
191 2 rgb255=32,26,29
192 2 rgb255=23,14,14
193 2 rgb255=42,34,36
194 2 rgb255=61,53,57
195 2 rgb255=93,83,91
0 1 rgb255=55,54,51
1 1 rgb255=62,53,50
2 1 rgb255=68,59,52
3 1 rgb255=72,68,58
4 1 rgb255=75,74,66
5 1 rgb255=53,52,47
6 1 rgb255=59,58,53
7 1 rgb255=91,91,85
8 1 rgb255=93,92,87
9 1 rgb255=87,82,75
10 1 rgb255=92,83,75
11 1 rgb255=92,81,72
12 1 rgb255=84,70,60
13 1 rgb255=75,59,46
14 1 rgb255=91,77,69
15 1 rgb255=101,89,87
16 1 rgb255=101,87,83
17 1 rgb255=100,83,76
18 1 rgb255=105,86,79
19 1 rgb255=95,77,70
20 1 rgb255=97,81,76
21 1 rgb255=97,81,76
22 1 rgb255=115,100,94
23 1 rgb255=125,110,104
24 1 rgb255=116,102,91
25 1 rgb255=102,91,71
26 1 rgb255=84,71,59
27 1 rgb255=100,87,80
28 1 rgb255=104,90,81
29 1 rgb255=69,62,38
30 1 rgb255=81,93,29
31 1 rgb255=99,117,35
32 1 rgb255=255,255,255
33 1 rgb255=255,255,255
34 1 rgb255=255,255,255
35 1 rgb255=255,255,255
36 1 rgb255=255,255,255
37 1 rgb255=255,255,255
38 1 rgb255=255,255,255
39 1 rgb255=255,255,255
40 1 rgb255=255,255,255
41 1 rgb255=180,139,96
42 1 rgb255=173,123,42
43 1 rgb255=186,144,30
44 1 rgb255=194,153,25
45 1 rgb255=198,158,34
46 1 rgb255=201,164,36
47 1 rgb255=189,153,32
48 1 rgb255=173,137,32
49 1 rgb255=156,118,38
50 1 rgb255=139,99,38
51 1 rgb255=142,97,49
52 1 rgb255=145,97,56
53 1 rgb255=141,92,52
54 1 rgb255=141,93,52
55 1 rgb255=139,91,51
56 1 rgb255=140,91,53
57 1 rgb255=143,95,58
58 1 rgb255=139,99,60
59 1 rgb255=138,98,60
60 1 rgb255=143,96,56
61 1 rgb255=146,93,43
62 1 rgb255=135,84,33
63 1 rgb255=117,80,38
64 1 rgb255=112,72,29
65 1 rgb255=122,81,39
66 1 rgb255=104,67,30
67 1 rgb255=58,31,11
68 1 rgb255=34,5,0
69 1 rgb255=131,94,57
70 1 rgb255=184,148,94
71 1 rgb255=97,62,34
72 1 rgb255=83,53,34
73 1 rgb255=255,255,255
74 1 rgb255=255,255,255
75 1 rgb255=255,255,255
76 1 rgb255=255,255,255
77 1 rgb255=255,255,255
78 1 rgb255=255,255,255
79 1 rgb255=255,255,255
80 1 rgb255=255,255,255
81 1 rgb255=255,255,255
82 1 rgb255=140,176,124
83 1 rgb255=145,180,129
84 1 rgb255=150,186,134
85 1 rgb255=142,177,125
86 1 rgb255=139,171,118
87 1 rgb255=128,159,106
88 1 rgb255=131,163,108
89 1 rgb255=148,179,124
90 1 rgb255=161,193,137
91 1 rgb255=152,189,133
92 1 rgb255=155,192,138
93 1 rgb255=145,182,129
94 1 rgb255=132,169,117
95 1 rgb255=145,182,131
96 1 rgb255=142,180,127
97 1 rgb255=142,178,127
98 1 rgb255=138,170,125
99 1 rgb255=149,177,136
100 1 rgb255=154,181,140
101 1 rgb255=140,172,125
102 1 rgb255=144,176,128
103 1 rgb255=138,171,122
104 1 rgb255=126,158,110
105 1 rgb255=119,152,103
106 1 rgb255=120,156,105
107 1 rgb255=124,162,109
108 1 rgb255=130,167,114
109 1 rgb255=145,183,128
110 1 rgb255=142,180,126
111 1 rgb255=131,170,119
112 1 rgb255=130,170,119
113 1 rgb255=122,162,111
114 1 rgb255=255,255,255
115 1 rgb255=255,255,255
116 1 rgb255=255,255,255
117 1 rgb255=255,255,255
118 1 rgb255=255,255,255
119 1 rgb255=255,255,255
120 1 rgb255=255,255,255
121 1 rgb255=255,255,255
122 1 rgb255=255,255,255
123 1 rgb255=194,221,244
124 1 rgb255=189,215,239
125 1 rgb255=159,196,225
126 1 rgb255=130,170,203
127 1 rgb255=159,190,217
128 1 rgb255=198,224,238
129 1 rgb255=204,224,240
130 1 rgb255=210,229,244
131 1 rgb255=216,230,244
132 1 rgb255=221,233,244
133 1 rgb255=225,236,244
134 1 rgb255=226,236,245
135 1 rgb255=230,237,244
136 1 rgb255=232,239,245
137 1 rgb255=235,240,247
138 1 rgb255=237,242,250
139 1 rgb255=239,244,251
140 1 rgb255=238,242,250
141 1 rgb255=234,240,247
142 1 rgb255=225,236,247
143 1 rgb255=209,227,241
144 1 rgb255=202,223,242
145 1 rgb255=201,223,245
146 1 rgb255=191,217,238
147 1 rgb255=167,199,219
148 1 rgb255=114,154,177
149 1 rgb255=44,94,125
150 1 rgb255=22,79,117
151 1 rgb255=25,88,129
152 1 rgb255=30,95,138
153 1 rgb255=30,96,139
154 1 rgb255=30,95,140
155 1 rgb255=255,255,255
156 1 rgb255=255,255,255
157 1 rgb255=255,255,255
158 1 rgb255=255,255,255
159 1 rgb255=255,255,255
160 1 rgb255=255,255,255
161 1 rgb255=255,255,255
162 1 rgb255=255,255,255
163 1 rgb255=255,255,255
164 1 rgb255=165,154,128
165 1 rgb255=156,152,130
166 1 rgb255=159,161,142
167 1 rgb255=131,130,127
168 1 rgb255=94,88,95
169 1 rgb255=102,92,104
170 1 rgb255=108,107,120
171 1 rgb255=128,129,137
172 1 rgb255=154,149,152
173 1 rgb255=156,151,154
174 1 rgb255=182,177,179
175 1 rgb255=179,175,179
176 1 rgb255=125,129,135
177 1 rgb255=83,89,95
178 1 rgb255=88,93,99
179 1 rgb255=63,69,75
180 1 rgb255=43,51,61
181 1 rgb255=75,83,94
182 1 rgb255=58,62,71
183 1 rgb255=45,47,52
184 1 rgb255=35,37,44
185 1 rgb255=21,22,30
186 1 rgb255=14,12,18
187 1 rgb255=11,6,9
188 1 rgb255=14,13,20
189 1 rgb255=59,64,77
190 1 rgb255=49,49,58
191 1 rgb255=54,48,52
192 1 rgb255=81,72,73
193 1 rgb255=103,93,96
194 1 rgb255=123,114,120
195 1 rgb255=131,121,131
0 0 rgb255=58,53,51
1 0 rgb255=59,46,44
2 0 rgb255=58,45,40
3 0 rgb255=68,60,51
4 0 rgb255=76,75,67
5 0 rgb255=64,64,58
6 0 rgb255=67,65,60
7 0 rgb255=79,75,71
8 0 rgb255=83,78,73
9 0 rgb255=95,87,82
10 0 rgb255=102,92,85
11 0 rgb255=104,95,85
12 0 rgb255=95,81,71
13 0 rgb255=79,57,47
14 0 rgb255=96,79,73
15 0 rgb255=92,83,80
16 0 rgb255=66,54,49
17 0 rgb255=86,72,65
18 0 rgb255=99,83,75
19 0 rgb255=93,76,67
20 0 rgb255=91,75,67
21 0 rgb255=88,73,66
22 0 rgb255=108,95,89
23 0 rgb255=112,100,96
24 0 rgb255=117,106,98
25 0 rgb255=102,91,75
26 0 rgb255=87,75,63
27 0 rgb255=91,79,70
28 0 rgb255=91,78,71
29 0 rgb255=77,68,53
30 0 rgb255=66,75,29
31 0 rgb255=83,99,31
32 0 rgb255=255,255,255
33 0 rgb255=255,255,255
34 0 rgb255=255,255,255
35 0 rgb255=255,255,255
36 0 rgb255=255,255,255
37 0 rgb255=255,255,255
38 0 rgb255=255,255,255
39 0 rgb255=255,255,255
40 0 rgb255=255,255,255
41 0 rgb255=177,144,116
42 0 rgb255=168,129,94
43 0 rgb255=179,142,87
44 0 rgb255=188,149,67
45 0 rgb255=202,168,68
46 0 rgb255=218,189,76
47 0 rgb255=218,191,72
48 0 rgb255=207,181,70
49 0 rgb255=191,163,79
50 0 rgb255=175,143,82
51 0 rgb255=166,132,86
52 0 rgb255=163,128,92
53 0 rgb255=163,127,94
54 0 rgb255=161,123,92
55 0 rgb255=153,114,84
56 0 rgb255=159,120,90
57 0 rgb255=162,124,93
58 0 rgb255=149,116,91
59 0 rgb255=140,104,83
60 0 rgb255=148,103,77
61 0 rgb255=161,105,69
62 0 rgb255=144,95,55
63 0 rgb255=112,90,59
64 0 rgb255=119,91,58
65 0 rgb255=130,96,65
66 0 rgb255=120,87,59
67 0 rgb255=92,67,46
68 0 rgb255=103,78,57
69 0 rgb255=170,140,104
70 0 rgb255=216,184,140
71 0 rgb255=151,118,84
72 0 rgb255=123,92,72
73 0 rgb255=255,255,255
74 0 rgb255=255,255,255
75 0 rgb255=255,255,255
76 0 rgb255=255,255,255
77 0 rgb255=255,255,255
78 0 rgb255=255,255,255
79 0 rgb255=255,255,255
80 0 rgb255=255,255,255
81 0 rgb255=255,255,255
82 0 rgb255=134,171,123
83 0 rgb255=136,171,124
84 0 rgb255=136,171,124
85 0 rgb255=125,160,114
86 0 rgb255=132,165,120
87 0 rgb255=131,163,117
88 0 rgb255=134,167,117
89 0 rgb255=147,180,127
90 0 rgb255=154,189,134
91 0 rgb255=145,186,131
92 0 rgb255=140,183,127
93 0 rgb255=139,182,124
94 0 rgb255=139,183,121
95 0 rgb255=141,184,123
96 0 rgb255=135,174,120
97 0 rgb255=132,167,118
98 0 rgb255=125,156,111
99 0 rgb255=132,159,119
100 0 rgb255=137,163,124
101 0 rgb255=117,145,102
102 0 rgb255=135,162,118
103 0 rgb255=133,161,117
104 0 rgb255=106,133,89
105 0 rgb255=98,127,83
106 0 rgb255=118,152,107
107 0 rgb255=121,157,110
108 0 rgb255=112,148,97
109 0 rgb255=130,167,113
110 0 rgb255=132,170,117
111 0 rgb255=106,144,100
112 0 rgb255=104,142,99
113 0 rgb255=101,140,96
114 0 rgb255=255,255,255
115 0 rgb255=255,255,255
116 0 rgb255=255,255,255
117 0 rgb255=255,255,255
118 0 rgb255=255,255,255
119 0 rgb255=255,255,255
120 0 rgb255=255,255,255
121 0 rgb255=255,255,255
122 0 rgb255=255,255,255
123 0 rgb255=193,217,237
124 0 rgb255=181,208,230
125 0 rgb255=168,201,227
126 0 rgb255=173,206,233
127 0 rgb255=199,223,241
128 0 rgb255=208,226,238
129 0 rgb255=210,229,241
130 0 rgb255=213,230,243
131 0 rgb255=216,229,243
132 0 rgb255=223,232,242
133 0 rgb255=226,235,242
134 0 rgb255=228,236,243
135 0 rgb255=231,236,242
136 0 rgb255=231,236,242
137 0 rgb255=233,238,244
138 0 rgb255=234,239,246
139 0 rgb255=233,239,248
140 0 rgb255=230,236,245
141 0 rgb255=225,233,244
142 0 rgb255=214,227,242
143 0 rgb255=197,219,234
144 0 rgb255=188,212,232
145 0 rgb255=185,211,236
146 0 rgb255=176,207,233
147 0 rgb255=164,202,224
148 0 rgb255=139,182,208
149 0 rgb255=63,111,145
150 0 rgb255=25,80,116
151 0 rgb255=28,89,128
152 0 rgb255=31,94,136
153 0 rgb255=32,94,137
154 0 rgb255=32,94,138
155 0 rgb255=255,255,255
156 0 rgb255=255,255,255
157 0 rgb255=255,255,255
158 0 rgb255=255,255,255
159 0 rgb255=255,255,255
160 0 rgb255=255,255,255
161 0 rgb255=255,255,255
162 0 rgb255=255,255,255
163 0 rgb255=255,255,255
164 0 rgb255=163,148,120
165 0 rgb255=158,148,122
166 0 rgb255=163,156,133
167 0 rgb255=145,135,125
168 0 rgb255=43,32,32
169 0 rgb255=19,9,12
170 0 rgb255=20,14,19
171 0 rgb255=74,68,70
172 0 rgb255=134,125,122
173 0 rgb255=119,110,107
174 0 rgb255=110,101,99
175 0 rgb255=99,93,91
176 0 rgb255=61,63,62
177 0 rgb255=27,31,30
178 0 rgb255=18,21,20
179 0 rgb255=17,20,21
180 0 rgb255=25,34,42
181 0 rgb255=29,37,48
182 0 rgb255=16,20,28
183 0 rgb255=5,6,11
184 0 rgb255=6,6,11
185 0 rgb255=10,9,12
186 0 rgb255=25,22,22
187 0 rgb255=51,45,42
188 0 rgb255=68,64,67
189 0 rgb255=90,90,101
190 0 rgb255=116,113,122
191 0 rgb255=134,127,133
192 0 rgb255=140,130,136
193 0 rgb255=143,133,139
194 0 rgb255=143,134,142
195 0 rgb255=143,133,144
